,RPT_DT,_c1
0,12/30/2015,39
1,08/11/2011,40
2,08/07/2007,46
3,03/13/2007,44
4,09/29/2006,42
5,02/17/2015,39
6,04/28/2013,39
7,05/11/2014,39
8,07/22/2012,39
9,01/02/2009,39
10,11/08/2008,39
11,10/30/2006,38
12,02/24/2008,41
13,10/19/2009,39
14,10/23/2013,42
15,11/12/2012,37
16,03/06/2014,40
17,05/15/2010,40
18,01/28/2016,36
19,07/18/2008,43
20,08/11/2012,43
21,11/12/2013,41
22,10/27/2010,41
23,07/18/2009,41
24,01/06/2006,41
25,03/13/2008,43
26,12/30/2016,41
27,04/28/2014,41
28,01/10/2010,38
29,10/23/2014,38
30,06/04/2010,45
31,03/06/2015,43
32,02/17/2016,41
33,05/15/2011,41
34,02/24/2009,42
35,08/07/2008,42
36,10/30/2007,39
37,11/08/2009,42
38,09/29/2007,39
39,05/11/2015,41
40,07/22/2013,40
41,05/15/2012,36
42,10/30/2008,38
43,08/07/2009,44
44,09/29/2008,39
45,08/11/2013,40
46,04/28/2015,40
47,07/26/2010,41
48,01/10/2011,41
49,11/16/2010,41
50,05/11/2016,42
51,07/22/2014,41
52,06/04/2011,44
53,03/13/2009,38
54,01/06/2007,41
55,02/28/2006,44
56,10/23/2015,41
57,11/12/2014,44
58,03/06/2016,41
59,10/27/2011,41
60,06/04/2012,37
61,03/17/2006,40
62,05/15/2013,41
63,11/12/2015,39
64,07/22/2015,43
65,05/22/2006,41
66,10/27/2012,43
67,08/15/2010,42
68,01/06/2008,39
69,10/30/2009,46
70,09/29/2009,39
71,07/26/2011,41
72,02/28/2007,42
73,04/28/2016,37
74,08/11/2014,40
75,01/10/2012,42
76,11/16/2011,42
77,10/23/2016,41
78,05/22/2007,44
79,11/12/2016,40
80,10/01/2006,41
81,07/22/2016,40
82,06/04/2013,40
83,01/10/2013,41
84,08/15/2011,43
85,03/17/2007,43
86,05/15/2014,43
87,10/27/2013,41
88,07/26/2012,46
89,02/28/2008,39
90,01/06/2009,41
91,06/11/2006,43
92,11/16/2012,41
93,08/11/2015,38
94,05/19/2010,40
95,02/28/2009,40
96,06/11/2007,41
97,11/23/2006,34
98,10/01/2007,40
99,05/19/2011,40
100,08/11/2016,43
101,06/04/2014,41
102,05/22/2008,40
103,01/10/2014,41
104,11/16/2013,42
105,06/08/2010,41
106,07/26/2013,43
107,01/14/2010,42
108,08/15/2012,40
109,12/03/2010,40
110,05/15/2015,40
111,10/27/2014,39
112,03/17/2008,40
113,06/11/2008,44
114,07/26/2014,45
115,06/08/2011,39
116,05/19/2012,39
117,11/16/2014,41
118,09/02/2010,43
119,01/10/2015,43
120,06/04/2015,42
121,04/04/2006,39
122,05/22/2009,41
123,10/01/2008,42
124,11/23/2007,38
125,08/15/2013,42
126,03/17/2009,42
127,01/14/2011,41
128,05/15/2016,36
129,12/03/2011,44
130,10/27/2015,41
131,06/11/2009,42
132,05/26/2006,41
133,06/08/2012,43
134,07/26/2015,40
135,05/30/2010,40
136,08/15/2014,40
137,10/27/2016,37
138,11/16/2015,37
139,05/19/2013,40
140,04/04/2007,43
141,01/10/2016,39
142,08/19/2010,46
143,09/02/2011,44
144,11/23/2008,41
145,10/01/2009,43
146,06/04/2016,41
147,01/14/2012,44
148,12/03/2012,39
149,04/04/2008,42
150,12/10/2006,43
151,08/20/2006,39
152,06/15/2006,42
153,08/15/2015,40
154,10/05/2006,42
155,06/08/2013,42
156,05/30/2011,39
157,07/26/2016,39
158,01/14/2013,40
159,12/03/2013,38
160,05/26/2007,41
161,02/01/2010,40
162,05/19/2014,37
163,11/16/2016,39
164,08/19/2011,39
165,09/02/2012,39
166,11/23/2009,42
167,08/19/2012,41
168,09/02/2013,40
169,11/27/2006,42
170,10/05/2007,40
171,04/04/2009,44
172,08/20/2007,45
173,06/15/2007,41
174,08/15/2016,38
175,12/03/2014,38
176,01/14/2014,41
177,05/26/2008,41
178,06/08/2014,40
179,05/30/2012,42
180,03/19/2006,37
181,03/23/2010,41
182,01/18/2010,38
183,02/01/2011,40
184,12/07/2010,43
185,05/19/2015,41
186,12/10/2007,39
187,02/01/2012,47
188,12/07/2011,43
189,03/23/2011,43
190,01/18/2011,39
191,05/19/2016,39
192,08/19/2013,42
193,09/02/2014,41
194,12/10/2008,40
195,08/20/2008,46
196,06/15/2008,38
197,04/12/2010,37
198,03/19/2007,41
199,12/03/2015,42
200,01/14/2015,38
201,05/26/2009,41
202,04/08/2006,43
203,09/06/2010,44
204,10/05/2008,40
205,11/27/2007,39
206,06/08/2015,43
207,05/30/2013,40
208,12/10/2009,41
209,10/05/2009,41
210,11/27/2008,37
211,12/07/2012,40
212,04/12/2011,41
213,03/23/2012,40
214,01/18/2012,45
215,02/01/2013,42
216,05/01/2010,43
217,09/02/2015,41
218,08/19/2014,40
219,03/19/2008,41
220,06/08/2016,38
221,07/02/2006,39
222,05/30/2014,43
223,09/06/2011,39
224,08/20/2009,43
225,06/15/2009,43
226,01/14/2016,44
227,12/03/2016,40
228,04/08/2007,38
229,09/06/2012,41
230,05/30/2015,47
231,03/23/2013,42
232,12/07/2013,42
233,03/19/2009,42
234,12/14/2006,41
235,03/30/2006,44
236,11/27/2009,44
237,02/01/2014,42
238,01/18/2013,40
239,04/08/2008,41
240,07/02/2007,43
241,08/19/2015,42
242,06/23/2010,41
243,09/02/2016,39
244,08/24/2006,42
245,06/19/2006,39
246,05/01/2011,39
247,04/12/2012,43
248,02/05/2010,43
249,03/27/2010,45
250,02/05/2011,40
251,04/08/2009,42
252,08/24/2007,41
253,06/19/2007,40
254,03/30/2007,41
255,07/02/2008,43
256,12/14/2007,40
257,09/06/2013,40
258,05/30/2016,35
259,04/12/2013,41
260,02/01/2015,40
261,03/23/2014,42
262,01/18/2014,44
263,08/19/2016,42
264,06/23/2011,44
265,05/01/2012,40
266,12/07/2014,38
267,09/13/2006,44
268,06/23/2012,38
269,09/13/2007,42
270,05/01/2013,41
271,03/30/2008,40
272,12/14/2008,37
273,04/12/2014,42
274,09/06/2014,45
275,02/05/2012,41
276,03/27/2011,39
277,04/16/2010,40
278,10/07/2006,44
279,01/23/2006,40
280,08/24/2008,39
281,06/19/2008,42
282,07/02/2009,43
283,02/01/2016,38
284,10/11/2010,42
285,03/23/2015,39
286,01/18/2015,36
287,12/07/2015,39
288,04/12/2015,42
289,03/23/2016,41
290,10/11/2011,44
291,02/12/2006,32
292,12/07/2016,40
293,01/18/2016,37
294,09/13/2008,42
295,06/23/2013,38
296,05/01/2014,44
297,01/23/2007,43
298,11/29/2006,42
299,08/24/2009,41
300,06/19/2009,46
301,07/06/2006,41
302,02/05/2013,41
303,03/27/2012,39
304,07/10/2010,45
305,05/05/2010,44
306,09/06/2015,41
307,03/30/2009,36
308,12/14/2009,38
309,10/07/2007,43
310,04/16/2011,41
311,10/11/2012,39
312,04/16/2012,40
313,02/09/2010,41
314,09/13/2009,46
315,05/01/2015,41
316,03/01/2006,43
317,06/23/2014,41
318,01/23/2008,40
319,11/29/2007,42
320,10/07/2008,42
321,02/12/2007,42
322,12/18/2006,38
323,04/12/2016,43
324,12/22/2010,41
325,08/28/2006,41
326,07/06/2007,42
327,03/27/2013,39
328,02/05/2014,40
329,06/27/2010,42
330,09/06/2016,43
331,07/10/2011,40
332,05/05/2011,41
333,10/07/2009,41
334,01/23/2009,41
335,11/29/2008,38
336,09/17/2006,42
337,04/16/2013,42
338,10/11/2013,39
339,02/09/2011,38
340,06/23/2015,42
341,05/01/2016,34
342,03/01/2007,44
343,02/05/2015,38
344,03/27/2014,40
345,09/21/2010,44
346,04/23/2006,41
347,02/12/2008,39
348,12/18/2007,41
349,12/22/2011,41
350,07/06/2008,39
351,06/27/2011,39
352,07/10/2012,42
353,05/05/2012,40
354,08/28/2007,43
355,06/27/2012,40
356,10/15/2010,42
357,02/05/2016,39
358,07/10/2013,38
359,05/05/2013,38
360,09/17/2007,42
361,03/27/2015,40
362,09/21/2011,43
363,11/29/2009,39
364,01/31/2010,36
365,04/16/2014,38
366,03/01/2008,40
367,04/23/2007,42
368,08/28/2008,39
369,07/06/2009,39
370,10/11/2014,39
371,02/09/2012,41
372,06/23/2016,40
373,02/12/2009,44
374,12/18/2008,43
375,01/27/2006,43
376,12/22/2012,40
377,10/15/2011,40
378,06/27/2013,42
379,01/31/2011,38
380,08/28/2009,40
381,09/17/2008,41
382,07/10/2014,44
383,05/05/2014,42
384,03/27/2016,36
385,01/27/2007,40
386,02/16/2006,42
387,02/20/2010,40
388,04/16/2015,43
389,03/01/2009,39
390,04/23/2008,44
391,10/11/2015,42
392,09/21/2012,41
393,02/09/2013,37
394,07/14/2010,42
395,05/09/2010,42
396,12/18/2009,42
397,12/22/2013,42
398,11/04/2010,36
399,11/04/2011,43
400,07/14/2011,42
401,07/10/2015,39
402,05/05/2015,43
403,03/05/2006,37
404,06/27/2014,40
405,10/15/2012,38
406,12/22/2014,35
407,01/31/2012,38
408,02/20/2011,41
409,04/16/2016,40
410,09/17/2009,44
411,02/09/2014,39
412,10/11/2016,39
413,04/23/2009,43
414,09/21/2013,41
415,05/09/2011,41
416,05/10/2006,47
417,08/03/2010,39
418,01/27/2008,43
419,02/16/2007,41
420,12/26/2010,32
421,11/04/2012,36
422,12/22/2015,38
423,07/14/2012,40
424,05/09/2012,38
425,10/22/2006,37
426,02/09/2015,36
427,05/10/2007,42
428,03/05/2007,39
429,04/27/2006,41
430,08/03/2011,45
431,09/25/2010,42
432,01/27/2009,41
433,10/15/2013,41
434,01/31/2013,43
435,06/27/2015,37
436,07/10/2016,38
437,05/05/2016,40
438,02/20/2012,40
439,12/26/2011,35
440,09/21/2014,43
441,02/16/2008,47
442,07/14/2013,43
443,05/09/2013,42
444,02/20/2013,42
445,12/26/2012,39
446,05/10/2008,42
447,07/21/2006,43
448,11/11/2006,39
449,09/21/2015,40
450,10/19/2010,42
451,02/09/2016,41
452,10/22/2007,37
453,01/02/2010,38
454,08/03/2012,44
455,09/25/2011,41
456,12/22/2016,38
457,03/05/2008,45
458,11/04/2013,38
459,04/27/2007,42
460,10/15/2014,42
461,01/31/2014,40
462,06/27/2016,37
463,02/16/2009,42
464,11/11/2007,45
465,07/18/2010,40
466,07/21/2007,40
467,11/08/2010,42
468,10/15/2015,41
469,01/31/2015,42
470,02/20/2014,43
471,12/26/2013,42
472,08/10/2006,46
473,10/22/2008,40
474,09/21/2016,43
475,04/27/2008,40
476,03/05/2009,40
477,07/14/2014,42
478,05/09/2014,45
479,08/03/2013,45
480,09/25/2012,40
481,10/19/2011,40
482,05/10/2009,41
483,02/24/2010,43
484,01/02/2011,38
485,11/04/2014,41
486,07/21/2008,38
487,04/27/2009,40
488,05/14/2006,39
489,11/04/2015,43
490,02/24/2011,42
491,01/02/2012,38
492,10/22/2009,42
493,02/20/2015,38
494,12/26/2014,35
495,11/08/2011,36
496,07/18/2011,42
497,08/07/2010,43
498,01/31/2016,40
499,10/15/2016,43
500,11/11/2008,40
501,10/19/2012,45
502,03/09/2006,45
503,08/10/2007,39
504,07/14/2015,41
505,05/09/2015,42
506,03/13/2010,41
507,08/03/2014,39
508,09/25/2013,43
509,08/10/2008,40
510,06/03/2006,41
511,01/02/2013,40
512,08/03/2015,40
513,09/25/2014,40
514,05/14/2007,41
515,02/24/2012,40
516,11/04/2016,37
517,07/21/2009,42
518,10/26/2006,40
519,07/18/2012,40
520,08/07/2011,39
521,09/29/2010,45
522,11/11/2009,41
523,11/08/2012,38
524,03/09/2007,41
525,12/26/2015,36
526,02/20/2016,40
527,10/30/2010,44
528,03/13/2011,41
529,07/14/2016,39
530,05/09/2016,42
531,10/19/2013,41
532,08/03/2016,40
533,03/13/2012,42
534,01/02/2014,39
535,11/08/2013,40
536,09/25/2015,41
537,02/24/2013,38
538,11/15/2006,40
539,10/19/2014,37
540,06/03/2007,42
541,05/14/2008,41
542,07/25/2006,37
543,08/10/2009,39
544,07/18/2013,42
545,12/26/2016,36
546,10/26/2007,42
547,10/30/2011,35
548,01/06/2010,43
549,08/07/2012,47
550,09/29/2011,45
551,03/09/2008,39
552,03/09/2009,38
553,09/29/2012,46
554,10/19/2015,37
555,08/07/2013,41
556,10/30/2012,31
557,11/08/2014,44
558,01/06/2011,42
559,02/28/2010,40
560,03/13/2013,39
561,06/03/2008,43
562,07/25/2007,46
563,09/25/2016,37
564,11/15/2007,43
565,01/02/2015,37
566,02/24/2014,38
567,08/14/2006,39
568,05/14/2009,45
569,07/18/2014,43
570,10/26/2008,41
571,01/06/2012,42
572,03/17/2010,41
573,07/18/2015,40
574,02/28/2011,38
575,10/26/2009,41
576,05/18/2006,42
577,08/07/2014,42
578,10/30/2013,41
579,09/29/2013,39
580,11/08/2015,42
581,10/19/2016,41
582,03/13/2014,41
583,05/22/2010,45
584,01/02/2016,36
585,02/24/2015,40
586,07/25/2008,43
587,06/03/2009,42
588,11/15/2008,41
589,08/14/2007,40
590,08/07/2015,42
591,06/11/2010,43
592,01/13/2006,42
593,05/18/2007,37
594,08/14/2008,43
595,09/29/2014,42
596,12/02/2006,40
597,11/15/2009,42
598,03/17/2011,41
599,01/06/2013,37
600,10/30/2014,39
601,02/28/2012,42
602,07/18/2016,36
603,06/07/2006,39
604,11/08/2016,41
605,10/01/2010,41
606,03/13/2015,38
607,05/22/2011,38
608,02/24/2016,40
609,07/25/2009,44
610,01/13/2007,45
611,05/18/2008,41
612,03/17/2012,45
613,08/14/2009,41
614,09/29/2015,43
615,08/07/2016,38
616,06/11/2011,41
617,07/29/2006,42
618,06/07/2007,45
619,11/23/2010,43
620,05/22/2012,41
621,10/30/2015,42
622,01/06/2014,38
623,02/28/2013,40
624,12/02/2007,36
625,11/19/2006,39
626,03/13/2016,37
627,10/01/2011,39
628,09/01/2006,38
629,05/22/2013,38
630,10/01/2012,41
631,04/04/2010,38
632,09/01/2007,45
633,08/18/2006,44
634,11/23/2011,43
635,05/18/2009,39
636,12/02/2008,45
637,01/13/2008,40
638,11/19/2007,37
639,03/17/2013,39
640,06/07/2008,43
641,07/29/2007,38
642,10/30/2016,40
643,02/28/2014,44
644,01/06/2015,36
645,06/11/2012,40
646,09/29/2016,40
647,01/06/2016,41
648,10/01/2013,40
649,11/23/2012,39
650,02/28/2015,39
651,11/19/2008,47
652,08/18/2007,47
653,04/04/2011,37
654,07/29/2008,45
655,09/01/2008,41
656,05/22/2014,39
657,12/02/2009,41
658,01/13/2009,41
659,05/26/2010,43
660,06/07/2009,39
661,03/17/2014,39
662,06/11/2013,37
663,05/26/2011,43
664,09/01/2009,46
665,08/18/2008,41
666,06/11/2014,43
667,11/19/2009,41
668,10/01/2014,40
669,11/23/2013,42
670,02/28/2016,35
671,12/10/2010,35
672,10/05/2010,41
673,05/22/2015,41
674,03/17/2015,42
675,04/04/2012,44
676,03/22/2006,42
677,01/17/2006,40
678,12/06/2006,40
679,08/20/2010,41
680,06/15/2010,44
681,07/29/2009,40
682,09/05/2006,40
683,12/06/2007,39
684,05/26/2012,40
685,10/05/2011,42
686,04/11/2006,42
687,06/15/2011,42
688,03/19/2010,41
689,08/18/2009,41
690,10/01/2015,41
691,11/23/2014,39
692,06/11/2015,43
693,03/22/2007,40
694,01/17/2007,38
695,03/17/2016,43
696,11/27/2010,44
697,04/04/2013,41
698,12/10/2011,39
699,05/22/2016,40
700,08/20/2011,42
701,12/06/2008,41
702,09/05/2007,44
703,08/20/2012,40
704,06/15/2012,46
705,10/05/2012,46
706,11/27/2011,37
707,04/11/2007,42
708,04/08/2010,42
709,05/26/2013,38
710,06/11/2016,40
711,03/19/2011,44
712,10/01/2016,42
713,11/23/2015,41
714,03/22/2008,43
715,01/17/2008,39
716,04/04/2014,38
717,12/10/2012,39
718,12/10/2013,40
719,08/20/2013,41
720,10/05/2013,42
721,11/27/2012,42
722,04/08/2011,47
723,12/06/2009,43
724,02/04/2006,42
725,09/05/2008,43
726,05/26/2014,38
727,04/11/2008,43
728,11/23/2016,36
729,06/22/2006,43
730,03/19/2012,38
731,04/04/2015,46
732,03/22/2009,42
733,01/17/2009,43
734,07/02/2010,44
735,06/15/2013,43
736,04/11/2009,41
737,06/22/2007,43
738,07/02/2011,43
739,08/24/2010,43
740,06/19/2010,43
741,04/04/2016,38
742,12/10/2014,41
743,08/20/2014,43
744,06/15/2014,40
745,02/04/2007,41
746,09/05/2009,42
747,10/05/2014,40
748,11/27/2013,40
749,03/26/2006,38
750,03/30/2010,39
751,05/26/2015,41
752,12/14/2010,35
753,04/08/2012,43
754,03/19/2013,42
755,10/10/2006,39
756,11/27/2014,36
757,06/19/2011,40
758,03/19/2014,43
759,06/22/2008,41
760,05/26/2016,42
761,08/24/2011,41
762,03/30/2011,41
763,07/02/2012,42
764,12/14/2011,43
765,09/13/2010,40
766,04/15/2006,42
767,09/09/2006,39
768,12/10/2015,39
769,08/20/2015,41
770,06/15/2015,38
771,04/08/2013,39
772,02/04/2008,40
773,03/26/2007,40
774,10/05/2015,44
775,03/26/2008,38
776,02/04/2009,38
777,08/20/2016,41
778,06/15/2016,40
779,08/24/2012,44
780,06/19/2012,44
781,07/02/2013,40
782,10/05/2016,40
783,11/27/2015,36
784,03/19/2015,41
785,12/14/2012,41
786,01/23/2010,43
787,10/07/2010,41
788,04/08/2014,41
789,03/30/2012,42
790,09/09/2007,42
791,10/10/2007,45
792,09/13/2011,41
793,06/22/2009,45
794,12/10/2016,40
795,04/15/2007,39
796,05/04/2006,43
797,07/06/2010,39
798,11/27/2016,36
799,04/08/2015,44
800,03/30/2013,41
801,08/31/2006,41
802,06/26/2006,44
803,05/04/2007,42
804,12/14/2013,37
805,03/26/2009,42
806,12/21/2006,39
807,01/23/2011,41
808,11/29/2010,41
809,10/10/2008,45
810,10/07/2011,40
811,03/19/2016,40
812,08/24/2013,43
813,06/19/2013,44
814,07/02/2014,43
815,02/08/2006,42
816,09/09/2008,40
817,02/12/2010,44
818,04/15/2008,41
819,09/13/2012,42
820,08/31/2007,43
821,06/26/2007,40
822,02/08/2007,42
823,05/04/2008,40
824,08/28/2010,43
825,07/06/2011,42
826,04/15/2009,42
827,09/09/2009,42
828,04/08/2016,39
829,03/30/2014,38
830,12/14/2014,41
831,02/12/2011,39
832,12/18/2010,43
833,09/13/2013,39
834,12/21/2007,38
835,09/20/2006,39
836,10/07/2012,41
837,01/23/2012,38
838,11/29/2011,42
839,08/24/2014,39
840,06/19/2014,43
841,07/02/2015,42
842,03/01/2010,41
843,10/10/2009,43
844,02/12/2012,36
845,12/18/2011,40
846,09/13/2014,40
847,08/28/2011,37
848,07/06/2012,42
849,10/14/2006,38
850,12/14/2015,41
851,03/30/2015,40
852,01/30/2006,43
853,05/04/2009,37
854,08/31/2008,43
855,06/26/2008,44
856,12/21/2008,37
857,04/19/2006,40
858,09/17/2010,43
859,09/20/2007,44
860,03/01/2011,39
861,04/23/2010,41
862,08/24/2015,41
863,06/19/2015,44
864,07/02/2016,45
865,02/08/2008,37
866,10/07/2013,41
867,01/23/2013,41
868,11/29/2012,43
869,09/13/2015,39
870,07/13/2006,44
871,05/08/2006,38
872,08/24/2016,40
873,10/07/2014,40
874,01/23/2014,39
875,11/29/2013,40
876,09/17/2011,39
877,02/08/2009,39
878,11/03/2006,42
879,12/21/2009,40
880,04/19/2007,40
881,09/20/2008,40
882,01/27/2010,39
883,02/12/2013,43
884,12/18/2012,42
885,07/06/2013,42
886,08/28/2012,37
887,03/30/2016,39
888,12/14/2016,40
889,01/30/2007,40
890,10/14/2007,40
891,08/31/2009,42
892,06/26/2009,44
893,03/01/2012,41
894,04/23/2011,39
895,06/19/2016,41
896,02/16/2010,39
897,09/20/2009,41
898,04/19/2008,39
899,01/23/2015,41
900,10/07/2015,40
901,11/29/2014,42
902,03/01/2013,40
903,04/23/2012,39
904,09/13/2016,41
905,07/13/2007,45
906,05/08/2007,42
907,12/25/2006,28
908,11/03/2007,40
909,09/17/2012,37
910,01/30/2008,42
911,10/14/2008,42
912,02/12/2014,45
913,12/18/2013,42
914,08/02/2006,42
915,01/27/2011,38
916,08/28/2013,41
917,07/06/2014,44
918,02/16/2011,43
919,04/19/2009,39
920,11/03/2008,37
921,04/30/2006,39
922,09/17/2013,41
923,01/30/2009,42
924,08/02/2007,42
925,10/14/2009,42
926,01/23/2016,33
927,03/01/2014,41
928,04/23/2013,37
929,10/07/2016,38
930,05/10/2010,41
931,02/12/2015,41
932,12/18/2014,40
933,07/13/2008,38
934,12/25/2007,30
935,05/08/2008,41
936,09/24/2006,40
937,01/27/2012,41
938,11/29/2015,35
939,08/28/2014,42
940,03/05/2010,41
941,07/06/2015,38
942,12/25/2008,30
943,08/28/2015,42
944,07/06/2016,37
945,03/05/2011,40
946,04/27/2010,40
947,11/03/2009,41
948,01/27/2013,42
949,02/16/2012,42
950,04/30/2007,42
951,09/17/2014,44
952,04/23/2014,42
953,03/01/2015,37
954,01/01/2006,42
955,05/10/2011,43
956,11/29/2016,37
957,10/18/2006,42
958,07/13/2009,43
959,05/08/2009,45
960,12/18/2015,38
961,10/22/2010,40
962,02/12/2016,40
963,08/02/2008,41
964,09/24/2007,40
965,02/23/2006,42
966,08/02/2009,42
967,09/24/2008,42
968,05/10/2012,42
969,12/25/2009,30
970,01/27/2014,39
971,04/30/2008,44
972,08/28/2016,40
973,04/27/2011,43
974,03/05/2012,42
975,10/22/2011,40
976,12/18/2016,36
977,02/16/2013,44
978,07/21/2010,44
979,09/17/2015,40
980,07/17/2006,42
981,03/01/2016,40
982,01/01/2007,36
983,11/07/2006,44
984,11/11/2010,42
985,04/23/2015,39
986,10/18/2007,44
987,10/18/2008,44
988,09/17/2016,37
989,07/21/2011,43
990,08/10/2010,43
991,01/27/2015,36
992,10/22/2012,41
993,03/12/2006,40
994,02/23/2007,41
995,09/24/2009,42
996,11/11/2011,38
997,04/23/2016,41
998,08/06/2006,39
999,05/10/2013,40
1000,04/30/2009,42
1001,04/27/2012,42
1002,03/05/2013,44
1003,07/17/2007,43
1004,12/29/2006,40
1005,01/01/2008,40
1006,11/07/2007,41
1007,02/16/2014,38
1008,08/06/2007,41
1009,03/12/2007,37
1010,09/28/2006,40
1011,03/09/2010,43
1012,05/10/2014,40
1013,07/17/2008,44
1014,12/29/2007,41
1015,01/01/2009,37
1016,11/07/2008,43
1017,08/10/2011,41
1018,11/11/2012,35
1019,10/22/2013,41
1020,02/16/2015,37
1021,07/21/2012,44
1022,02/23/2008,41
1023,01/27/2016,43
1024,03/05/2014,45
1025,10/18/2009,36
1026,04/27/2013,39
1027,05/14/2010,40
1028,05/14/2011,40
1029,10/26/2010,41
1030,08/06/2008,41
1031,09/28/2007,44
1032,07/17/2009,43
1033,02/16/2016,36
1034,07/21/2013,41
1035,11/11/2013,38
1036,05/10/2015,38
1037,03/09/2011,41
1038,12/29/2008,42
1039,11/07/2009,45
1040,08/10/2012,43
1041,10/22/2014,38
1042,03/12/2008,46
1043,02/23/2009,39
1044,01/05/2006,40
1045,06/03/2010,41
1046,03/05/2015,39
1047,04/27/2014,43
1048,01/05/2007,45
1049,07/21/2014,42
1050,05/14/2012,36
1051,10/26/2011,41
1052,04/27/2015,44
1053,03/05/2016,36
1054,02/27/2006,40
1055,11/15/2010,41
1056,08/06/2009,44
1057,09/28/2008,39
1058,11/11/2014,40
1059,12/29/2009,41
1060,07/25/2010,41
1061,08/10/2013,42
1062,03/12/2009,45
1063,03/09/2012,44
1064,05/10/2016,38
1065,06/03/2011,40
1066,10/22/2015,42
1067,01/05/2008,40
1068,06/03/2012,41
1069,08/14/2010,40
1070,10/22/2016,39
1071,07/25/2011,41
1072,08/10/2014,41
1073,05/14/2013,42
1074,05/21/2006,38
1075,03/16/2006,43
1076,11/15/2011,41
1077,10/26/2012,45
1078,04/27/2016,40
1079,07/21/2015,43
1080,02/27/2007,45
1081,11/11/2015,42
1082,03/09/2013,37
1083,09/28/2009,38
1084,08/10/2015,44
1085,07/25/2012,45
1086,03/09/2014,41
1087,06/03/2013,39
1088,01/05/2009,42
1089,05/18/2010,42
1090,10/26/2013,41
1091,08/14/2011,36
1092,05/14/2014,40
1093,11/15/2012,41
1094,05/21/2007,37
1095,03/16/2007,38
1096,11/11/2016,39
1097,07/21/2016,40
1098,06/10/2006,42
1099,02/27/2008,39
1100,03/09/2015,40
1101,12/02/2010,43
1102,10/26/2014,40
1103,06/10/2007,36
1104,02/27/2009,41
1105,11/22/2006,44
1106,08/10/2016,41
1107,07/25/2013,42
1108,06/03/2014,42
1109,01/09/2006,42
1110,06/07/2010,38
1111,11/15/2013,41
1112,05/14/2015,42
1113,01/13/2010,40
1114,05/18/2011,43
1115,08/14/2012,41
1116,05/21/2008,42
1117,03/16/2008,41
1118,07/29/2010,44
1119,11/19/2010,45
1120,11/15/2014,41
1121,03/09/2016,41
1122,12/02/2011,42
1123,06/07/2011,44
1124,10/26/2015,41
1125,06/10/2008,44
1126,09/01/2010,44
1127,04/03/2006,37
1128,01/09/2007,42
1129,07/25/2014,43
1130,11/22/2007,34
1131,06/03/2015,42
1132,08/14/2013,41
1133,05/21/2009,42
1134,03/16/2009,43
1135,01/13/2011,41
1136,05/14/2016,41
1137,05/18/2012,43
1138,01/09/2008,40
1139,08/14/2014,40
1140,10/26/2016,39
1141,11/15/2015,40
1142,11/19/2011,40
1143,12/02/2012,39
1144,06/07/2012,41
1145,07/29/2011,41
1146,06/10/2009,43
1147,11/22/2008,43
1148,05/25/2006,44
1149,04/03/2007,42
1150,09/01/2011,40
1151,08/18/2010,43
1152,06/03/2016,41
1153,07/25/2015,40
1154,01/13/2012,39
1155,05/18/2013,40
1156,10/04/2006,43
1157,05/18/2014,39
1158,06/14/2006,40
1159,01/20/2006,41
1160,11/15/2016,37
1161,07/25/2016,40
1162,01/13/2013,41
1163,04/03/2008,41
1164,08/14/2015,44
1165,05/25/2007,43
1166,07/29/2012,42
1167,06/07/2013,37
1168,01/09/2009,40
1169,11/19/2012,37
1170,12/02/2013,43
1171,09/01/2012,38
1172,11/22/2009,41
1173,08/18/2011,43
1174,08/18/2012,44
1175,05/25/2008,41
1176,04/03/2009,40
1177,09/01/2013,40
1178,08/14/2016,37
1179,07/29/2013,36
1180,10/04/2007,39
1181,06/14/2007,43
1182,01/20/2007,41
1183,11/26/2006,40
1184,12/06/2010,40
1185,06/07/2014,43
1186,01/13/2014,39
1187,11/19/2013,39
1188,05/18/2015,35
1189,12/02/2014,36
1190,03/18/2006,38
1191,03/22/2010,37
1192,01/17/2010,41
1193,03/22/2011,44
1194,01/17/2011,38
1195,03/18/2007,34
1196,09/01/2014,37
1197,08/18/2013,39
1198,05/25/2009,38
1199,11/19/2014,41
1200,07/29/2014,41
1201,12/02/2015,37
1202,06/07/2015,39
1203,04/11/2010,40
1204,12/06/2011,43
1205,05/18/2016,40
1206,01/13/2015,40
1207,06/14/2008,40
1208,09/05/2010,42
1209,01/20/2008,40
1210,11/26/2007,36
1211,10/04/2008,44
1212,04/07/2006,39
1213,07/29/2015,42
1214,07/01/2006,41
1215,06/07/2016,40
1216,09/05/2011,41
1217,04/11/2011,39
1218,03/18/2008,40
1219,12/02/2016,40
1220,11/19/2015,38
1221,03/22/2012,40
1222,01/17/2012,38
1223,09/01/2015,43
1224,08/18/2014,42
1225,01/20/2009,39
1226,10/04/2009,40
1227,05/29/2006,44
1228,06/14/2009,46
1229,01/13/2016,39
1230,12/06/2012,38
1231,11/26/2008,41
1232,04/07/2007,42
1233,07/29/2016,45
1234,11/26/2009,35
1235,04/11/2012,40
1236,04/07/2008,40
1237,07/01/2007,44
1238,05/29/2007,42
1239,08/23/2006,41
1240,06/18/2006,40
1241,12/06/2013,42
1242,03/22/2013,41
1243,01/17/2013,39
1244,06/22/2010,44
1245,02/04/2010,42
1246,08/18/2015,44
1247,09/01/2016,37
1248,09/05/2012,39
1249,03/18/2009,42
1250,12/13/2006,39
1251,11/19/2016,40
1252,02/04/2011,41
1253,03/26/2010,41
1254,09/05/2013,43
1255,05/29/2008,39
1256,04/07/2009,40
1257,08/23/2007,49
1258,06/18/2007,46
1259,04/11/2013,43
1260,07/01/2008,44
1261,08/18/2016,39
1262,06/22/2011,42
1263,01/17/2014,41
1264,12/13/2007,42
1265,03/22/2014,42
1266,09/12/2006,41
1267,12/06/2014,40
1268,03/22/2015,40
1269,01/17/2015,41
1270,03/26/2011,44
1271,10/10/2010,41
1272,09/12/2007,45
1273,02/04/2012,44
1274,04/15/2010,43
1275,12/13/2008,42
1276,09/05/2014,43
1277,06/22/2012,43
1278,12/06/2015,38
1279,09/09/2010,41
1280,04/11/2014,43
1281,05/29/2009,44
1282,01/22/2006,38
1283,10/06/2006,40
1284,08/23/2008,46
1285,06/18/2008,40
1286,07/01/2009,44
1287,03/22/2016,37
1288,01/17/2016,37
1289,09/09/2011,41
1290,10/10/2011,40
1291,06/22/2013,40
1292,09/12/2008,41
1293,12/13/2009,42
1294,08/23/2009,38
1295,06/18/2009,40
1296,07/05/2006,45
1297,04/15/2011,45
1298,12/06/2016,39
1299,01/22/2007,42
1300,03/26/2012,39
1301,02/04/2013,39
1302,09/05/2015,42
1303,05/04/2010,41
1304,02/11/2006,41
1305,10/06/2007,41
1306,11/28/2006,40
1307,04/11/2015,40
1308,10/10/2012,41
1309,04/11/2016,37
1310,12/21/2010,37
1311,09/09/2012,40
1312,09/12/2009,40
1313,07/05/2007,39
1314,08/27/2006,37
1315,08/31/2010,41
1316,06/26/2010,42
1317,05/04/2011,41
1318,09/05/2016,37
1319,04/15/2012,40
1320,01/22/2008,39
1321,11/28/2007,43
1322,10/06/2008,42
1323,02/11/2007,42
1324,12/17/2006,41
1325,02/08/2010,38
1326,06/22/2014,39
1327,03/26/2013,38
1328,02/04/2014,42
1329,04/22/2006,37
1330,09/16/2006,39
1331,06/22/2015,41
1332,02/04/2015,40
1333,02/08/2011,40
1334,10/06/2009,41
1335,02/11/2008,41
1336,12/17/2007,42
1337,01/22/2009,45
1338,11/28/2008,41
1339,03/26/2014,42
1340,09/20/2010,41
1341,09/09/2013,38
1342,10/10/2013,42
1343,12/21/2011,40
1344,04/15/2013,41
1345,08/27/2007,44
1346,08/31/2011,41
1347,07/05/2008,41
1348,06/26/2011,39
1349,05/04/2012,38
1350,10/14/2010,41
1351,09/16/2007,42
1352,02/04/2016,40
1353,12/21/2012,41
1354,01/30/2010,38
1355,03/26/2015,40
1356,08/31/2012,41
1357,06/26/2012,41
1358,05/04/2013,39
1359,09/20/2011,42
1360,02/11/2009,43
1361,12/17/2008,44
1362,04/22/2007,41
1363,07/05/2009,42
1364,08/27/2008,40
1365,02/08/2012,41
1366,06/22/2016,44
1367,09/09/2014,43
1368,10/10/2014,44
1369,11/28/2009,44
1370,04/19/2010,39
1371,04/15/2014,39
1372,01/26/2006,42
1373,11/03/2010,42
1374,05/04/2014,36
1375,08/31/2013,41
1376,06/26/2013,40
1377,02/08/2013,43
1378,04/15/2015,42
1379,08/27/2009,45
1380,01/26/2007,44
1381,12/17/2009,42
1382,01/30/2011,42
1383,03/26/2016,39
1384,10/14/2011,43
1385,09/16/2008,39
1386,04/19/2011,42
1387,12/21/2013,40
1388,09/20/2012,42
1389,04/22/2008,40
1390,07/09/2006,42
1391,10/10/2015,40
1392,09/09/2015,43
1393,07/13/2010,41
1394,05/08/2010,40
1395,02/15/2006,42
1396,07/13/2011,40
1397,05/08/2011,42
1398,02/15/2007,41
1399,08/02/2010,40
1400,10/10/2016,37
1401,09/09/2016,42
1402,09/20/2013,43
1403,01/26/2008,41
1404,11/03/2011,44
1405,04/15/2016,40
1406,12/25/2010,31
1407,07/09/2007,39
1408,03/04/2006,41
1409,01/30/2012,39
1410,10/14/2012,42
1411,08/31/2014,43
1412,06/26/2014,43
1413,09/16/2009,41
1414,05/04/2015,39
1415,12/21/2014,29
1416,04/19/2012,42
1417,04/22/2009,44
1418,02/08/2014,40
1419,02/08/2015,39
1420,09/20/2014,41
1421,07/09/2008,42
1422,07/13/2012,41
1423,05/08/2012,41
1424,04/19/2013,38
1425,12/25/2011,36
1426,11/03/2012,38
1427,10/21/2006,41
1428,02/15/2008,45
1429,08/02/2011,41
1430,09/24/2010,51
1431,10/14/2013,40
1432,01/30/2013,43
1433,01/26/2009,42
1434,03/04/2007,37
1435,05/04/2016,41
1436,08/31/2015,41
1437,06/26/2015,42
1438,04/30/2010,42
1439,04/26/2006,42
1440,12/21/2015,39
1441,07/20/2006,40
1442,04/19/2014,42
1443,01/01/2010,41
1444,11/10/2006,46
1445,10/14/2014,43
1446,01/30/2014,42
1447,07/13/2013,41
1448,05/08/2013,40
1449,12/21/2016,39
1450,08/31/2016,42
1451,06/26/2016,36
1452,09/20/2015,39
1453,04/30/2011,39
1454,07/09/2009,44
1455,11/03/2013,39
1456,12/25/2012,33
1457,10/21/2007,36
1458,02/15/2009,39
1459,02/08/2016,38
1460,10/18/2010,38
1461,03/04/2008,42
1462,04/26/2007,43
1463,08/02/2012,42
1464,09/24/2011,40
1465,02/19/2006,41
1466,09/20/2016,40
1467,03/04/2009,40
1468,07/17/2010,43
1469,02/23/2010,40
1470,04/26/2008,40
1471,10/14/2015,43
1472,01/30/2015,42
1473,07/20/2007,41
1474,04/30/2012,42
1475,08/02/2013,40
1476,11/10/2007,41
1477,01/01/2011,40
1478,11/07/2010,41
1479,04/19/2015,40
1480,10/18/2011,39
1481,05/08/2014,44
1482,07/13/2014,42
1483,10/21/2008,43
1484,11/03/2014,36
1485,12/25/2013,33
1486,09/24/2012,37
1487,01/30/2016,37
1488,10/14/2016,41
1489,04/26/2009,44
1490,11/03/2015,42
1491,12/25/2014,32
1492,09/24/2013,40
1493,07/17/2011,40
1494,08/02/2014,37
1495,02/19/2007,37
1496,04/30/2013,39
1497,07/20/2008,39
1498,11/10/2008,40
1499,08/06/2010,46
1500,12/29/2010,41
1501,04/19/2016,41
1502,01/01/2012,43
1503,11/07/2011,41
1504,10/21/2009,42
1505,02/23/2011,38
1506,05/13/2006,40
1507,03/08/2006,41
1508,10/18/2012,42
1509,03/12/2010,43
1510,07/13/2015,40
1511,05/08/2015,43
1512,12/25/2015,30
1513,08/02/2015,43
1514,03/12/2011,44
1515,02/23/2012,41
1516,09/24/2014,41
1517,07/13/2016,40
1518,05/08/2016,39
1519,06/02/2006,42
1520,11/03/2016,39
1521,03/08/2007,42
1522,04/30/2014,41
1523,10/18/2013,40
1524,07/17/2012,45
1525,02/19/2008,41
1526,10/25/2006,38
1527,07/20/2009,40
1528,12/29/2011,38
1529,01/01/2013,39
1530,11/07/2012,38
1531,08/06/2011,43
1532,09/28/2010,44
1533,11/10/2009,41
1534,05/13/2007,39
1535,05/13/2008,45
1536,03/08/2008,38
1537,10/18/2014,43
1538,08/06/2012,43
1539,09/28/2011,41
1540,08/02/2016,38
1541,09/24/2015,41
1542,06/02/2007,41
1543,07/24/2006,40
1544,12/25/2016,32
1545,01/05/2010,42
1546,02/23/2013,42
1547,04/30/2015,42
1548,11/14/2006,40
1549,07/17/2013,38
1550,02/19/2009,41
1551,10/25/2007,41
1552,01/01/2014,39
1553,11/07/2013,43
1554,12/29/2012,38
1555,03/12/2012,42
1556,11/07/2014,39
1557,12/29/2013,36
1558,03/12/2013,37
1559,02/27/2010,42
1560,01/01/2015,34
1561,05/13/2009,44
1562,03/08/2009,38
1563,09/28/2012,41
1564,08/06/2013,39
1565,07/17/2014,41
1566,10/18/2015,38
1567,06/02/2008,38
1568,07/24/2007,39
1569,02/23/2014,37
1570,01/05/2011,42
1571,11/14/2007,41
1572,09/24/2016,39
1573,04/30/2016,40
1574,08/13/2006,40
1575,10/25/2008,41
1576,07/17/2015,41
1577,05/21/2010,44
1578,03/16/2010,37
1579,10/25/2009,42
1580,02/27/2011,41
1581,05/17/2006,40
1582,03/12/2014,41
1583,01/01/2016,36
1584,11/07/2015,42
1585,12/29/2014,38
1586,09/28/2013,41
1587,08/06/2014,42
1588,10/18/2016,42
1589,01/05/2012,43
1590,02/23/2015,38
1591,06/02/2009,42
1592,07/24/2008,42
1593,11/14/2008,43
1594,08/13/2007,42
1595,05/17/2007,44
1596,02/23/2016,38
1597,01/05/2013,42
1598,12/29/2015,40
1599,11/07/2016,40
1600,11/14/2009,40
1601,05/21/2011,41
1602,03/16/2011,42
1603,07/17/2016,39
1604,08/13/2008,43
1605,06/06/2006,39
1606,02/27/2012,42
1607,06/10/2010,43
1608,09/28/2014,42
1609,08/06/2015,43
1610,12/01/2006,42
1611,03/12/2015,38
1612,01/12/2006,38
1613,10/29/2006,39
1614,07/24/2009,46
1615,08/13/2009,44
1616,01/05/2014,40
1617,05/21/2012,37
1618,03/16/2012,40
1619,05/17/2008,44
1620,10/29/2007,37
1621,02/27/2013,42
1622,06/10/2011,45
1623,08/06/2016,39
1624,09/28/2015,42
1625,07/28/2006,42
1626,12/29/2016,42
1627,12/01/2007,42
1628,06/06/2007,43
1629,01/12/2007,41
1630,11/18/2006,44
1631,01/09/2010,39
1632,03/12/2016,42
1633,11/22/2010,40
1634,01/12/2008,44
1635,12/01/2008,40
1636,10/29/2008,40
1637,11/22/2011,44
1638,04/03/2010,46
1639,11/18/2007,37
1640,08/17/2006,39
1641,01/05/2015,38
1642,05/17/2009,38
1643,05/21/2013,42
1644,03/16/2013,38
1645,07/28/2007,38
1646,06/06/2008,43
1647,01/09/2011,41
1648,02/27/2014,39
1649,09/28/2016,40
1650,06/10/2012,41
1651,01/12/2009,42
1652,11/18/2008,39
1653,08/17/2007,42
1654,12/01/2009,42
1655,06/10/2013,38
1656,01/09/2012,39
1657,02/27/2015,39
1658,10/29/2009,42
1659,11/22/2012,35
1660,05/25/2010,44
1661,07/28/2008,37
1662,04/03/2011,40
1663,06/06/2009,42
1664,01/05/2016,36
1665,05/21/2014,44
1666,03/16/2014,42
1667,10/04/2010,42
1668,07/28/2009,37
1669,02/27/2016,39
1670,01/09/2013,43
1671,01/20/2010,43
1672,11/18/2009,43
1673,05/21/2015,41
1674,03/16/2015,37
1675,06/10/2014,41
1676,05/25/2011,38
1677,04/03/2012,44
1678,03/21/2006,40
1679,08/17/2008,40
1680,11/22/2013,40
1681,06/14/2010,40
1682,01/16/2006,38
1683,12/05/2006,40
1684,10/04/2011,41
1685,06/14/2011,39
1686,01/20/2011,45
1687,11/26/2010,37
1688,09/04/2006,40
1689,05/21/2016,42
1690,03/16/2016,40
1691,01/09/2014,41
1692,03/18/2010,41
1693,06/10/2015,44
1694,04/10/2006,38
1695,12/05/2007,41
1696,08/17/2009,39
1697,03/21/2007,44
1698,01/16/2007,42
1699,11/22/2014,41
1700,05/25/2012,43
1701,04/03/2013,39
1702,12/05/2008,43
1703,06/14/2012,43
1704,01/16/2008,43
1705,04/07/2010,39
1706,05/25/2013,38
1707,04/03/2014,43
1708,10/04/2012,44
1709,01/20/2012,39
1710,11/26/2011,45
1711,11/22/2015,36
1712,09/04/2007,40
1713,04/10/2007,40
1714,01/09/2015,41
1715,03/21/2008,41
1716,03/18/2011,47
1717,06/10/2016,43
1718,07/01/2010,41
1719,11/22/2016,39
1720,01/16/2009,43
1721,05/25/2014,42
1722,12/05/2009,42
1723,04/03/2015,41
1724,06/14/2013,40
1725,10/04/2013,44
1726,01/20/2013,38
1727,11/26/2012,39
1728,09/04/2008,41
1729,04/07/2011,41
1730,03/18/2012,41
1731,05/29/2010,41
1732,04/10/2008,40
1733,02/03/2006,42
1734,03/21/2009,40
1735,01/09/2016,38
1736,06/21/2006,43
1737,02/03/2007,41
1738,12/09/2006,39
1739,05/25/2015,40
1740,12/13/2010,40
1741,04/03/2016,39
1742,03/18/2013,40
1743,06/21/2007,45
1744,07/01/2011,42
1745,08/23/2010,39
1746,06/18/2010,41
1747,06/14/2014,43
1748,03/25/2006,41
1749,09/04/2009,45
1750,10/04/2014,41
1751,01/20/2014,38
1752,11/26/2013,45
1753,05/29/2011,41
1754,04/07/2012,40
1755,04/10/2009,40
1756,09/08/2006,41
1757,06/21/2008,47
1758,04/14/2006,39
1759,06/14/2015,40
1760,02/03/2008,45
1761,12/09/2007,36
1762,03/18/2014,42
1763,09/12/2010,43
1764,03/25/2007,37
1765,04/07/2013,41
1766,05/25/2016,42
1767,05/29/2012,41
1768,12/13/2011,38
1769,10/04/2015,39
1770,01/20/2015,43
1771,11/26/2014,43
1772,08/23/2011,41
1773,06/18/2011,44
1774,07/01/2012,41
1775,01/20/2016,39
1776,05/03/2006,39
1777,10/04/2016,38
1778,11/26/2015,35
1779,10/06/2010,41
1780,05/29/2013,42
1781,01/22/2010,43
1782,03/18/2015,41
1783,04/07/2014,40
1784,08/23/2012,41
1785,06/18/2012,40
1786,07/01/2013,42
1787,02/03/2009,39
1788,12/09/2008,39
1789,12/13/2012,41
1790,06/21/2009,40
1791,03/25/2008,42
1792,09/08/2007,44
1793,09/12/2011,40
1794,04/14/2007,41
1795,06/14/2016,44
1796,02/11/2010,42
1797,04/07/2015,39
1798,05/29/2014,45
1799,03/25/2009,44
1800,08/30/2006,43
1801,02/07/2006,41
1802,07/05/2010,44
1803,11/26/2016,39
1804,10/06/2011,43
1805,06/25/2006,43
1806,03/18/2016,39
1807,01/22/2011,41
1808,11/28/2010,40
1809,05/03/2007,41
1810,12/20/2006,39
1811,08/23/2013,39
1812,06/18/2013,41
1813,07/01/2014,42
1814,12/13/2013,44
1815,09/08/2008,42
1816,12/09/2009,43
1817,09/12/2012,42
1818,04/14/2008,37
1819,12/13/2014,40
1820,04/14/2009,44
1821,09/12/2013,44
1822,07/05/2011,45
1823,08/30/2007,45
1824,06/25/2007,38
1825,08/27/2010,41
1826,05/03/2008,39
1827,02/07/2007,41
1828,12/20/2007,40
1829,05/29/2015,39
1830,02/11/2011,41
1831,12/17/2010,38
1832,04/07/2016,39
1833,10/06/2012,43
1834,01/22/2012,35
1835,11/28/2011,39
1836,09/08/2009,44
1837,08/23/2014,38
1838,06/18/2014,43
1839,07/01/2015,44
1840,03/29/2006,42
1841,07/01/2016,40
1842,09/12/2014,42
1843,04/22/2010,41
1844,12/13/2015,37
1845,08/23/2015,42
1846,06/18/2015,42
1847,03/29/2007,40
1848,08/27/2011,38
1849,07/05/2012,44
1850,06/25/2008,42
1851,02/07/2008,45
1852,05/03/2009,42
1853,08/30/2008,38
1854,10/13/2006,41
1855,02/11/2012,42
1856,12/17/2011,44
1857,05/29/2016,37
1858,09/16/2010,41
1859,12/20/2008,37
1860,04/18/2006,39
1861,10/06/2013,44
1862,11/28/2012,41
1863,01/22/2013,38
1864,10/06/2014,42
1865,01/22/2014,39
1866,11/28/2013,35
1867,10/13/2007,42
1868,12/13/2016,39
1869,09/12/2015,46
1870,07/05/2013,40
1871,11/02/2006,40
1872,08/27/2012,39
1873,01/26/2010,43
1874,09/16/2011,44
1875,02/07/2009,43
1876,12/20/2009,33
1877,04/22/2011,41
1878,03/29/2008,43
1879,08/23/2016,38
1880,06/18/2016,42
1881,02/11/2013,37
1882,12/17/2012,37
1883,04/18/2007,43
1884,07/12/2006,39
1885,05/07/2006,39
1886,08/30/2009,40
1887,06/25/2009,41
1888,02/11/2014,42
1889,12/17/2013,37
1890,04/18/2008,42
1891,09/16/2012,43
1892,10/13/2008,41
1893,03/29/2009,37
1894,10/06/2015,40
1895,01/22/2015,42
1896,11/28/2014,38
1897,07/12/2007,43
1898,05/07/2007,43
1899,06/29/2006,49
1900,08/01/2006,44
1901,07/09/2010,43
1902,04/22/2012,39
1903,02/15/2010,39
1904,09/12/2016,37
1905,08/27/2013,38
1906,07/05/2014,43
1907,11/02/2007,41
1908,12/24/2006,36
1909,01/26/2011,39
1910,08/27/2014,43
1911,03/04/2010,42
1912,07/05/2015,42
1913,08/01/2007,41
1914,02/11/2015,42
1915,12/17/2014,38
1916,09/16/2013,42
1917,04/18/2009,42
1918,09/23/2006,39
1919,07/09/2011,37
1920,11/28/2015,38
1921,10/06/2016,44
1922,01/22/2016,39
1923,07/12/2008,40
1924,05/07/2008,43
1925,04/22/2013,44
1926,06/29/2007,46
1927,10/13/2009,42
1928,12/24/2007,36
1929,11/02/2008,39
1930,02/15/2011,43
1931,01/26/2012,39
1932,10/21/2010,44
1933,02/15/2012,44
1934,01/26/2013,42
1935,11/02/2009,39
1936,12/24/2008,37
1937,10/17/2006,42
1938,08/27/2015,38
1939,04/26/2010,39
1940,03/04/2011,43
1941,07/05/2016,39
1942,09/16/2014,41
1943,09/23/2007,38
1944,02/11/2016,39
1945,12/17/2015,39
1946,08/01/2008,42
1947,07/09/2012,40
1948,11/28/2016,40
1949,07/12/2009,40
1950,05/07/2009,41
1951,06/29/2008,40
1952,04/22/2014,38
1953,10/21/2011,43
1954,02/15/2013,40
1955,06/29/2009,42
1956,03/04/2012,36
1957,08/27/2016,41
1958,04/26/2011,39
1959,11/10/2010,45
1960,04/22/2015,39
1961,10/17/2007,40
1962,12/24/2009,35
1963,01/26/2014,40
1964,09/23/2008,40
1965,07/16/2006,39
1966,07/20/2010,43
1967,09/16/2015,41
1968,12/17/2016,36
1969,07/09/2013,40
1970,11/06/2006,40
1971,08/01/2009,43
1972,02/22/2006,41
1973,11/10/2011,41
1974,07/09/2014,41
1975,04/22/2016,39
1976,03/11/2006,43
1977,07/20/2011,43
1978,09/16/2016,34
1979,02/15/2014,37
1980,10/21/2012,40
1981,09/23/2009,45
1982,08/05/2006,42
1983,04/26/2012,43
1984,03/04/2013,38
1985,07/16/2007,39
1986,01/26/2015,36
1987,02/19/2010,45
1988,10/17/2008,39
1989,02/22/2007,40
1990,12/28/2006,44
1991,11/06/2007,36
1992,07/20/2012,45
1993,12/28/2007,41
1994,10/17/2009,43
1995,02/22/2008,42
1996,11/06/2008,38
1997,03/11/2007,39
1998,11/10/2012,40
1999,09/27/2006,44
2000,05/13/2010,43
2001,03/08/2010,41
2002,07/09/2015,43
2003,02/19/2011,39
2004,02/15/2015,37
2005,10/21/2013,37
2006,07/16/2008,44
2007,08/05/2007,41
2008,01/26/2016,36
2009,04/26/2013,42
2010,03/04/2014,41
2011,10/25/2010,42
2012,07/16/2009,43
2013,02/22/2009,38
2014,12/28/2008,38
2015,02/19/2012,42
2016,11/06/2009,40
2017,07/20/2013,43
2018,11/10/2013,38
2019,09/27/2007,40
2020,10/21/2014,40
2021,02/15/2016,38
2022,07/09/2016,38
2023,03/11/2008,42
2024,05/13/2011,40
2025,03/08/2011,42
2026,01/04/2006,39
2027,06/02/2010,45
2028,08/05/2008,40
2029,03/04/2015,40
2030,04/26/2014,42
2031,08/05/2009,43
2032,02/19/2013,39
2033,10/25/2011,41
2034,07/20/2014,44
2035,05/13/2012,42
2036,03/08/2012,44
2037,07/24/2010,40
2038,06/02/2011,44
2039,11/10/2014,40
2040,01/04/2007,41
2041,02/26/2006,37
2042,10/21/2015,39
2043,03/04/2016,39
2044,03/11/2009,45
2045,11/14/2010,41
2046,04/26/2015,39
2047,12/28/2009,42
2048,09/27/2008,45
2049,11/10/2015,42
2050,07/24/2011,38
2051,06/02/2012,44
2052,11/14/2011,40
2053,02/26/2007,38
2054,01/04/2008,40
2055,04/26/2016,38
2056,10/21/2016,39
2057,08/13/2010,42
2058,05/20/2006,42
2059,03/15/2006,43
2060,02/19/2014,38
2061,10/25/2012,42
2062,07/20/2015,41
2063,08/09/2006,43
2064,09/27/2009,39
2065,05/13/2013,40
2066,03/08/2013,38
2067,02/26/2008,37
2068,11/10/2016,35
2069,05/13/2014,38
2070,03/08/2014,42
2071,08/09/2007,45
2072,11/14/2012,40
2073,07/24/2012,38
2074,01/04/2009,39
2075,05/17/2010,39
2076,06/02/2013,36
2077,08/13/2011,44
2078,05/20/2007,40
2079,03/15/2007,41
2080,02/19/2015,39
2081,10/25/2013,44
2082,07/20/2016,39
2083,12/01/2010,41
2084,07/31/2006,38
2085,01/12/2010,41
2086,08/09/2008,42
2087,05/13/2015,41
2088,03/08/2015,34
2089,05/20/2008,42
2090,03/15/2008,44
2091,06/06/2010,41
2092,01/08/2006,37
2093,11/21/2006,44
2094,10/29/2010,44
2095,02/26/2009,43
2096,07/24/2013,44
2097,06/02/2014,37
2098,05/17/2011,38
2099,08/13/2012,41
2100,11/14/2013,45
2101,02/19/2016,41
2102,10/25/2014,40
2103,08/09/2009,41
2104,07/31/2007,42
2105,10/25/2015,38
2106,06/06/2011,42
2107,07/28/2010,41
2108,01/08/2007,40
2109,12/01/2011,44
2110,05/13/2016,42
2111,03/08/2016,39
2112,01/12/2011,40
2113,11/18/2010,40
2114,11/21/2007,42
2115,04/02/2006,38
2116,06/02/2015,39
2117,07/24/2014,43
2118,10/29/2011,37
2119,08/13/2013,43
2120,11/14/2014,43
2121,05/20/2009,43
2122,03/15/2009,42
2123,05/17/2012,41
2124,11/14/2015,40
2125,08/13/2014,38
2126,05/17/2013,43
2127,07/24/2015,44
2128,06/02/2016,39
2129,07/28/2011,44
2130,06/06/2012,42
2131,10/25/2016,38
2132,07/31/2008,44
2133,01/12/2012,41
2134,11/18/2011,45
2135,01/08/2008,40
2136,08/17/2010,42
2137,12/01/2012,42
2138,04/02/2007,43
2139,05/24/2006,44
2140,11/21/2008,40
2141,10/29/2012,31
2142,06/13/2006,39
2143,08/13/2015,41
2144,04/02/2008,42
2145,05/24/2007,44
2146,07/24/2016,38
2147,05/17/2014,42
2148,11/14/2016,38
2149,10/03/2006,42
2150,07/28/2012,39
2151,10/29/2013,40
2152,06/06/2013,42
2153,01/08/2009,42
2154,12/01/2013,38
2155,01/12/2013,45
2156,11/18/2012,39
2157,07/31/2009,43
2158,08/17/2011,40
2159,11/21/2009,44
2160,04/02/2009,40
2161,10/29/2014,42
2162,12/01/2014,38
2163,01/12/2014,38
2164,11/18/2013,40
2165,05/24/2008,41
2166,03/21/2010,40
2167,08/17/2012,41
2168,06/13/2007,44
2169,05/17/2015,41
2170,01/16/2010,41
2171,12/05/2010,36
2172,08/13/2016,42
2173,11/25/2006,45
2174,10/03/2007,43
2175,07/28/2013,42
2176,06/06/2014,43
2177,10/29/2015,42
2178,11/18/2014,40
2179,03/21/2011,38
2180,08/17/2013,41
2181,12/01/2015,40
2182,01/12/2015,37
2183,05/24/2009,45
2184,06/13/2008,40
2185,01/16/2011,41
2186,12/05/2011,38
2187,05/17/2016,37
2188,09/04/2010,40
2189,11/25/2007,40
2190,10/03/2008,44
2191,04/06/2006,38
2192,07/28/2014,39
2193,06/06/2015,41
2194,04/10/2010,42
2195,11/25/2008,42
2196,03/21/2012,40
2197,01/16/2012,40
2198,10/03/2009,41
2199,07/28/2015,39
2200,04/10/2011,39
2201,06/06/2016,41
2202,05/28/2006,38
2203,12/05/2012,42
2204,04/06/2007,41
2205,08/17/2014,41
2206,11/18/2015,41
2207,01/12/2016,38
2208,09/04/2011,39
2209,12/01/2016,39
2210,10/29/2016,40
2211,06/13/2009,42
2212,09/04/2012,42
2213,11/25/2009,43
2214,12/05/2013,39
2215,01/16/2013,41
2216,07/28/2016,43
2217,04/10/2012,41
2218,04/06/2008,39
2219,05/28/2007,38
2220,08/22/2006,40
2221,06/17/2006,38
2222,11/18/2016,39
2223,02/03/2010,41
2224,03/21/2013,38
2225,06/21/2010,40
2226,08/17/2015,40
2227,12/12/2006,41
2228,12/05/2014,40
2229,09/04/2013,43
2230,01/16/2014,42
2231,04/06/2009,39
2232,03/25/2010,42
2233,04/10/2013,39
2234,05/28/2008,42
2235,09/11/2006,40
2236,02/03/2011,41
2237,12/09/2010,38
2238,03/21/2014,40
2239,08/22/2007,44
2240,06/17/2007,38
2241,12/12/2007,39
2242,08/17/2016,41
2243,06/21/2011,41
2244,04/14/2010,44
2245,03/25/2011,44
2246,12/12/2008,38
2247,09/08/2010,45
2248,12/05/2015,38
2249,01/16/2015,39
2250,05/28/2009,43
2251,09/04/2014,44
2252,04/10/2014,42
2253,09/11/2007,43
2254,01/21/2006,41
2255,08/22/2008,44
2256,06/17/2008,41
2257,03/21/2015,42
2258,02/03/2012,44
2259,12/09/2011,39
2260,06/21/2012,41
2261,09/08/2011,41
2262,02/03/2013,36
2263,12/09/2012,37
2264,08/22/2009,43
2265,06/17/2009,42
2266,03/21/2016,38
2267,06/21/2013,42
2268,12/12/2009,42
2269,04/14/2011,43
2270,12/05/2016,40
2271,01/16/2016,40
2272,07/04/2006,40
2273,03/25/2012,37
2274,09/11/2008,42
2275,05/03/2010,40
2276,09/04/2015,44
2277,02/10/2006,41
2278,04/10/2015,37
2279,01/21/2007,40
2280,12/20/2010,41
2281,09/04/2016,38
2282,05/03/2011,42
2283,08/30/2010,40
2284,06/25/2010,44
2285,09/08/2012,42
2286,01/21/2008,38
2287,02/03/2014,40
2288,12/09/2013,41
2289,04/10/2016,36
2290,06/21/2014,42
2291,09/11/2009,38
2292,04/14/2012,40
2293,07/04/2007,41
2294,08/26/2006,37
2295,02/10/2007,42
2296,12/16/2006,36
2297,02/07/2010,38
2298,03/25/2013,38
2299,01/21/2009,44
2300,03/25/2014,42
2301,02/10/2008,41
2302,12/16/2007,35
2303,08/30/2011,43
2304,06/25/2011,43
2305,05/03/2012,41
2306,12/20/2011,42
2307,02/07/2011,40
2308,04/21/2006,42
2309,02/03/2015,39
2310,12/09/2014,37
2311,03/29/2010,38
2312,06/21/2015,35
2313,09/08/2013,40
2314,09/15/2006,42
2315,04/14/2013,39
2316,08/26/2007,41
2317,07/04/2008,40
2318,07/04/2009,44
2319,08/26/2008,40
2320,08/30/2012,41
2321,05/03/2013,42
2322,09/15/2007,41
2323,02/07/2012,43
2324,03/25/2015,41
2325,12/20/2012,40
2326,06/25/2012,39
2327,02/10/2009,43
2328,12/16/2008,41
2329,01/25/2006,39
2330,04/18/2010,39
2331,04/14/2014,40
2332,10/13/2010,42
2333,02/03/2016,40
2334,10/09/2006,38
2335,12/09/2015,40
2336,04/21/2007,43
2337,03/29/2011,39
2338,09/08/2014,39
2339,06/21/2016,38
2340,08/26/2009,42
2341,01/25/2007,43
2342,12/16/2009,39
2343,04/14/2015,38
2344,11/02/2010,39
2345,02/07/2013,42
2346,03/25/2016,41
2347,08/30/2013,42
2348,06/25/2013,43
2349,05/03/2014,41
2350,02/14/2006,39
2351,12/20/2013,42
2352,04/18/2011,39
2353,04/21/2008,40
2354,12/09/2016,40
2355,10/13/2011,44
2356,10/09/2007,44
2357,07/12/2010,37
2358,03/29/2012,43
2359,09/08/2015,40
2360,07/08/2006,39
2361,05/07/2010,41
2362,09/15/2008,37
2363,10/13/2012,43
2364,04/18/2012,43
2365,06/29/2010,43
2366,09/08/2016,39
2367,04/21/2009,41
2368,02/14/2007,36
2369,07/12/2011,42
2370,05/07/2011,41
2371,12/24/2010,38
2372,09/15/2009,42
2373,11/02/2011,43
2374,03/03/2006,44
2375,01/25/2008,42
2376,10/09/2008,45
2377,04/14/2016,41
2378,02/07/2014,42
2379,03/29/2013,40
2380,08/30/2014,44
2381,06/25/2014,46
2382,05/03/2015,37
2383,08/01/2010,43
2384,12/20/2014,36
2385,07/08/2007,36
2386,10/13/2013,39
2387,12/20/2015,35
2388,08/01/2011,40
2389,02/14/2008,39
2390,10/20/2006,45
2391,03/29/2014,40
2392,10/09/2009,42
2393,04/18/2013,43
2394,07/08/2008,41
2395,06/29/2011,45
2396,07/12/2012,43
2397,05/07/2012,39
2398,09/19/2006,38
2399,09/23/2010,41
2400,12/24/2011,35
2401,11/02/2012,34
2402,01/25/2009,34
2403,03/03/2007,40
2404,06/30/2006,41
2405,04/25/2006,41
2406,02/07/2015,40
2407,08/30/2015,40
2408,06/25/2015,44
2409,05/03/2016,40
2410,04/18/2014,41
2411,08/30/2016,39
2412,03/29/2015,34
2413,10/17/2010,39
2414,02/07/2016,40
2415,10/20/2007,41
2416,09/19/2007,41
2417,07/08/2009,42
2418,08/01/2012,41
2419,06/29/2012,43
2420,07/12/2013,42
2421,05/07/2013,41
2422,06/25/2016,36
2423,01/29/2006,39
2424,12/20/2016,37
2425,10/13/2014,39
2426,02/14/2009,41
2427,11/02/2013,40
2428,12/24/2012,35
2429,06/30/2007,42
2430,04/25/2007,42
2431,03/03/2008,38
2432,09/23/2011,41
2433,06/30/2008,37
2434,03/03/2009,39
2435,07/16/2010,44
2436,09/19/2008,45
2437,10/20/2008,39
2438,01/29/2007,42
2439,12/31/2006,35
2440,02/18/2006,38
2441,08/01/2013,38
2442,04/25/2008,41
2443,10/13/2015,43
2444,02/22/2010,42
2445,11/06/2010,44
2446,04/18/2015,40
2447,05/07/2014,43
2448,03/29/2016,40
2449,06/29/2013,43
2450,11/02/2014,38
2451,07/12/2014,43
2452,12/24/2013,34
2453,09/23/2012,39
2454,10/17/2011,38
2455,06/30/2009,44
2456,04/25/2009,45
2457,08/05/2010,43
2458,09/23/2013,40
2459,10/17/2012,44
2460,11/02/2015,41
2461,12/24/2014,34
2462,03/11/2010,45
2463,07/12/2015,41
2464,05/07/2015,41
2465,07/16/2011,44
2466,06/29/2014,39
2467,10/20/2009,38
2468,02/18/2007,39
2469,09/19/2009,39
2470,04/18/2016,39
2471,11/06/2011,38
2472,02/22/2011,36
2473,12/28/2010,38
2474,01/29/2008,39
2475,12/31/2007,32
2476,05/12/2006,38
2477,03/07/2006,41
2478,10/13/2016,41
2479,08/01/2014,41
2480,09/30/2006,39
2481,12/24/2015,35
2482,08/05/2011,41
2483,11/02/2016,40
2484,09/23/2014,42
2485,10/24/2006,41
2486,06/29/2015,41
2487,03/11/2011,41
2488,07/12/2016,42
2489,06/01/2006,43
2490,10/17/2013,41
2491,07/16/2012,37
2492,02/18/2008,39
2493,09/27/2010,37
2494,02/22/2012,40
2495,12/28/2011,41
2496,11/06/2012,37
2497,08/01/2015,43
2498,01/29/2009,40
2499,12/31/2008,38
2500,05/12/2007,44
2501,03/07/2007,42
2502,09/30/2007,42
2503,04/29/2006,39
2504,05/07/2016,38
2505,03/11/2012,39
2506,11/06/2013,40
2507,02/22/2013,41
2508,12/28/2012,42
2509,09/30/2008,42
2510,04/29/2007,40
2511,05/12/2008,41
2512,03/07/2008,38
2513,08/01/2016,40
2514,06/29/2016,42
2515,12/31/2009,35
2516,09/27/2011,42
2517,12/24/2016,35
2518,07/23/2006,39
2519,06/01/2007,45
2520,10/24/2007,42
2521,11/13/2006,39
2522,01/04/2010,39
2523,09/23/2015,42
2524,08/05/2012,41
2525,10/17/2014,44
2526,02/18/2009,41
2527,07/16/2013,41
2528,02/22/2014,44
2529,10/17/2015,38
2530,04/29/2008,39
2531,05/12/2009,46
2532,03/07/2009,45
2533,09/27/2012,42
2534,03/11/2013,37
2535,11/06/2014,40
2536,12/28/2013,37
2537,07/16/2014,41
2538,09/30/2009,42
2539,08/12/2006,41
2540,10/24/2008,45
2541,06/01/2008,38
2542,07/23/2007,36
2543,02/26/2010,31
2544,01/04/2011,40
2545,08/05/2013,38
2546,09/23/2016,42
2547,11/13/2007,39
2548,11/13/2008,37
2549,07/16/2015,45
2550,05/16/2006,40
2551,05/20/2010,42
2552,03/15/2010,40
2553,08/09/2010,38
2554,09/27/2013,43
2555,10/17/2016,38
2556,04/29/2009,43
2557,11/06/2015,40
2558,02/22/2015,41
2559,12/28/2014,35
2560,10/24/2009,40
2561,08/12/2007,39
2562,03/11/2014,42
2563,07/23/2008,40
2564,06/01/2009,37
2565,01/04/2012,37
2566,02/26/2011,44
2567,08/05/2014,37
2568,07/23/2009,42
2569,05/16/2007,41
2570,08/05/2015,48
2571,11/13/2009,40
2572,07/16/2016,40
2573,05/20/2011,45
2574,03/15/2011,40
2575,06/05/2006,40
2576,12/28/2015,37
2577,11/06/2016,34
2578,02/22/2016,38
2579,10/28/2006,42
2580,01/11/2006,43
2581,08/12/2008,43
2582,09/27/2014,42
2583,08/09/2011,42
2584,02/26/2012,42
2585,01/04/2013,41
2586,03/11/2015,43
2587,01/11/2007,39
2588,11/17/2006,42
2589,08/05/2016,37
2590,01/04/2014,43
2591,02/26/2013,41
2592,05/16/2008,43
2593,10/28/2007,42
2594,07/27/2006,43
2595,05/20/2012,39
2596,03/15/2012,40
2597,06/05/2007,42
2598,12/28/2016,39
2599,01/08/2010,45
2600,07/31/2010,41
2601,09/27/2015,38
2602,08/09/2012,43
2603,08/12/2009,44
2604,11/21/2010,43
2605,03/11/2016,41
2606,06/05/2008,42
2607,01/11/2008,40
2608,11/17/2007,40
2609,07/27/2007,40
2610,04/02/2010,43
2611,11/21/2011,42
2612,02/26/2014,38
2613,05/16/2009,43
2614,01/04/2015,35
2615,08/16/2006,44
2616,10/28/2008,36
2617,05/20/2013,42
2618,03/15/2013,41
2619,01/08/2011,41
2620,08/09/2013,45
2621,07/31/2011,39
2622,09/27/2016,39
2623,01/11/2009,42
2624,11/17/2008,41
2625,08/09/2014,43
2626,07/31/2012,41
2627,01/08/2012,42
2628,05/24/2010,41
2629,04/02/2011,41
2630,05/20/2014,46
2631,03/15/2014,41
2632,07/27/2008,40
2633,06/05/2009,42
2634,10/28/2009,39
2635,11/21/2012,40
2636,01/04/2016,38
2637,02/26/2015,39
2638,08/16/2007,40
2639,07/27/2009,38
2640,07/31/2013,41
2641,08/09/2015,43
2642,05/20/2015,39
2643,03/15/2015,38
2644,01/08/2013,42
2645,10/03/2010,41
2646,06/13/2010,44
2647,03/20/2006,42
2648,12/04/2006,39
2649,05/24/2011,43
2650,04/02/2012,42
2651,11/17/2009,43
2652,11/21/2013,39
2653,02/26/2016,37
2654,06/09/2006,41
2655,01/15/2006,39
2656,08/16/2008,43
2657,06/13/2011,38
2658,03/20/2007,42
2659,06/09/2007,41
2660,10/03/2011,39
2661,11/25/2010,32
2662,01/08/2014,39
2663,05/20/2016,39
2664,03/15/2016,41
2665,07/31/2014,39
2666,01/15/2007,39
2667,08/09/2016,37
2668,12/04/2007,42
2669,08/16/2009,40
2670,09/03/2006,41
2671,11/21/2014,44
2672,04/02/2013,39
2673,05/24/2012,43
2674,06/13/2012,43
2675,05/24/2013,42
2676,04/06/2010,39
2677,04/02/2014,42
2678,03/20/2008,44
2679,01/15/2008,44
2680,05/31/2006,43
2681,12/04/2008,41
2682,09/03/2007,38
2683,06/09/2008,37
2684,10/03/2012,40
2685,11/25/2011,39
2686,11/21/2015,39
2687,01/08/2015,39
2688,07/31/2015,42
2689,05/24/2014,37
2690,09/03/2008,40
2691,06/20/2006,44
2692,04/02/2015,42
2693,06/09/2009,42
2694,11/21/2016,38
2695,06/13/2013,41
2696,03/20/2009,42
2697,01/15/2009,39
2698,12/04/2009,41
2699,05/31/2007,45
2700,04/06/2011,42
2701,05/28/2010,41
2702,07/31/2016,36
2703,01/08/2016,41
2704,10/03/2013,45
2705,11/25/2012,40
2706,02/02/2006,42
2707,05/24/2015,41
2708,12/12/2010,37
2709,03/24/2006,42
2710,01/19/2006,41
2711,09/03/2009,44
2712,06/20/2007,43
2713,02/02/2007,41
2714,12/08/2006,39
2715,04/02/2016,41
2716,06/13/2014,46
2717,06/17/2010,41
2718,10/03/2014,44
2719,11/25/2013,40
2720,04/06/2012,43
2721,05/28/2011,40
2722,05/31/2008,39
2723,08/22/2010,43
2724,05/31/2009,41
2725,03/24/2007,38
2726,01/19/2007,41
2727,11/25/2014,38
2728,09/11/2010,42
2729,02/02/2008,42
2730,12/08/2007,42
2731,10/03/2015,44
2732,04/06/2013,39
2733,08/22/2011,42
2734,06/17/2011,45
2735,12/12/2011,40
2736,09/07/2006,43
2737,05/24/2016,40
2738,06/20/2008,44
2739,04/13/2006,40
2740,06/13/2015,41
2741,05/28/2012,37
2742,05/28/2013,42
2743,04/13/2007,42
2744,11/30/2006,43
2745,09/07/2007,44
2746,04/06/2014,41
2747,10/03/2016,39
2748,09/11/2011,38
2749,11/25/2015,42
2750,01/21/2010,42
2751,08/22/2012,43
2752,06/17/2012,41
2753,06/13/2016,37
2754,02/02/2009,39
2755,12/08/2008,41
2756,03/24/2008,42
2757,01/19/2008,45
2758,05/02/2006,47
2759,06/20/2009,43
2760,12/12/2012,39
2761,11/30/2007,38
2762,02/06/2006,36
2763,09/07/2008,41
2764,06/24/2006,39
2765,07/04/2010,40
2766,11/25/2016,38
2767,04/13/2008,41
2768,09/11/2012,38
2769,02/10/2010,36
2770,04/06/2015,39
2771,05/28/2014,40
2772,12/12/2013,43
2773,08/22/2013,40
2774,06/17/2013,41
2775,01/21/2011,42
2776,12/08/2009,42
2777,03/24/2009,42
2778,01/19/2009,38
2779,05/02/2007,42
2780,08/22/2014,41
2781,06/17/2014,41
2782,09/11/2013,42
2783,07/04/2011,39
2784,03/28/2006,40
2785,04/13/2009,40
2786,02/06/2007,38
2787,08/26/2010,44
2788,05/28/2015,39
2789,09/07/2009,41
2790,02/10/2011,41
2791,12/16/2010,39
2792,04/06/2016,42
2793,05/02/2008,42
2794,11/30/2008,37
2795,01/21/2012,40
2796,12/12/2014,40
2797,06/24/2007,40
2798,10/12/2006,43
2799,04/21/2010,42
2800,05/02/2009,41
2801,01/21/2013,35
2802,12/12/2015,38
2803,08/22/2015,45
2804,06/17/2015,42
2805,09/15/2010,41
2806,07/04/2012,43
2807,08/26/2011,42
2808,11/30/2009,39
2809,02/06/2008,40
2810,03/28/2007,42
2811,06/24/2008,43
2812,05/28/2016,41
2813,02/10/2012,40
2814,12/16/2011,41
2815,09/11/2014,42
2816,04/17/2006,39
2817,02/10/2013,38
2818,12/16/2012,39
2819,04/21/2011,43
2820,04/17/2007,43
2821,10/12/2007,39
2822,08/22/2016,42
2823,06/17/2016,41
2824,11/01/2006,45
2825,10/09/2010,41
2826,01/21/2014,39
2827,07/11/2006,38
2828,12/12/2016,39
2829,09/15/2011,44
2830,07/04/2013,41
2831,08/26/2012,34
2832,09/11/2015,46
2833,06/24/2009,40
2834,05/06/2006,44
2835,01/25/2010,39
2836,03/28/2008,39
2837,02/06/2009,44
2838,01/21/2015,39
2839,04/21/2012,44
2840,10/09/2011,41
2841,02/10/2014,41
2842,12/16/2013,40
2843,09/11/2016,36
2844,07/08/2010,42
2845,06/28/2006,44
2846,10/12/2008,38
2847,07/11/2007,41
2848,04/17/2008,43
2849,09/15/2012,41
2850,08/26/2013,40
2851,07/04/2014,41
2852,11/01/2007,43
2853,01/25/2011,38
2854,03/28/2009,43
2855,12/23/2006,37
2856,05/06/2007,40
2857,02/14/2010,39
2858,05/06/2008,44
2859,03/03/2010,43
2860,08/26/2014,39
2861,07/04/2015,40
2862,12/23/2007,43
2863,04/17/2009,45
2864,11/01/2008,43
2865,09/22/2006,40
2866,02/10/2015,40
2867,12/16/2014,43
2868,10/12/2009,38
2869,10/09/2012,40
2870,04/21/2013,41
2871,01/21/2016,40
2872,07/08/2011,41
2873,02/14/2011,38
2874,07/11/2008,41
2875,06/28/2007,42
2876,09/15/2013,37
2877,01/25/2012,41
2878,11/01/2009,46
2879,09/15/2014,40
2880,08/26/2015,43
2881,03/03/2011,39
2882,06/30/2010,44
2883,04/25/2010,38
2884,01/25/2013,40
2885,07/04/2016,41
2886,12/23/2008,36
2887,10/16/2006,39
2888,02/14/2012,39
2889,05/06/2009,42
2890,10/20/2010,40
2891,02/10/2016,41
2892,12/16/2015,39
2893,09/19/2010,41
2894,10/09/2013,43
2895,09/22/2007,40
2896,06/28/2008,42
2897,07/11/2009,42
2898,04/21/2014,38
2899,07/08/2012,40
2900,09/15/2015,42
2901,07/08/2013,37
2902,06/30/2011,42
2903,04/25/2011,40
2904,03/03/2012,39
2905,01/25/2014,39
2906,08/26/2016,38
2907,12/23/2009,39
2908,10/16/2007,44
2909,12/16/2016,38
2910,10/20/2011,44
2911,07/15/2006,40
2912,02/21/2006,43
2913,10/09/2014,39
2914,11/05/2006,39
2915,06/28/2009,43
2916,09/22/2008,44
2917,02/14/2013,39
2918,09/19/2011,40
2919,04/21/2015,40
2920,01/29/2010,39
2921,01/29/2011,41
2922,12/31/2010,40
2923,07/08/2014,42
2924,04/21/2016,42
2925,09/19/2012,43
2926,09/22/2009,42
2927,10/09/2015,44
2928,03/10/2006,40
2929,02/14/2014,40
2930,09/15/2016,41
2931,10/20/2012,40
2932,11/05/2007,38
2933,02/21/2007,41
2934,12/27/2006,41
2935,02/18/2010,41
2936,01/25/2015,37
2937,08/04/2006,42
2938,06/30/2012,41
2939,04/25/2012,46
2940,03/03/2013,39
2941,10/16/2008,44
2942,07/15/2007,42
2943,02/18/2011,42
2944,11/05/2008,40
2945,02/21/2008,42
2946,12/27/2007,43
2947,07/15/2008,41
2948,10/20/2013,41
2949,09/30/2010,41
2950,10/09/2016,41
2951,09/19/2013,40
2952,01/29/2012,39
2953,12/31/2011,42
2954,03/10/2007,43
2955,07/08/2015,42
2956,05/12/2010,41
2957,03/07/2010,41
2958,02/14/2015,42
2959,06/30/2013,40
2960,04/25/2013,42
2961,03/03/2014,40
2962,08/04/2007,48
2963,09/26/2006,43
2964,01/25/2016,35
2965,10/16/2009,40
2966,10/20/2014,38
2967,09/19/2014,42
2968,02/21/2009,41
2969,12/27/2008,39
2970,05/12/2011,44
2971,11/05/2009,39
2972,01/29/2013,39
2973,12/31/2012,38
2974,02/18/2012,39
2975,03/07/2011,38
2976,04/29/2010,44
2977,09/30/2011,42
2978,06/01/2010,43
2979,03/10/2008,41
2980,10/24/2010,40
2981,07/08/2016,38
2982,02/14/2016,34
2983,01/03/2006,41
2984,08/04/2008,42
2985,09/26/2007,46
2986,06/30/2014,40
2987,04/25/2014,40
2988,03/03/2015,41
2989,07/15/2009,41
2990,02/25/2006,38
2991,08/04/2009,43
2992,03/10/2009,44
2993,01/03/2007,43
2994,11/09/2006,41
2995,06/01/2011,47
2996,07/23/2010,42
2997,09/26/2008,42
2998,03/03/2016,39
2999,10/20/2015,40
3000,06/30/2015,41
3001,04/25/2015,41
3002,11/13/2010,46
3003,10/24/2011,42
3004,09/19/2015,45
3005,12/27/2009,40
3006,02/18/2013,37
3007,01/29/2014,42
3008,12/31/2013,37
3009,04/29/2011,46
3010,05/12/2012,45
3011,03/07/2012,43
3012,09/30/2012,40
3013,07/19/2006,39
3014,07/19/2007,43
3015,07/23/2011,43
3016,08/12/2010,41
3017,06/01/2012,45
3018,09/30/2013,38
3019,10/24/2012,39
3020,01/03/2008,40
3021,11/09/2007,41
3022,11/13/2011,40
3023,02/25/2007,39
3024,06/30/2016,42
3025,04/25/2016,39
3026,04/29/2012,39
3027,05/12/2013,40
3028,09/26/2009,44
3029,02/18/2014,38
3030,09/19/2016,37
3031,03/14/2006,44
3032,10/20/2016,40
3033,03/07/2013,38
3034,08/08/2006,42
3035,01/29/2015,39
3036,12/31/2014,35
3037,12/31/2015,35
3038,07/23/2012,39
3039,05/12/2014,41
3040,03/07/2014,40
3041,01/29/2016,40
3042,06/01/2013,44
3043,04/29/2013,40
3044,02/25/2008,43
3045,11/13/2012,39
3046,01/03/2009,40
3047,11/09/2008,39
3048,05/16/2010,42
3049,02/18/2015,40
3050,08/12/2011,38
3051,10/31/2006,39
3052,09/30/2014,40
3053,07/19/2008,38
3054,08/08/2007,42
3055,10/24/2013,42
3056,03/14/2007,46
3057,10/31/2007,39
3058,02/18/2016,39
3059,12/31/2016,35
3060,10/28/2010,42
3061,01/07/2006,40
3062,04/29/2014,38
3063,11/20/2006,38
3064,08/08/2008,41
3065,01/11/2010,41
3066,05/12/2015,39
3067,03/07/2015,40
3068,07/30/2006,36
3069,03/14/2008,42
3070,07/19/2009,41
3071,09/30/2015,41
3072,06/01/2014,38
3073,08/12/2012,40
3074,07/23/2013,42
3075,10/24/2014,42
3076,02/25/2009,41
3077,06/05/2010,45
3078,11/09/2009,41
3079,11/13/2013,39
3080,05/16/2011,39
3081,01/07/2007,37
3082,10/28/2011,43
3083,07/27/2010,42
3084,03/14/2009,41
3085,06/05/2011,44
3086,08/08/2009,44
3087,10/31/2008,38
3088,07/30/2007,40
3089,01/11/2011,40
3090,11/17/2010,40
3091,05/12/2016,46
3092,03/07/2016,40
3093,04/29/2015,42
3094,09/30/2016,37
3095,08/12/2013,40
3096,11/20/2007,42
3097,07/23/2014,41
3098,06/01/2015,42
3099,04/01/2006,38
3100,10/24/2015,42
3101,05/16/2012,41
3102,11/13/2014,41
3103,11/13/2015,38
3104,08/16/2010,40
3105,05/16/2013,42
3106,01/07/2008,41
3107,07/30/2008,42
3108,10/28/2012,37
3109,10/31/2009,41
3110,06/05/2012,40
3111,01/11/2012,43
3112,11/17/2011,41
3113,04/29/2016,41
3114,08/12/2014,44
3115,07/27/2011,40
3116,10/24/2016,36
3117,11/20/2008,38
3118,06/01/2016,39
3119,07/23/2015,44
3120,04/01/2007,39
3121,05/23/2006,41
3122,05/16/2014,39
3123,01/11/2013,40
3124,11/17/2012,40
3125,10/02/2006,39
3126,11/20/2009,39
3127,10/28/2013,41
3128,08/16/2011,41
3129,11/13/2016,33
3130,07/23/2016,39
3131,07/30/2009,40
3132,06/12/2006,41
3133,07/27/2012,44
3134,06/05/2013,41
3135,02/29/2008,41
3136,01/07/2009,41
3137,08/12/2015,40
3138,05/23/2007,42
3139,04/01/2008,41
3140,06/05/2014,41
3141,01/11/2014,40
3142,11/17/2013,40
3143,08/12/2016,43
3144,07/27/2013,40
3145,06/09/2010,46
3146,04/01/2009,45
3147,05/23/2008,38
3148,05/16/2015,40
3149,12/04/2010,41
3150,08/16/2012,43
3151,03/20/2010,44
3152,01/15/2010,42
3153,10/02/2007,43
3154,11/24/2006,40
3155,10/28/2014,38
3156,06/12/2007,44
3157,11/17/2014,41
3158,06/12/2008,40
3159,01/11/2015,39
3160,10/28/2015,37
3161,05/23/2009,43
3162,09/03/2010,47
3163,03/20/2011,41
3164,01/15/2011,37
3165,08/16/2013,44
3166,05/16/2016,39
3167,12/04/2011,41
3168,06/05/2015,40
3169,07/27/2014,41
3170,04/05/2006,41
3171,11/24/2007,39
3172,10/02/2008,43
3173,06/09/2011,37
3174,11/24/2008,40
3175,04/05/2007,37
3176,05/27/2006,43
3177,10/02/2009,45
3178,10/28/2016,42
3179,05/31/2010,39
3180,06/05/2016,36
3181,01/11/2016,40
3182,11/17/2015,39
3183,07/27/2015,39
3184,09/03/2011,42
3185,06/12/2009,46
3186,06/09/2012,41
3187,12/04/2012,41
3188,03/20/2012,42
3189,01/15/2012,38
3190,08/16/2014,39
3191,11/24/2009,41
3192,08/16/2015,45
3193,04/05/2008,43
3194,05/27/2007,36
3195,06/16/2006,42
3196,06/09/2013,39
3197,03/20/2013,41
3198,01/15/2013,42
3199,12/04/2013,41
3200,05/31/2011,44
3201,07/27/2016,42
3202,08/21/2006,44
3203,11/17/2016,40
3204,02/02/2010,39
3205,12/11/2006,44
3206,06/20/2010,41
3207,09/03/2012,46
3208,12/04/2014,40
3209,04/05/2009,35
3210,06/16/2007,42
3211,05/27/2008,41
3212,06/09/2014,39
3213,03/20/2014,41
3214,01/15/2014,45
3215,08/16/2016,40
3216,05/31/2012,42
3217,09/10/2006,40
3218,08/21/2007,40
3219,03/24/2010,43
3220,01/19/2010,44
3221,02/02/2011,41
3222,12/08/2010,41
3223,09/03/2013,41
3224,06/20/2011,38
3225,12/11/2007,41
3226,04/09/2006,39
3227,03/24/2011,42
3228,01/19/2011,44
3229,02/02/2012,40
3230,12/08/2011,42
3231,06/20/2012,43
3232,06/09/2015,39
3233,04/13/2010,42
3234,09/03/2014,43
3235,12/11/2008,40
3236,08/21/2008,40
3237,06/16/2008,39
3238,09/07/2010,41
3239,12/04/2015,38
3240,01/15/2015,41
3241,05/27/2009,43
3242,09/10/2007,43
3243,03/20/2015,38
3244,05/31/2013,43
3245,06/20/2013,39
3246,02/02/2013,45
3247,12/08/2012,41
3248,09/03/2015,44
3249,03/24/2012,42
3250,01/19/2012,40
3251,05/02/2010,41
3252,07/03/2006,39
3253,09/10/2008,40
3254,08/21/2009,43
3255,12/11/2009,39
3256,05/31/2014,40
3257,06/09/2016,38
3258,04/09/2007,42
3259,04/13/2011,40
3260,06/16/2009,41
3261,11/30/2010,40
3262,12/04/2016,37
3263,03/20/2016,37
3264,01/15/2016,41
3265,09/07/2011,39
3266,03/24/2013,42
3267,01/19/2013,40
3268,05/31/2015,43
3269,05/02/2011,42
3270,06/20/2014,42
3271,02/02/2014,37
3272,12/08/2013,35
3273,09/03/2016,41
3274,12/15/2006,43
3275,03/31/2006,43
3276,07/03/2007,45
3277,09/10/2009,44
3278,09/07/2012,42
3279,06/24/2010,44
3280,04/09/2008,40
3281,04/13/2012,42
3282,11/30/2011,39
3283,02/06/2010,41
3284,08/25/2006,40
3285,08/25/2007,41
3286,06/24/2011,43
3287,04/13/2013,44
3288,12/15/2007,42
3289,03/31/2007,38
3290,02/06/2011,38
3291,03/28/2010,44
3292,11/30/2012,37
3293,07/03/2008,43
3294,04/20/2006,41
3295,05/31/2016,39
3296,03/24/2014,40
3297,01/19/2014,41
3298,02/02/2015,37
3299,12/08/2014,41
3300,05/02/2012,41
3301,04/09/2009,45
3302,09/14/2006,42
3303,06/20/2015,43
3304,09/07/2013,43
3305,11/30/2013,42
3306,03/28/2011,39
3307,08/25/2008,40
3308,09/07/2014,41
3309,06/24/2012,41
3310,02/06/2012,42
3311,03/31/2008,40
3312,12/15/2008,43
3313,04/17/2010,39
3314,04/13/2014,45
3315,01/24/2006,43
3316,10/08/2006,40
3317,07/03/2009,47
3318,04/20/2007,43
3319,05/02/2013,41
3320,06/20/2016,40
3321,02/02/2016,42
3322,12/08/2015,40
3323,03/24/2015,42
3324,01/19/2015,37
3325,10/12/2010,41
3326,09/14/2007,45
3327,04/20/2008,43
3328,08/25/2009,41
3329,09/14/2008,38
3330,07/07/2006,42
3331,06/24/2013,38
3332,02/06/2013,40
3333,11/01/2010,40
3334,09/07/2015,39
3335,04/13/2015,42
3336,11/30/2014,41
3337,03/28/2012,42
3338,05/06/2010,39
3339,12/15/2009,41
3340,03/31/2009,45
3341,10/08/2007,40
3342,01/24/2007,39
3343,04/17/2011,39
3344,12/08/2016,40
3345,03/24/2016,40
3346,01/19/2016,37
3347,10/12/2011,38
3348,07/11/2010,41
3349,05/02/2014,40
3350,02/13/2006,36
3351,08/29/2006,42
3352,10/08/2008,39
3353,01/24/2008,44
3354,05/02/2015,40
3355,04/20/2009,39
3356,02/13/2007,40
3357,12/19/2006,40
3358,07/11/2011,40
3359,10/12/2012,44
3360,04/17/2012,40
3361,06/28/2010,38
3362,09/14/2009,38
3363,11/01/2011,43
3364,04/13/2016,43
3365,12/23/2010,42
3366,03/02/2006,39
3367,07/07/2007,39
3368,11/30/2015,37
3369,05/06/2011,44
3370,03/28/2013,41
3371,09/07/2016,40
3372,06/24/2014,43
3373,02/06/2014,40
3374,09/22/2010,45
3375,04/17/2013,41
3376,01/24/2009,44
3377,10/12/2013,44
3378,10/08/2009,41
3379,02/13/2008,42
3380,12/19/2007,38
3381,08/29/2007,44
3382,09/18/2006,41
3383,12/23/2011,41
3384,05/02/2016,38
3385,06/28/2011,43
3386,11/01/2012,35
3387,04/24/2006,40
3388,03/02/2007,42
3389,07/11/2012,41
3390,07/07/2008,40
3391,03/28/2014,42
3392,11/30/2016,36
3393,02/06/2015,41
3394,05/06/2012,42
3395,06/24/2015,39
3396,10/16/2010,38
3397,02/06/2016,40
3398,03/28/2015,38
3399,09/18/2007,43
3400,04/17/2014,43
3401,06/24/2016,38
3402,05/06/2013,39
3403,09/22/2011,42
3404,10/12/2014,39
3405,08/29/2008,40
3406,02/13/2009,43
3407,12/19/2008,40
3408,06/28/2012,43
3409,07/11/2013,39
3410,11/01/2013,40
3411,12/23/2012,39
3412,01/28/2006,40
3413,03/02/2008,40
3414,07/07/2009,44
3415,04/24/2007,42
3416,11/01/2014,38
3417,05/06/2014,45
3418,12/23/2013,37
3419,04/24/2008,42
3420,03/02/2009,34
3421,01/28/2007,39
3422,03/28/2016,35
3423,10/16/2011,38
3424,02/17/2006,42
3425,09/18/2008,44
3426,09/22/2012,45
3427,07/15/2010,44
3428,04/17/2015,41
3429,11/05/2010,43
3430,08/29/2009,41
3431,02/21/2010,42
3432,10/12/2015,40
3433,12/19/2009,38
3434,12/30/2006,39
3435,07/11/2014,41
3436,06/28/2013,43
3437,10/16/2012,41
3438,07/11/2015,40
3439,08/04/2010,40
3440,03/10/2010,39
3441,04/24/2009,43
3442,01/28/2008,40
3443,03/06/2006,40
3444,09/18/2009,46
3445,07/15/2011,39
3446,05/06/2015,40
3447,02/17/2007,37
3448,12/30/2007,37
3449,02/21/2011,41
3450,12/27/2010,26
3451,05/11/2006,41
3452,11/05/2011,41
3453,04/17/2016,40
3454,09/22/2013,40
3455,06/28/2014,39
3456,10/12/2016,38
3457,11/01/2015,40
3458,12/23/2014,37
3459,12/23/2015,36
3460,11/01/2016,42
3461,05/11/2007,42
3462,08/04/2011,42
3463,09/26/2010,39
3464,01/28/2009,38
3465,03/06/2007,40
3466,07/15/2012,41
3467,10/16/2013,42
3468,05/06/2016,41
3469,02/21/2012,39
3470,12/27/2011,37
3471,11/05/2012,37
3472,02/17/2008,39
3473,09/22/2014,39
3474,12/30/2008,39
3475,04/28/2006,41
3476,06/28/2015,38
3477,03/10/2011,39
3478,07/11/2016,37
3479,10/23/2006,42
3480,09/22/2015,39
3481,02/17/2009,42
3482,12/30/2009,39
3483,03/10/2012,40
3484,04/28/2007,44
3485,07/22/2006,41
3486,06/28/2016,38
3487,05/11/2008,35
3488,12/23/2016,38
3489,11/05/2013,41
3490,02/21/2013,42
3491,12/27/2012,40
3492,01/03/2010,39
3493,10/23/2007,42
3494,08/04/2012,39
3495,09/26/2011,41
3496,11/12/2006,41
3497,03/06/2008,43
3498,10/16/2014,43
3499,07/15/2013,39
3500,07/15/2014,39
3501,09/22/2016,40
3502,08/11/2006,40
3503,11/05/2014,41
3504,02/21/2014,42
3505,12/27/2013,42
3506,03/10/2013,40
3507,07/19/2010,40
3508,04/28/2008,38
3509,05/11/2009,43
3510,10/23/2008,41
3511,07/22/2007,39
3512,02/25/2010,39
3513,11/09/2010,40
3514,09/26/2012,42
3515,01/03/2011,37
3516,10/16/2015,40
3517,03/06/2009,43
3518,08/04/2013,41
3519,11/12/2007,37
3520,07/22/2008,43
3521,07/15/2015,44
3522,08/08/2010,43
3523,03/14/2010,36
3524,09/26/2013,41
3525,08/04/2014,44
3526,12/27/2014,34
3527,11/12/2008,39
3528,02/21/2015,38
3529,11/05/2015,42
3530,03/10/2014,39
3531,07/19/2011,41
3532,04/28/2009,43
3533,08/11/2007,44
3534,10/23/2009,43
3535,05/15/2006,42
3536,10/16/2016,35
3537,01/03/2012,42
3538,11/09/2011,44
3539,02/25/2011,42
3540,02/25/2012,43
3541,01/03/2013,39
3542,11/09/2012,40
3543,11/12/2009,42
3544,05/15/2007,44
3545,10/27/2006,41
3546,07/22/2009,41
3547,03/14/2011,42
3548,06/04/2006,40
3549,09/26/2014,44
3550,07/15/2016,42
3551,08/04/2015,41
3552,12/27/2015,36
3553,10/31/2010,40
3554,02/21/2016,39
3555,11/05/2016,43
3556,03/10/2015,42
3557,08/08/2011,42
3558,01/10/2006,40
3559,08/11/2008,40
3560,07/19/2012,37
3561,08/08/2012,44
3562,07/19/2013,40
3563,03/10/2016,42
3564,11/20/2010,44
3565,07/30/2010,42
3566,08/04/2016,41
3567,09/26/2015,40
3568,06/04/2007,39
3569,01/03/2014,37
3570,11/09/2013,43
3571,02/25/2013,39
3572,03/14/2012,42
3573,05/15/2008,43
3574,07/26/2006,43
3575,12/27/2016,38
3576,10/31/2011,39
3577,10/27/2007,42
3578,01/10/2007,42
3579,11/16/2006,42
3580,01/07/2010,41
3581,08/11/2009,45
3582,11/20/2011,38
3583,01/10/2008,40
3584,11/16/2007,41
3585,06/04/2008,42
3586,07/19/2014,45
3587,04/01/2010,42
3588,08/08/2013,41
3589,07/30/2011,43
3590,11/09/2014,42
3591,02/25/2014,40
3592,01/03/2015,40
3593,01/07/2011,42
3594,09/26/2016,36
3595,05/15/2009,41
3596,08/15/2006,46
3597,03/14/2013,40
3598,10/27/2008,41
3599,07/26/2007,44
3600,10/31/2012,35
3601,07/30/2012,41
3602,01/07/2012,42
3603,08/08/2014,43
3604,10/27/2009,43
3605,10/31/2013,41
3606,07/26/2008,39
3607,11/20/2012,39
3608,01/10/2009,38
3609,11/16/2008,42
3610,05/23/2010,38
3611,07/19/2015,41
3612,04/01/2011,43
3613,05/19/2006,40
3614,06/04/2009,44
3615,01/03/2016,37
3616,11/09/2015,40
3617,02/25/2015,42
3618,03/14/2014,40
3619,08/15/2007,44
3620,03/14/2015,42
3621,10/02/2010,43
3622,02/29/2012,41
3623,01/07/2013,42
3624,12/03/2006,38
3625,01/14/2006,41
3626,08/15/2008,44
3627,06/08/2006,42
3628,07/26/2009,38
3629,08/08/2015,43
3630,06/12/2010,45
3631,07/30/2013,37
3632,10/31/2014,40
3633,11/20/2013,41
3634,11/16/2009,40
3635,04/01/2012,38
3636,05/23/2011,37
3637,05/19/2007,38
3638,07/19/2016,42
3639,11/09/2016,35
3640,02/25/2016,39
3641,12/03/2007,38
3642,08/15/2009,44
3643,01/14/2007,43
3644,03/14/2016,40
3645,10/02/2011,41
3646,11/24/2010,42
3647,01/07/2014,40
3648,06/08/2007,40
3649,10/31/2015,42
3650,07/30/2014,40
3651,06/12/2011,43
3652,08/08/2016,40
3653,05/23/2012,42
3654,04/01/2013,38
3655,05/19/2008,37
3656,09/02/2006,41
3657,11/20/2014,38
3658,01/14/2008,44
3659,12/03/2008,40
3660,10/02/2012,41
3661,11/24/2011,34
3662,10/31/2016,36
3663,06/08/2008,41
3664,05/30/2006,42
3665,01/07/2015,37
3666,04/05/2010,40
3667,05/23/2013,43
3668,08/19/2006,41
3669,09/02/2007,41
3670,06/12/2012,40
3671,07/30/2015,41
3672,05/19/2009,42
3673,04/01/2014,39
3674,11/20/2015,45
3675,09/02/2008,41
3676,08/19/2007,42
3677,02/01/2006,40
3678,04/01/2015,40
3679,05/27/2010,42
3680,01/14/2009,41
3681,04/05/2011,41
3682,05/23/2014,40
3683,12/03/2009,40
3684,06/08/2009,39
3685,05/30/2007,41
3686,06/12/2013,41
3687,07/30/2016,41
3688,01/07/2016,41
3689,11/20/2016,39
3690,10/02/2013,38
3691,11/24/2012,41
3692,02/29/2016,34
3693,09/02/2009,40
3694,06/12/2014,41
3695,08/19/2008,43
3696,05/23/2015,44
3697,12/11/2010,43
3698,02/01/2007,42
3699,12/07/2006,43
3700,03/23/2006,42
3701,01/18/2006,40
3702,04/01/2016,43
3703,08/21/2010,43
3704,06/16/2010,44
3705,05/30/2008,43
3706,10/02/2014,39
3707,11/24/2013,40
3708,04/05/2012,42
3709,05/27/2011,41
3710,09/10/2010,46
3711,09/06/2006,39
3712,05/30/2009,47
3713,08/21/2011,41
3714,06/12/2015,43
3715,04/05/2013,43
3716,05/27/2012,38
3717,03/23/2007,41
3718,01/18/2007,43
3719,12/11/2011,41
3720,05/23/2016,38
3721,02/01/2008,42
3722,12/07/2007,42
3723,08/19/2009,39
3724,04/12/2006,42
3725,06/16/2011,43
3726,10/02/2015,41
3727,11/24/2014,35
3728,10/02/2016,39
3729,04/05/2014,41
3730,05/27/2013,39
3731,11/24/2015,43
3732,09/06/2007,43
3733,06/16/2012,39
3734,09/10/2011,40
3735,06/12/2016,40
3736,08/21/2012,42
3737,04/12/2007,38
3738,02/01/2009,41
3739,12/11/2012,42
3740,03/23/2008,43
3741,01/18/2008,43
3742,04/09/2010,41
3743,12/07/2008,41
3744,05/01/2006,41
3745,06/16/2013,36
3746,04/09/2011,44
3747,04/05/2015,37
3748,05/27/2014,41
3749,12/11/2013,38
3750,02/05/2006,37
3751,09/06/2008,38
3752,11/24/2016,33
3753,09/10/2012,41
3754,07/03/2010,42
3755,08/21/2013,40
3756,04/12/2008,39
3757,01/18/2009,38
3758,12/07/2009,40
3759,03/23/2009,38
3760,05/01/2007,46
3761,06/23/2006,43
3762,05/01/2008,42
3763,06/23/2007,40
3764,12/11/2014,41
3765,04/09/2012,39
3766,06/16/2014,40
3767,08/25/2010,41
3768,09/06/2009,40
3769,05/27/2015,42
3770,09/10/2013,41
3771,03/31/2010,44
3772,04/05/2016,38
3773,12/15/2010,37
3774,08/21/2014,42
3775,07/03/2011,41
3776,02/05/2007,39
3777,03/27/2006,41
3778,04/12/2009,35
3779,08/21/2015,40
3780,03/31/2011,41
3781,07/03/2012,45
3782,12/15/2011,41
3783,04/09/2013,39
3784,05/01/2009,41
3785,06/23/2008,44
3786,09/14/2010,43
3787,04/20/2010,42
3788,12/11/2015,40
3789,10/11/2006,41
3790,02/05/2008,42
3791,03/27/2007,40
3792,06/16/2015,42
3793,08/25/2011,42
3794,05/27/2016,39
3795,04/16/2006,36
3796,09/10/2014,39
3797,10/11/2007,41
3798,09/10/2015,41
3799,10/08/2010,45
3800,04/16/2007,37
3801,07/03/2013,43
3802,01/24/2010,40
3803,04/20/2011,43
3804,08/21/2016,39
3805,06/23/2009,43
3806,09/14/2011,42
3807,07/10/2006,41
3808,05/05/2006,39
3809,12/11/2016,42
3810,04/09/2014,42
3811,06/16/2016,40
3812,08/25/2012,45
3813,03/27/2008,42
3814,02/05/2009,40
3815,03/31/2012,39
3816,12/15/2012,40
3817,09/10/2016,40
3818,07/07/2010,43
3819,08/25/2013,40
3820,07/10/2007,42
3821,05/05/2007,39
3822,10/08/2011,41
3823,03/31/2013,37
3824,12/15/2013,38
3825,06/27/2006,40
3826,01/24/2011,39
3827,07/03/2014,43
3828,04/16/2008,41
3829,03/27/2009,40
3830,04/20/2012,42
3831,10/11/2008,40
3832,02/09/2006,39
3833,09/14/2012,43
3834,12/22/2006,42
3835,02/13/2010,37
3836,04/09/2015,41
3837,03/02/2010,42
3838,07/07/2011,40
3839,06/27/2007,44
3840,07/10/2008,41
3841,05/05/2008,38
3842,08/25/2014,40
3843,04/16/2009,40
3844,03/31/2014,39
3845,12/22/2007,42
3846,12/15/2014,39
3847,09/21/2006,39
3848,08/29/2010,43
3849,10/11/2009,41
3850,10/08/2012,36
3851,01/24/2012,44
3852,02/09/2007,39
3853,04/20/2013,41
3854,07/03/2015,40
3855,02/13/2011,39
3856,12/19/2010,37
3857,04/09/2016,38
3858,09/14/2013,42
3859,09/14/2014,36
3860,08/29/2011,38
3861,02/13/2012,39
3862,12/19/2011,37
3863,12/22/2008,38
3864,01/31/2006,41
3865,10/15/2006,40
3866,08/25/2015,40
3867,06/27/2008,41
3868,07/07/2012,45
3869,07/10/2009,44
3870,05/05/2009,40
3871,04/24/2010,42
3872,03/02/2011,43
3873,09/21/2007,43
3874,10/08/2013,40
3875,01/24/2013,41
3876,07/03/2016,39
3877,04/20/2014,38
3878,12/15/2015,39
3879,03/31/2015,39
3880,09/18/2010,42
3881,02/09/2008,40
3882,02/09/2009,39
3883,10/08/2014,41
3884,01/24/2014,44
3885,08/29/2012,41
3886,02/13/2013,42
3887,12/19/2012,43
3888,07/14/2006,40
3889,05/09/2006,42
3890,02/20/2006,40
3891,09/14/2015,41
3892,04/24/2011,40
3893,03/02/2012,43
3894,07/07/2013,41
3895,04/20/2015,36
3896,08/25/2016,41
3897,11/04/2006,40
3898,01/28/2010,41
3899,12/22/2009,38
3900,06/27/2009,42
3901,01/31/2007,39
3902,10/15/2007,40
3903,09/21/2008,38
3904,12/15/2016,37
3905,03/31/2016,41
3906,09/18/2011,43
3907,07/14/2007,44
3908,05/09/2007,40
3909,02/20/2007,43
3910,12/26/2006,42
3911,12/30/2010,42
3912,04/20/2016,41
3913,08/29/2013,41
3914,02/17/2010,39
3915,09/14/2016,41
3916,11/04/2007,43
3917,02/13/2014,39
3918,12/19/2013,42
3919,08/03/2006,41
3920,01/28/2011,41
3921,01/31/2008,38
3922,10/15/2008,42
3923,04/24/2012,41
3924,07/07/2014,39
3925,03/02/2013,39
3926,10/08/2015,43
3927,01/24/2015,43
3928,09/21/2009,40
3929,09/18/2012,41
3930,12/30/2011,40
3931,02/17/2011,41
3932,10/08/2016,44
3933,01/24/2016,31
3934,08/03/2007,43
3935,09/25/2006,40
3936,10/15/2009,39
3937,02/20/2008,43
3938,12/26/2007,38
3939,09/18/2013,44
3940,04/24/2013,41
3941,08/29/2014,42
3942,03/02/2014,44
3943,05/11/2010,40
3944,03/06/2010,45
3945,07/07/2015,40
3946,01/31/2009,38
3947,01/28/2012,44
3948,07/14/2008,40
3949,05/09/2008,41
3950,02/13/2015,39
3951,12/19/2014,40
3952,11/04/2008,38
3953,10/23/2010,44
3954,07/07/2016,43
3955,02/17/2012,41
3956,01/28/2013,40
3957,01/02/2006,38
3958,03/02/2015,40
3959,02/20/2009,39
3960,12/26/2008,38
3961,11/04/2009,40
3962,09/18/2014,41
3963,12/30/2012,38
3964,08/29/2015,42
3965,05/11/2011,42
3966,04/28/2010,43
3967,10/19/2006,42
3968,07/14/2009,43
3969,05/09/2009,42
3970,12/19/2015,36
3971,02/13/2016,41
3972,08/03/2008,42
3973,09/25/2007,42
3974,03/06/2011,38
3975,04/24/2014,38
3976,01/28/2014,43
3977,07/18/2006,40
3978,08/03/2009,39
3979,09/25/2008,37
3980,09/18/2015,43
3981,04/28/2011,42
3982,11/12/2010,43
3983,08/29/2016,40
3984,03/02/2016,39
3985,05/11/2012,41
3986,03/06/2012,38
3987,12/26/2009,38
3988,11/08/2006,43
3989,10/19/2007,42
3990,10/23/2011,38
3991,12/19/2016,39
3992,12/30/2013,40
3993,01/02/2007,40
3994,02/24/2006,40
3995,04/24/2015,40
3996,07/22/2010,45
3997,02/17/2013,38
3998,04/28/2012,42
3999,05/11/2013,42
4000,10/23/2012,43
4001,10/19/2008,40
4002,02/24/2007,40
4003,01/02/2008,41
4004,03/13/2006,40
4005,09/25/2009,42
4006,07/22/2011,46
4007,01/28/2015,39
4008,08/11/2010,43
4009,11/12/2011,43
4010,12/30/2014,35
4011,04/24/2016,38
4012,03/06/2013,41
4013,11/08/2007,41
4014,07/18/2007,43
4015,08/07/2006,42
4016,09/18/2016,42
4017,02/17/2014,37
