count,DATE,AWND,FMTM,PGTM,PRCP,TMAX,TMIN
1606,2010/1/22,6.49,1356,1355,0,44,32
1553,2010/8/10,3.36,102,102,0,92,78
1284,2011/2/26,,2046,2111,0,43,31
1540,2011/9/14,4.92,2059,2121,0,85,70
1093,2012/4/1,2.46,,,0.51,52,42
1543,2012/10/18,4.25,,,0,65,50
1325,2013/5/6,3.58,,,0,69,46
1479,2013/11/22,6.26,,,0.07,57,51
1451,2014/6/10,3.36,,,0,77,65
925,2014/12/27,4.47,,,0,55,44
1565,2015/7/15,4.47,,,0.12,81,72
1122,2016/1/31,5.14,,,0,56,36
1453,2016/8/18,1.57,,,0.03,85,72
1436,2010/1/23,3.13,310,757,0,40,28
1649,2010/8/11,5.14,1128,900,0,93,76
1188,2011/2/27,6.49,1031,1030,0,50,38
1382,2011/9/15,4.7,1744,1709,0.07,76,53
1453,2012/4/2,7.83,,,0.04,57,40
1524,2012/10/19,5.14,,,0.89,66,61
1579,2013/5/7,5.82,,,0,74,52
1415,2013/11/23,9.62,,,0,54,31
1571,2014/6/11,7.16,,,0.02,70,61
939,2014/12/28,5.82,,,0.1,54,43
1558,2015/7/16,5.59,,,0,80,64
1250,2016/2/1,5.82,,,0.01,59,44
1461,2016/8/19,2.24,,,0.01,88,74
1180,2010/1/24,2.46,1141,1134,0.02,50,32
1506,2010/8/12,5.82,1916,1916,0.09,76,68
1279,2011/2/28,9.62,1917,1155,0.44,60,40
1415,2011/9/16,5.37,1042,900,0,65,51
1533,2012/4/3,5.82,,,0,64,40
1483,2012/10/20,3.58,,,0,69,54
1370,2013/5/8,5.59,,,3.02,63,55
1058,2013/11/24,12.08,,,0,30,23
1602,2014/6/12,5.59,,,0.07,73,60
1141,2014/12/29,5.14,,,0,44,34
1404,2015/7/17,3.8,,,0,81,67
1446,2016/2/2,3.58,,,0,50,38
1317,2016/8/20,4.7,,,0.82,83,70
1241,2010/1/25,,1438,1432,1.25,57,49
1499,2010/8/13,7.38,444,451,0,82,68
1419,2011/3/1,6.71,1033,850,0,46,33
1250,2011/9/17,5.37,931,930,0,65,53
1583,2012/4/4,5.82,,,0,68,47
1209,2012/10/21,5.82,,,0,65,49
1417,2013/5/9,3.58,,,0.5,68,54
1338,2013/11/25,5.82,,,0,35,23
1421,2014/6/13,3.58,,,1.28,79,65
1085,2014/12/30,4.25,,,0,34,28
1324,2015/7/18,4.47,,,0.32,85,71
1352,2016/2/3,6.49,,,0.73,59,42
1269,2016/8/21,4.25,,,0.31,86,73
1537,2010/1/26,8.72,1419,1434,0,49,35
1429,2010/8/14,5.37,1205,1443,0,82,65
1517,2011/3/2,10.96,1931,1740,0,53,25
1161,2011/9/18,7.38,1124,921,0,68,53
1441,2012/4/5,5.14,,,0,58,42
1409,2012/10/22,4.25,,,0,66,49
1530,2013/5/10,3.8,,,0.01,79,59
1319,2013/11/26,4.25,,,0.51,47,33
1393,2014/6/14,4.7,,,0,74,60
875,2014/12/31,5.59,,,0,32,27
1212,2015/7/19,3.13,,,0,93,78
1425,2016/2/4,5.82,,,0,59,44
1416,2016/8/22,5.82,,,0,79,65
1501,2010/1/27,6.93,1535,1712,0,39,31
1302,2010/8/15,4.7,1537,1512,0.16,77,67
1313,2011/3/3,5.59,26,118,0,33,20
1308,2011/9/19,4.92,928,1506,0,68,52
1374,2012/4/6,6.71,,,0,59,38
1491,2012/10/23,1.34,,,0.03,65,54
1357,2013/5/11,3.13,,,1.09,70,61
1229,2013/11/27,9.62,,,1.98,62,35
1229,2014/6/15,4.25,,,0,80,59
1040,2015/1/1,7.16,,,0,39,27
1444,2015/7/20,4.47,,,0,94,82
1240,2016/2/5,8.28,,,0.53,44,31
1456,2016/8/23,1.79,,,0,82,61
1353,2010/1/28,8.5,2050,2051,0.09,42,20
1421,2010/8/16,4.03,1258,640,0.11,86,69
1442,2011/3/4,7.83,1729,1650,0,41,27
1470,2011/9/20,4.03,1205,811,0.06,68,61
1306,2012/4/7,5.59,,,0,61,40
1463,2012/10/24,5.14,,,0,59,56
1181,2013/5/12,7.83,,,0,70,51
781,2013/11/28,7.16,,,0,35,30
1462,2014/6/16,2.91,,,0,81,63
1009,2015/1/2,7.16,,,0,42,35
1537,2015/7/21,2.46,,,0,89,74
1214,2016/2/6,5.59,,,0,40,30
1518,2016/8/24,,,,0,88,68
1320,2010/1/29,11.63,1645,1645,0,23,16
1524,2010/8/17,3.13,1444,146,0,91,74
1369,2011/3/5,8.95,1423,1712,0.01,61,41
1574,2011/9/21,2.24,2012,1341,0.06,73,63
1003,2012/4/8,7.83,,,0,67,44
1476,2012/10/25,3.13,,,0,62,55
1377,2013/5/13,7.16,,,0,58,45
1311,2013/11/29,3.8,,,0,39,29
1504,2014/6/17,4.03,,,0,89,71
931,2015/1/3,6.49,,,0.71,42,33
1574,2015/7/22,5.82,,,0,85,69
1068,2016/2/7,5.37,,,0,47,33
1456,2016/8/25,,,,0.01,86,69
1150,2010/1/30,8.95,402,401,0,20,13
1550,2010/8/18,4.47,1147,1235,0,86,72
1005,2011/3/6,8.5,2230,2059,2.02,54,50
1546,2011/9/22,1.57,1441,1606,0.02,80,68
1295,2012/4/9,10.96,,,0,64,49
1441,2012/10/26,1.57,,,0,65,57
1422,2013/5/14,4.47,,,0,61,42
1176,2013/11/30,5.14,,,0,39,25
1569,2014/6/18,5.82,,,0,89,76
878,2015/1/4,6.49,,,0.3,56,41
1696,2015/7/23,3.8,,,0,86,68
1161,2016/2/8,10.51,,,0.05,39,28
1392,2016/8/26,,,,0,90,75
1032,2010/1/31,6.26,2339,2003,0,30,14
1540,2010/8/19,2.46,1924,1748,0,91,68
1257,2011/3/7,10.29,1443,1300,0.08,53,34
1364,2011/9/23,4.25,2215,2351,2.61,73,69
1370,2012/4/10,5.59,,,0,60,45
1305,2012/10/27,6.49,,,0,65,59
1547,2013/5/15,10.07,,,0,69,52
1192,2013/12/1,1.79,,,0,49,36
1581,2014/6/19,3.8,,,0.15,77,68
1152,2015/1/5,10.51,,,0,49,21
1477,2015/7/24,2.01,,,0,87,70
1285,2016/2/9,4.03,,,0,36,27
1259,2016/8/27,2.68,,,0,89,73
1281,2010/2/1,8.05,455,1014,0,35,25
1498,2010/8/20,5.59,1938,1937,0,90,73
1488,2011/3/8,4.7,821,949,0,48,29
1308,2011/9/24,2.01,354,359,0,76,70
1380,2012/4/11,4.92,,,0,53,43
1128,2012/10/28,11.63,,,0,59,55
1532,2013/5/16,3.58,,,0,79,62
1389,2013/12/2,3.13,,,0,49,41
1513,2014/6/20,4.47,,,0,79,64
1059,2015/1/6,4.03,,,0.05,22,19
1427,2015/7/25,3.13,,,0,88,69
1376,2016/2/10,5.82,,,0.01,39,31
1340,2016/8/28,2.46,,,0,89,72
1453,2010/2/2,4.25,542,21,0.03,33,27
1326,2010/8/21,5.14,158,2329,0,85,66
1483,2011/3/9,10.74,1733,1913,0,45,34
1294,2011/9/25,0.89,1009,934,0,80,70
1339,2012/4/12,4.92,,,0,61,43
423,2012/10/29,18.79,,,0.67,62,52
1492,2013/5/17,3.58,,,0,72,58
1461,2013/12/3,3.13,,,0,53,38
1411,2014/6/21,4.92,,,0,78,62
1027,2015/1/7,12.75,,,0,23,9
1364,2015/7/26,4.47,,,0,90,74
1229,2016/2/11,10.07,,,0,31,18
1416,2016/8/29,5.37,,,0,91,74
1423,2010/2/3,5.14,2250,2249,0.06,39,29
1195,2010/8/22,6.49,1253,1253,1.69,80,69
1313,2011/3/10,10.74,2357,2333,1.07,53,38
1559,2011/9/26,1.12,1634,1633,0,80,68
1434,2012/4/13,3.36,,,0,65,43
670,2012/10/30,7.61,,,0.27,54,47
1254,2013/5/18,2.01,,,0.01,65,56
1431,2013/12/4,2.91,,,0,52,41
1261,2014/6/22,2.01,,,0,79,64
1035,2015/1/8,8.72,,,0,21,8
1485,2015/7/27,2.91,,,0.36,86,71
1246,2016/2/12,6.71,,,0,27,15
1444,2016/8/30,3.13,,,0,86,69
1402,2010/2/4,8.95,435,407,0,37,28
1253,2010/8/23,8.05,1635,1620,1.05,70,65
1366,2011/3/11,8.5,120,120,0.91,55,40
1548,2011/9/27,3.58,1812,1809,0,77,69
1203,2012/4/14,3.36,,,0,72,50
1027,2012/10/31,5.14,,,0.01,50,44
1096,2013/5/19,4.7,,,0.6,59,55
1511,2013/12/5,2.46,,,0.01,60,48
1410,2014/6/23,2.68,,,0,81,65
1074,2015/1/9,8.72,,,0.07,33,19
1437,2015/7/28,2.68,,,0,95,75
1050,2016/2/13,12.3,,,0,22,6
1458,2016/8/31,3.36,,,0,89,74
1526,2010/2/5,4.7,2359,2358,0,36,29
1450,2010/8/24,9.84,1615,1553,0.02,70,64
1419,2011/3/12,8.28,942,142,0,56,38
1521,2011/9/28,5.82,1512,1026,0.11,74,68
1256,2012/4/15,3.58,,,0,77,58
994,2012/11/1,5.82,,,0,51,43
1385,2013/5/20,1.57,,,0,79,58
1468,2013/12/6,5.82,,,0.73,62,37
1471,2014/6/24,4.92,,,0,81,68
988,2015/1/10,8.05,,,0,23,16
1578,2015/7/29,3.8,,,0,96,78
815,2016/2/14,6.26,,,0,15,-1
1243,2016/9/1,1.79,,,0.5,79,69
1251,2010/2/6,13.65,518,519,0,33,20
1456,2010/8/25,3.58,47,45,1,69,64
1171,2011/3/13,9.4,712,717,0,53,41
1385,2011/9/29,4.7,1438,1438,0.4,73,61
1455,2012/4/16,5.59,,,0,88,65
963,2012/11/2,6.71,,,0,53,42
1555,2013/5/21,5.37,,,0,86,68
1316,2013/12/7,6.04,,,0.14,41,32
1522,2014/6/25,4.92,,,0.08,85,70
1007,2015/1/11,6.04,,,0,37,18
1439,2015/7/30,4.25,,,1.95,87,76
966,2016/2/15,5.37,,,0.44,35,13
1367,2016/9/2,6.04,,,0,81,66
1008,2010/2/7,10.07,2100,1532,0,34,17
1484,2010/8/26,5.59,1700,1602,0,82,65
1381,2011/3/14,5.14,2021,801,0,45,37
1408,2011/9/30,3.8,1758,1106,0.72,76,58
1592,2012/4/17,5.59,,,0,78,61
916,2012/11/3,8.5,,,0,51,40
1587,2013/5/22,3.36,,,0,78,59
1139,2013/12/8,6.26,,,0.08,33,29
1449,2014/6/26,4.7,,,0.07,85,70
1133,2015/1/12,3.8,,,0.36,39,35
1418,2015/7/31,3.36,,,0,89,72
1121,2016/2/16,7.83,,,1.01,54,35
1261,2016/9/3,6.71,,,0,75,66
1239,2010/2/8,9.84,1358,1558,0,37,23
1543,2010/8/27,4.03,959,,0,79,61
1529,2011/3/15,5.14,1844,2016,0,47,34
1253,2011/10/1,4.92,,,0.39,67,50
1553,2012/4/18,4.92,,,0.01,62,49
1032,2012/11/4,6.71,,,0,51,39
1442,2013/5/23,5.37,,,1.81,80,64
1324,2013/12/9,6.71,,,0.3,39,31
1474,2014/6/27,2.91,,,0,83,67
1344,2015/1/13,8.5,,,0,36,17
1341,2015/8/1,4.47,,,0,89,75
1315,2016/2/17,7.38,,,0,39,35
1174,2016/9/4,6.71,,,0,80,65
1306,2010/2/9,5.14,2130,435,0,42,28
1309,2010/8/28,3.58,1314,1001,0,83,62
1437,2011/3/16,2.91,805,804,0.56,57,38
1139,2011/10/2,4.92,,,0.06,64,50
1538,2012/4/19,2.01,,,0.04,70,47
1083,2012/11/5,4.7,,,0,45,35
1433,2013/5/24,5.37,,,0.3,65,45
1378,2013/12/10,6.49,,,0.23,37,30
1339,2014/6/28,2.91,,,0,87,66
1305,2015/1/14,6.26,,,0,32,16
1313,2015/8/2,2.01,,,0,89,71
1251,2016/2/18,7.16,,,0,36,27
1232,2016/9/5,7.61,,,0,84,65
740,2010/2/10,12.3,1324,2337,1.33,34,30
1344,2010/8/29,3.36,1506,1506,0,94,67
1455,2011/3/17,5.59,2322,2321,0,65,44
1292,2011/10/3,2.46,,,0.05,58,48
1565,2012/4/20,4.92,,,0,71,54
970,2012/11/6,5.59,,,0,42,31
1251,2013/5/25,9.17,,,0.14,54,45
1360,2013/12/11,7.61,,,0,33,27
1235,2014/6/29,2.68,,,0,83,68
1331,2015/1/15,4.7,,,0,35,25
1500,2015/8/3,4.92,,,0,90,75
1172,2016/2/19,5.37,,,0,39,24
1483,2016/9/6,9.62,,,0,80,71
1214,2010/2/11,11.86,1236,637,0,37,28
1445,2010/8/30,3.58,1144,1051,0,92,72
1496,2011/3/18,8.05,1358,1211,0,77,51
1402,2011/10/4,4.7,,,0,63,49
1401,2012/4/21,4.92,,,0.22,71,54
846,2012/11/7,10.51,,,1.12,41,31
1132,2013/5/26,8.5,,,0,66,48
1290,2013/12/12,7.38,,,0,30,23
1393,2014/6/30,2.68,,,0,84,69
1282,2015/1/16,9.84,,,0,43,20
1476,2015/8/4,5.37,,,0.43,89,69
1217,2016/2/20,7.38,,,0,61,39
1378,2016/9/7,6.49,,,0,85,71
1306,2010/2/12,8.28,1050,47,0,37,26
1486,2010/8/31,3.58,1631,1631,0,96,76
1332,2011/3/19,8.72,602,1621,0,59,38
1511,2011/10/5,7.38,,,0,71,53
1104,2012/4/22,8.72,,,2.45,54,46
1048,2012/11/8,7.16,,,0.06,48,32
1189,2013/5/27,3.8,,,0,73,51
1336,2013/12/13,5.59,,,0,35,23
1529,2014/7/1,5.14,,,0,89,72
1157,2015/1/17,6.04,,,0,32,17
1617,2015/8/5,2.91,,,0,87,72
1131,2016/2/21,4.92,,,0.03,55,44
1396,2016/9/8,2.68,,,0,89,71
1258,2010/2/13,8.72,2045,2204,0,32,24
1544,2010/9/1,3.13,2150,2149,0,96,76
1176,2011/3/20,6.49,2337,712,0,51,34
1445,2011/10/6,2.91,,,0,67,47
1404,2012/4/23,6.71,,,0.22,54,42
1306,2012/11/9,8.05,,,0,53,36
1449,2013/5/28,2.68,,,0.52,68,56
1103,2013/12/14,10.07,,,0.73,34,22
1370,2014/7/2,3.8,,,0.96,91,72
995,2015/1/18,3.8,,,2.1,42,31
1639,2015/8/6,2.46,,,0,83,67
1347,2016/2/22,5.14,,,0,52,38
1407,2016/9/9,3.8,,,0.22,91,75
941,2010/2/14,9.17,1218,1151,0,39,28
1532,2010/9/2,6.04,1607,1636,0,94,78
1265,2011/3/21,4.92,842,842,0.44,45,36
1445,2011/10/7,2.01,,,0,66,48
1409,2012/4/24,6.26,,,0,59,41
1258,2012/11/10,1.57,,,0,55,42
1322,2013/5/29,1.57,,,0,82,58
1013,2013/12/15,8.72,,,0.72,40,30
1484,2014/7/3,2.91,,,1.78,87,69
1118,2015/1/19,7.61,,,0,42,36
1509,2015/8/7,5.37,,,0,84,69
1171,2016/2/23,14.54,,,0.3,40,35
1238,2016/9/10,4.03,,,0,90,74
965,2010/2/15,6.93,402,421,0.01,40,27
1549,2010/9/3,6.04,1411,1439,0,85,75
1536,2011/3/22,8.5,1406,1351,0,50,40
1319,2011/10/8,2.68,,,0,77,54
1631,2012/4/25,2.24,,,0,62,43
1066,2012/11/11,2.68,,,0,64,50
1415,2013/5/30,5.14,,,0,90,72
1310,2013/12/16,7.83,,,0,33,25
1304,2014/7/4,5.37,,,0.14,74,65
1349,2015/1/20,5.82,,,0,40,32
1408,2015/8/8,3.8,,,0,82,68
1202,2016/2/24,10.51,,,1.22,60,36
1245,2016/9/11,5.82,,,0,83,67
1120,2010/2/16,5.59,2217,2130,0.43,33,29
1444,2010/9/4,10.51,1704,1655,0,81,64
1311,2011/3/23,6.71,2137,2136,0.87,40,32
1209,2011/10/9,2.68,,,0,84,60
1361,2012/4/26,5.82,,,0.03,61,45
1221,2012/11/12,3.8,,,0,66,48
1335,2013/5/31,4.03,,,0,90,75
1220,2013/12/17,6.04,,,0.19,32,24
1449,2014/7/5,6.71,,,0,81,63
1333,2015/1/21,4.25,,,0,36,25
1280,2015/8/9,3.8,,,0,85,68
1301,2016/2/25,8.95,,,0.02,61,37
1297,2016/9/12,4.25,,,0,78,62
1279,2010/2/17,8.05,1731,2256,0,35,26
1332,2010/9/5,5.14,834,449,0,78,61
1479,2011/3/24,6.49,25,1132,0.09,44,30
1291,2011/10/10,1.57,,,0,81,61
1546,2012/4/27,9.4,,,0.04,56,41
1273,2012/11/13,6.04,,,0.09,62,40
1242,2013/6/1,3.8,,,0,90,73
1347,2013/12/18,6.71,,,0,37,23
1311,2014/7/6,4.92,,,0,84,66
1383,2015/1/22,5.59,,,0,40,31
1447,2015/8/10,4.47,,,0,84,70
1311,2016/2/26,8.72,,,0,39,27
1357,2016/9/13,4.03,,,0,83,64
1384,2010/2/18,10.07,1004,1316,0,40,32
1243,2010/9/6,4.25,2303,2300,0,80,60
1484,2011/3/25,6.93,1609,1737,0,42,28
1550,2011/10/11,6.26,,,0,73,62
1309,2012/4/28,6.04,,,0,60,38
1394,2012/11/14,6.49,,,0,47,37
1230,2013/6/2,6.04,,,0.85,88,69
1394,2013/12/19,4.92,,,0,47,30
1426,2014/7/7,5.82,,,0.04,90,72
1334,2015/1/23,5.59,,,0,39,28
1354,2015/8/11,4.25,,,1.17,81,71
1211,2016/2/27,6.04,,,0,41,26
1407,2016/9/14,4.92,,,0.56,91,67
1391,2010/2/19,11.41,257,257,0,43,35
1529,2010/9/7,6.26,948,1413,0,89,68
1191,2011/3/26,8.95,1529,1508,0,40,26
1443,2011/10/12,10.07,,,0.45,63,58
1270,2012/4/29,5.59,,,0,63,44
1389,2012/11/15,4.7,,,0,45,35
1372,2013/6/3,3.36,,,0.87,78,66
1428,2013/12/20,5.14,,,0,53,41
1479,2014/7/8,4.7,,,0.39,91,71
1059,2015/1/24,6.04,,,0.72,39,33
1594,2015/8/12,4.7,,,0,85,71
1047,2016/2/28,7.38,,,0,60,38
1471,2016/9/15,4.92,,,0,74,61
1321,2010/2/20,8.05,1212,1247,0,44,35
1627,2010/9/8,8.28,1922,1919,0,90,66
1110,2011/3/27,8.5,2342,1932,0,45,28
1423,2011/10/13,7.38,,,0.34,66,58
1519,2012/4/30,4.03,,,0,62,43
1371,2012/11/16,4.7,,,0,46,38
1557,2013/6/4,4.92,,,0,75,57
1376,2013/12/21,7.83,,,0.01,65,51
1560,2014/7/9,4.25,,,0.09,88,71
1081,2015/1/25,6.26,,,0,42,31
1563,2015/8/13,3.13,,,0,83,67
1260,2016/2/29,8.5,,,0.05,61,47
1397,2016/9/16,2.68,,,0,73,61
1179,2010/2/21,9.62,1527,1749,0,46,33
1612,2010/9/9,6.93,1602,1332,0,70,61
1327,2011/3/28,9.4,2234,25,0,45,26
1376,2011/10/14,5.82,,,1.02,70,57
1421,2012/5/1,4.03,,,0.62,68,51
1182,2012/11/17,5.14,,,0,51,39
1561,2013/6/5,3.8,,,0,74,58
1304,2013/12/22,5.59,,,0,71,61
1597,2014/7/10,2.91,,,0,83,72
855,2015/1/26,12.75,,,0.48,31,22
1584,2015/8/14,2.91,,,0,88,67
1279,2016/3/1,7.61,,,0,52,39
1284,2016/9/17,3.36,,,0,77,59
1285,2010/2/22,6.04,2314,2314,0.03,45,29
1484,2010/9/10,5.59,1701,1306,0,74,61
1318,2011/3/29,7.83,1538,1702,0,49,31
1147,2011/10/15,7.61,,,0,65,54
1556,2012/5/2,5.82,,,0.08,53,50
1142,2012/11/18,6.49,,,0,49,38
1390,2013/6/6,5.14,,,0.13,70,59
1280,2013/12/23,4.7,,,0.51,64,42
1421,2014/7/11,4.03,,,0,86,71
741,2015/1/27,8.28,,,0.36,30,20
1397,2015/8/15,3.36,,,0,92,73
1334,2016/3/2,10.51,,,0.14,55,29
1225,2016/9/18,3.58,,,0,82,70
1256,2010/2/23,14.09,1214,1658,1.2,38,35
1395,2010/9/11,5.37,1207,1144,0,79,59
1455,2011/3/30,4.47,1612,1617,0.01,53,36
1191,2011/10/16,7.83,,,0,66,54
1530,2012/5/3,2.46,,,0.47,58,50
1317,2012/11/19,5.59,,,0,47,37
1239,2013/6/7,8.5,,,4.16,63,59
1129,2013/12/24,8.28,,,0,42,26
1399,2014/7/12,3.36,,,0,85,71
1153,2015/1/28,7.61,,,0,34,16
1341,2015/8/16,1.57,,,0,93,76
1350,2016/3/3,5.82,,,0,36,26
1162,2016/9/19,2.46,,,0.68,76,69
1479,2010/2/24,7.83,206,133,0.42,42,36
1216,2010/9/12,6.26,1155,1146,0.15,67,59
1387,2011/3/31,10.74,1724,1723,0.13,43,37
1357,2011/10/17,7.83,,,0,65,57
1536,2012/5/4,2.01,,,0.1,73,54
1368,2012/11/20,4.03,,,0,51,40
1197,2013/6/8,3.8,,,0.48,77,57
805,2013/12/25,4.7,,,0,31,19
1300,2014/7/13,5.14,,,0.03,83,72
1159,2015/1/29,3.8,,,0.02,36,19
1468,2015/8/17,3.36,,,0,95,78
1252,2016/3/4,8.72,,,0.11,39,30
1428,2016/9/20,2.24,,,0,82,68
1109,2010/2/25,3.36,2032,2038,2,38,27
1332,2010/9/13,3.36,1834,,0.13,77,59
1308,2011/4/1,7.61,1814,2013,0.18,44,35
1519,2011/10/18,3.58,,,0.01,68,54
1345,2012/5/5,3.13,,,0,63,56
1341,2012/11/21,4.47,,,0,53,40
1305,2013/6/9,2.24,,,0,80,63
1228,2013/12/26,5.37,,,0,36,30
1397,2014/7/14,4.47,,,0.46,84,72
1159,2015/1/30,10.51,,,0.06,38,19
1505,2015/8/18,4.03,,,0.29,90,73
1174,2016/3/5,4.25,,,0,41,28
1392,2016/9/21,3.8,,,0,84,68
788,2010/2/26,6.93,1648,1632,1.17,33,26
1435,2010/9/14,4.92,1346,1451,0,76,60
1395,2011/4/2,10.29,1315,1503,0,55,38
1409,2011/10/19,10.96,,,1.12,62,60
1253,2012/5/6,3.58,,,0,65,53
754,2012/11/22,2.68,,,0,54,41
1219,2013/6/10,5.82,,,1.38,70,62
1348,2013/12/27,5.82,,,0,40,31
1333,2014/7/15,2.68,,,1.3,86,72
1062,2015/1/31,12.3,,,0,26,13
1561,2015/8/19,4.03,,,0,87,77
1137,2016/3/6,3.36,,,0,44,32
1497,2016/9/22,2.46,,,0,86,65
1178,2010/2/27,4.47,2320,2320,0.01,38,29
1579,2010/9/15,5.82,1144,1204,0,72,57
1192,2011/4/3,8.05,1333,1125,0,58,42
1563,2011/10/20,8.05,,,0.01,67,54
1356,2012/5/7,3.58,,,0.01,65,52
1197,2012/11/23,4.92,,,0.01,56,43
1409,2013/6/11,6.49,,,0.09,80,64
1294,2013/12/28,7.16,,,0,55,36
1547,2014/7/16,3.8,,,0,81,68
991,2015/2/1,3.8,,,0.03,36,20
1456,2015/8/20,5.59,,,0.01,86,77
1255,2016/3/7,7.83,,,0,60,36
1481,2016/9/23,1.79,,,0.01,87,64
972,2010/2/28,3.8,2350,2349,0,40,33
1426,2010/9/16,5.37,1638,1638,0.46,72,57
1349,2011/4/4,6.71,858,750,0.06,63,43
1541,2011/10/21,6.71,,,0,56,50
1628,2012/5/8,4.92,,,0.04,66,55
1205,2012/11/24,10.29,,,0,50,35
1565,2013/6/12,5.37,,,0,76,65
1125,2013/12/29,6.04,,,1.2,48,41
1451,2014/7/17,4.03,,,0,81,67
893,2015/2/2,9.84,,,1.02,34,14
1547,2015/8/21,4.25,,,0.32,87,71
1452,2016/3/8,3.36,,,0,67,47
1264,2016/9/24,5.14,,,0.2,71,58
1281,2010/3/1,9.84,922,1329,0,48,36
1503,2010/9/17,4.47,853,853,0.05,71,59
1459,2011/4/5,10.51,1021,1348,0.16,67,41
1368,2011/10/22,4.25,,,0,60,47
1568,2012/5/9,2.91,,,0.33,69,57
997,2012/11/25,6.71,,,0,40,33
1406,2013/6/13,6.71,,,1.26,69,55
1308,2013/12/30,6.26,,,0,45,23
1443,2014/7/18,4.03,,,0,81,64
993,2015/2/3,7.16,,,0,26,13
1424,2015/8/22,4.47,,,0,86,69
1412,2016/3/9,2.24,,,0,77,44
1199,2016/9/25,2.91,,,0,70,54
1492,2010/3/2,5.37,2257,2359,0.01,47,36
1438,2010/9/18,3.36,1724,1739,0,70,58
1496,2011/4/6,6.71,1302,1302,0.09,55,38
1248,2011/10/23,2.01,,,0,59,50
1577,2012/5/10,5.82,,,0.19,64,52
1314,2012/11/26,5.37,,,0,48,36
1398,2013/6/14,5.14,,,0.38,72,53
1079,2013/12/31,5.82,,,0,32,21
1389,2014/7/19,5.14,,,0,76,68
1270,2015/2/4,4.25,,,0,43,24
1307,2015/8/23,4.03,,,0,85,70
1461,2016/3/10,4.92,,,0,79,63
1295,2016/9/26,4.47,,,0,74,54
1489,2010/3/3,10.51,826,825,0.07,41,34
1329,2010/9/19,2.68,2354,2350,0,81,61
1569,2011/4/7,6.49,832,831,0.02,52,42
1359,2011/10/24,3.8,,,0,61,50
1510,2012/5/11,5.59,,,0,68,49
1228,2012/11/27,5.82,,,0.53,42,34
1430,2013/6/15,3.8,,,0,80,61
1501,2014/1/1,5.59,,,0,33,24
1340,2014/7/20,4.03,,,0,80,66
1232,2015/2/5,8.5,,,0,42,14
1510,2015/8/24,2.46,,,0,87,73
1442,2016/3/11,6.04,,,0.06,68,48
1338,2016/9/27,3.13,,,0.22,74,64
1556,2010/3/4,7.83,2007,2009,0,47,35
1433,2010/9/20,6.71,1556,1316,0,74,59
1492,2011/4/8,4.47,927,1541,0,49,42
1474,2011/10/25,6.49,,,0,62,50
1395,2012/5/12,4.03,,,0,78,53
1439,2012/11/28,5.59,,,0,41,34
1197,2013/6/16,3.8,,,0,80,65
1206,2014/1/2,12.3,,,0.33,33,18
1439,2014/7/21,2.01,,,0,85,67
1198,2015/2/6,7.16,,,0,27,12
1485,2015/8/25,3.8,,,0,90,73
1239,2016/3/12,5.14,,,0,59,40
1453,2016/9/28,8.05,,,0,69,56
1519,2010/3/5,7.61,1435,2233,0,49,34
1511,2010/9/21,4.92,2134,2132,0,74,54
1365,2011/4/9,4.92,1604,1343,0,58,40
1517,2011/10/26,2.91,,,0,62,51
1156,2012/5/13,4.47,,,0,81,63
1438,2012/11/29,6.71,,,0,43,34
1499,2013/6/17,2.68,,,0.01,84,69
836,2014/1/3,10.51,,,0.29,18,9
1517,2014/7/22,3.8,,,0,86,71
1098,2015/2/7,3.8,,,0.02,40,25
1562,2015/8/26,3.8,,,0,85,67
1132,2016/3/13,3.58,,,0,62,50
1325,2016/9/29,11.18,,,0,64,57
1398,2010/3/6,7.16,2106,2254,0,54,32
1517,2010/9/22,5.82,1900,1900,0.12,87,64
1200,2011/4/10,4.03,1811,2201,0,56,46
1303,2011/10/27,6.49,,,0.63,61,38
1370,2012/5/14,4.03,,,0,70,63
1438,2012/11/30,5.59,,,0,46,38
1420,2013/6/18,3.58,,,0.2,84,64
1021,2014/1/4,4.92,,,0,29,8
1513,2014/7/23,4.92,,,0.19,88,72
1053,2015/2/8,8.5,,,0,37,29
1407,2015/8/27,3.13,,,0,82,67
1146,2016/3/14,14.09,,,0.29,51,40
1224,2016/9/30,9.62,,,0.4,59,56
1209,2010/3/7,7.16,1155,1155,0,57,37
1628,2010/9/23,4.92,1718,1718,0,81,66
1436,2011/4/11,6.93,2355,545,0,81,50
1352,2011/10/28,4.92,,,0,49,36
1364,2012/5/15,3.36,,,0.54,65,61
1243,2012/12/1,8.95,,,0,41,36
1473,2013/6/19,5.14,,,0,77,59
956,2014/1/5,3.8,,,0.14,40,27
1526,2014/7/24,4.92,,,0,80,70
1084,2015/2/9,10.96,,,0.09,29,25
1522,2015/8/28,2.46,,,0,82,63
1412,2016/3/15,5.37,,,0,57,44
1176,2016/10/1,7.61,,,0,62,56
1390,2010/3/8,7.16,1501,1501,0,61,41
1657,2010/9/24,3.58,2126,2237,0,85,67
1381,2011/4/12,10.74,2346,2345,1.09,72,45
1110,2011/10/29,8.72,,,2,45,33
1612,2012/5/16,2.01,,,0.09,78,61
1189,2012/12/2,2.91,,,0.04,52,41
1436,2013/6/20,3.8,,,0,80,62
1259,2014/1/6,8.5,,,0.36,55,19
1489,2014/7/25,4.25,,,0,82,66
1197,2015/2/10,10.51,,,0.01,40,26
1349,2015/8/29,2.01,,,0,87,67
1378,2016/3/16,3.58,,,0.02,65,48
1111,2016/10/2,2.68,,,0,63,57
1542,2010/3/9,4.47,1153,1324,0,61,44
1407,2010/9/25,7.16,1348,1529,0,89,67
1433,2011/4/13,11.86,754,754,0.38,50,43
992,2011/10/30,5.82,,,0.01,46,33
1658,2012/5/17,4.25,,,0,72,53
1289,2012/12/3,3.8,,,0,60,49
1490,2013/6/21,4.92,,,0,82,64
1091,2014/1/7,13.2,,,0,19,4
1347,2014/7/26,4.25,,,0,81,69
1307,2015/2/11,6.49,,,0,34,22
1252,2015/8/30,4.03,,,0.13,90,72
1298,2016/3/17,4.92,,,0,63,45
1249,2016/10/3,2.24,,,0,72,60
1591,2010/3/10,4.92,823,822,0,57,44
1344,2010/9/26,8.5,2145,2323,0,72,63
1609,2011/4/14,5.82,2318,2317,0,69,48
1321,2011/10/31,2.01,,,0,53,37
1584,2012/5/18,4.25,,,0,72,54
1406,2012/12/4,2.91,,,0.07,62,47
1405,2013/6/22,4.03,,,0,84,65
1297,2014/1/8,7.16,,,0,22,9
1427,2014/7/27,3.36,,,0.02,85,71
1295,2015/2/12,7.38,,,0,40,16
1378,2015/8/31,4.47,,,0,91,76
1399,2016/3/18,8.72,,,0,57,42
1460,2016/10/4,7.61,,,0,69,60
1515,2010/3/11,8.95,1655,1652,0,53,42
1438,2010/9/27,1.34,142,140,1.33,72,61
1483,2011/4/15,9.62,736,735,0,56,41
1540,2011/11/1,6.04,,,0,55,45
1342,2012/5/19,3.13,,,0,80,53
1429,2012/12/5,8.05,,,0,58,35
1249,2013/6/23,4.7,,,0,88,70
1400,2014/1/9,2.91,,,0,32,22
1418,2014/7/28,7.38,,,0.19,82,68
1107,2015/2/13,9.17,,,0,21,8
1524,2015/9/1,2.24,,,0,90,76
1275,2016/3/19,5.14,,,0,46,36
1399,2016/10/5,4.7,,,0,67,53
1345,2010/3/12,13.87,2126,1849,0.21,43,39
1597,2010/9/28,,1555,1524,0.33,73,70
1133,2011/4/16,12.3,1623,1632,1.45,55,41
1470,2011/11/2,2.01,,,0,57,42
1321,2012/5/20,6.04,,,0,78,57
1325,2012/12/6,3.36,,,0,40,29
1411,2013/6/24,4.25,,,0,92,74
1378,2014/1/10,3.36,,,0.11,37,30
1603,2014/7/29,4.92,,,0,76,64
1109,2015/2/14,5.37,,,0.02,32,16
1499,2015/9/2,1.79,,,0,91,74
1065,2016/3/20,9.62,,,0.07,43,32
1464,2016/10/6,2.01,,,0,73,55
1027,2010/3/13,22.82,1623,1545,3.86,46,38
1640,2010/9/29,4.25,1414,2355,0,78,63
1119,2011/4/17,9.4,15,1535,0.33,61,50
1509,2011/11/3,5.82,,,0,59,46
1307,2012/5/21,7.16,,,1.4,62,57
1310,2012/12/7,2.46,,,0.14,46,35
1482,2013/6/25,3.36,,,0,91,73
1251,2014/1/11,7.16,,,0.5,58,37
1573,2014/7/30,2.91,,,0,80,63
965,2015/2/15,14.54,,,0,25,4
1444,2015/9/3,2.01,,,0,93,74
1217,2016/3/21,8.05,,,0.06,50,32
1361,2016/10/7,2.46,,,0,75,57
996,2010/3/14,13.65,20,200,0.24,50,43
1555,2010/9/30,,1616,942,1.1,75,69
1364,2011/4/18,6.93,1732,1752,0,63,47
1458,2011/11/4,8.28,,,0,53,41
1611,2012/5/22,4.7,,,0.23,70,60
1253,2012/12/8,3.13,,,0.36,50,44
1561,2013/6/26,3.8,,,0.05,85,74
1258,2014/1/12,8.28,,,0.05,54,38
1532,2014/7/31,3.36,,,0,82,68
997,2015/2/16,6.93,,,0,21,3
1532,2015/9/4,6.93,,,0,85,72
1327,2016/3/22,6.93,,,0,56,35
1249,2016/10/8,2.01,,,0.23,68,58
1326,2010/3/15,11.63,2039,2038,0.33,46,41
1408,2010/10/1,,907,1350,2.46,74,59
1339,2011/4/19,6.26,2346,2345,0.03,53,47
1374,2011/11/5,4.92,,,0,49,36
1638,2012/5/23,2.91,,,0.03,75,64
1203,2012/12/9,6.71,,,0.18,50,42
1514,2013/6/27,4.03,,,0.24,86,73
1423,2014/1/13,5.14,,,0,51,37
1482,2014/8/1,3.8,,,0,84,71
1117,2015/2/17,4.7,,,0.14,27,14
1380,2015/9/5,4.03,,,0,83,67
1372,2016/3/23,6.04,,,0,71,48
1116,2016/10/9,7.38,,,0.55,65,51
1523,2010/3/16,7.61,825,230,0,63,41
1508,2010/10/2,4.25,2357,2357,0,66,52
1478,2011/4/20,5.82,10,150,0,65,45
1120,2011/11/6,4.03,,,0,54,38
1440,2012/5/24,4.03,,,0.95,66,62
1406,2012/12/10,4.03,,,0.03,59,44
1473,2013/6/28,5.14,,,0,85,73
1436,2014/1/14,4.92,,,0.38,52,44
1359,2014/8/2,6.04,,,0.41,74,63
1232,2015/2/18,4.25,,,0,33,19
1242,2015/9/6,1.34,,,0,87,65
1343,2016/3/24,9.17,,,0,55,44
1202,2016/10/10,4.7,,,0,64,47
1546,2010/3/17,2.46,1509,1632,0,66,43
1246,2010/10/3,11.41,1353,1236,0.03,64,50
1453,2011/4/21,10.29,1734,1335,0,63,43
1472,2011/11/7,4.47,,,0,62,45
1495,2012/5/25,3.58,,,0,75,60
1501,2012/12/11,5.59,,,0.06,58,41
1382,2013/6/29,3.8,,,0,83,71
1490,2014/1/15,2.91,,,0,47,39
1280,2014/8/3,2.24,,,0.07,76,66
1127,2015/2/19,11.41,,,0,27,8
1182,2015/9/7,4.25,,,0,92,70
1269,2016/3/25,3.8,,,0.04,72,44
1357,2016/10/11,3.58,,,0,63,46
1612,2010/3/18,3.36,1505,1505,0,69,50
1302,2010/10/4,9.84,649,9,0.34,55,52
1339,2011/4/22,7.16,1548,1447,0,51,40
1421,2011/11/8,2.24,,,0,68,53
1394,2012/5/26,2.68,,,0.02,84,67
1411,2012/12/12,3.36,,,0,43,36
1311,2013/6/30,3.13,,,0,86,73
1491,2014/1/16,4.03,,,0,42,36
1478,2014/8/4,3.36,,,0,84,70
1103,2015/2/20,10.29,,,0,19,2
1476,2015/9/8,4.92,,,0,97,76
1232,2016/3/26,6.49,,,0,55,38
1433,2016/10/12,1.12,,,0,66,53
1481,2010/3/19,3.36,1332,1614,0,72,49
1527,2010/10/5,7.83,640,242,0,61,53
1246,2011/4/23,5.59,730,754,0.75,61,43
1586,2011/11/9,3.58,,,0,65,51
1123,2012/5/27,1.57,,,0.06,81,64
1335,2012/12/13,1.57,,,0,46,36
1346,2013/7/1,3.13,,,0.84,77,72
1487,2014/1/17,3.58,,,0,44,33
1476,2014/8/5,2.46,,,0,90,71
1086,2015/2/21,4.47,,,0.61,32,13
1490,2015/9/9,3.8,,,0,90,76
999,2016/3/27,5.59,,,0,55,43
1397,2016/10/13,2.91,,,0,67,53
1395,2010/3/20,4.92,1412,1412,0,74,54
1679,2010/10/6,5.59,2253,2253,0,64,54
1050,2011/4/24,3.36,1417,1417,0.5,80,54
1541,2011/11/10,3.36,,,0.02,67,47
1090,2012/5/28,2.68,,,0,89,71
1404,2012/12/14,5.14,,,0,48,37
1507,2013/7/2,2.68,,,0.08,82,72
1381,2014/1/18,7.16,,,0.07,41,29
1505,2014/8/6,2.91,,,0,83,70
945,2015/2/22,2.91,,,0.1,43,32
1313,2015/9/10,6.26,,,1.58,79,70
1233,2016/3/28,10.07,,,0.38,62,42
1342,2016/10/14,4.7,,,0,62,47
1232,2010/3/21,6.49,734,734,0,64,51
1601,2010/10/7,7.61,1126,1424,0,71,53
1281,2011/4/25,5.37,1954,1932,0,75,56
1344,2011/11/11,8.28,,,0.02,48,41
1635,2012/5/29,4.47,,,0.21,89,68
1303,2012/12/15,3.8,,,0,47,38
1465,2013/7/3,4.25,,,0.53,83,73
1181,2014/1/19,7.38,,,0,38,24
1477,2014/8/7,4.25,,,0,83,66
1155,2015/2/23,11.18,,,0,38,8
1435,2015/9/11,5.14,,,0,81,66
1365,2016/3/29,11.63,,,0,53,40
1273,2016/10/15,3.13,,,0,65,45
1217,2010/3/22,5.59,2252,2252,1.34,57,50
1489,2010/10/8,6.26,1804,1759,0,73,54
1478,2011/4/26,6.26,1607,1310,0,83,54
1305,2011/11/12,7.38,,,0,57,39
1616,2012/5/30,3.13,,,0.01,76,68
1117,2012/12/16,8.95,,,0.4,47,42
1200,2013/7/4,4.25,,,0,87,75
1300,2014/1/20,7.38,,,0,46,31
1518,2014/8/8,3.13,,,0,83,65
1094,2015/2/24,5.82,,,0,24,4
1364,2015/9/12,4.25,,,0.29,79,69
1351,2016/3/30,5.37,,,0,56,37
1232,2016/10/16,4.03,,,0,69,53
1454,2010/3/23,6.04,2341,2341,0.11,53,45
1464,2010/10/9,5.59,1257,1256,0,72,54
1475,2011/4/27,6.93,1534,1506,0,75,61
1209,2011/11/13,5.59,,,0,61,47
1516,2012/5/31,4.92,,,0,79,66
1304,2012/12/17,9.17,,,0.29,43,40
1535,2013/7/5,4.92,,,0,90,76
930,2014/1/21,10.51,,,0.46,31,11
1340,2014/8/9,2.91,,,0,87,66
1273,2015/2/25,6.49,,,0,37,20
1191,2015/9/13,6.26,,,0.04,80,62
1418,2016/3/31,6.71,,,0,73,49
1399,2016/10/17,2.68,,,0,81,63
1555,2010/3/24,11.63,1636,1532,0,60,43
1234,2010/10/10,4.03,1346,1345,0,69,46
1428,2011/4/28,7.16,1121,1221,0.31,72,61
1382,2011/11/14,6.93,,,0,69,54
1535,2012/6/1,8.05,,,0.25,74,62
1361,2012/12/18,7.38,,,0.51,54,43
1304,2013/7/6,4.47,,,0,92,78
1066,2014/1/22,8.72,,,0.02,17,5
1374,2014/8/10,2.91,,,0,88,68
1243,2015/2/26,7.16,,,0,32,21
1326,2015/9/14,6.49,,,0,77,59
1406,2016/4/1,6.71,,,0.02,79,61
1553,2016/10/18,4.03,,,0,81,67
1627,2010/3/25,4.25,2202,2201,0,62,48
1312,2010/10/11,2.24,1937,1936,1.13,75,57
1543,2011/4/29,6.49,1458,1717,0,69,54
1474,2011/11/15,5.14,,,0,65,58
1326,2012/6/2,5.14,,,0.39,75,61
1416,2012/12/19,9.4,,,0,47,39
1325,2013/7/7,4.25,,,0,92,78
1164,2014/1/23,7.16,,,0,20,7
1490,2014/8/11,3.13,,,0,87,71
1254,2015/2/27,6.04,,,0,30,18
1432,2015/9/15,2.24,,,0,84,62
1243,2016/4/2,4.92,,,0.16,61,49
1525,2016/10/19,4.47,,,0,85,65
1560,2010/3/26,10.51,1233,1238,0.14,52,34
1611,2010/10/12,3.8,2138,2106,0.09,69,54
1272,2011/4/30,4.92,1316,1309,0,67,50
1355,2011/11/16,3.36,,,0.73,59,53
1299,2012/6/3,5.37,,,0.01,76,58
1399,2012/12/20,5.37,,,0.02,47,35
1410,2013/7/8,4.7,,,0.22,89,73
1273,2014/1/24,8.05,,,0,20,10
1517,2014/8/12,5.82,,,0.19,79,70
1122,2015/2/28,3.58,,,0,29,13
1448,2015/9/16,1.34,,,0,88,66
1069,2016/4/3,12.75,,,0.09,50,34
1477,2016/10/20,6.26,,,0,70,62
1241,2010/3/27,7.61,105,519,0,44,29
1613,2010/10/13,4.47,401,646,0,64,48
1135,2011/5/1,5.37,2054,2141,0,69,50
1440,2011/11/17,6.71,,,0.07,53,40
1312,2012/6/4,7.61,,,0.18,63,54
1310,2012/12/21,10.29,,,0.7,56,36
1616,2013/7/9,3.13,,,0.23,88,74
1205,2014/1/25,7.61,,,0.04,28,19
1398,2014/8/13,5.59,,,0.53,82,68
914,2015/3/1,2.24,,,0.52,31,24
1448,2015/9/17,2.24,,,0,89,68
1226,2016/4/4,7.16,,,0.47,45,29
1498,2016/10/21,2.24,,,1.11,69,57
1140,2010/3/28,8.05,1700,1657,0.34,49,36
1574,2010/10/14,3.36,1141,1017,0.61,63,50
1362,2011/5/2,5.14,1331,225,0,63,50
1455,2011/11/18,6.93,,,0,46,36
1559,2012/6/5,3.8,,,0.01,64,51
1185,2012/12/22,12.3,,,0,38,36
1523,2013/7/10,4.25,,,0,85,75
1088,2014/1/26,,,,0,34,17
1617,2014/8/14,4.7,,,0,77,63
1160,2015/3/2,8.05,,,0,39,27
1599,2015/9/18,2.01,,,0,87,68
1212,2016/4/5,8.28,,,0,43,26
1319,2016/10/22,10.51,,,0.29,57,47
1194,2010/3/29,6.49,602,417,1.58,53,48
1517,2010/10/15,11.41,1807,1645,0.02,57,49
1511,2011/5/3,6.71,2250,2035,0,75,55
1368,2011/11/19,6.71,,,0,51,38
1553,2012/6/6,2.24,,,0.01,72,54
1181,2012/12/23,6.93,,,0,42,35
1559,2013/7/11,3.8,,,0,84,76
1248,2014/1/27,7.83,,,0,44,21
1441,2014/8/15,5.37,,,0,73,61
1144,2015/3/3,4.92,,,0.67,37,22
1433,2015/9/19,2.68,,,0,83,68
1354,2016/4/6,6.04,,,0,48,30
1180,2016/10/23,8.5,,,0,61,45
1128,2010/3/30,10.74,447,446,2.45,50,41
1388,2010/10/16,10.51,939,1120,0,58,50
1392,2011/5/4,6.04,1904,651,0.5,64,46
1176,2011/11/20,8.5,,,0,65,49
1487,2012/6/7,2.91,,,0.01,78,58
973,2012/12/24,3.58,,,0.07,40,33
1453,2013/7/12,9.62,,,0.25,77,68
1325,2014/1/28,6.04,,,0,21,12
1457,2014/8/16,4.03,,,0,78,63
1265,2015/3/4,6.04,,,0.25,45,35
1376,2015/9/20,7.83,,,0,79,64
1370,2016/4/7,6.93,,,0.09,58,48
1331,2016/10/24,6.04,,,0,62,47
1394,2010/3/31,5.82,125,1145,0.01,57,45
1307,2010/10/17,5.14,1604,2004,0,69,48
1492,2011/5/5,8.5,1608,1540,0,65,46
1446,2011/11/21,4.92,,,0.12,59,46
1511,2012/6/8,3.13,,,0,81,60
718,2012/12/25,5.59,,,0.06,41,32
1256,2013/7/13,5.37,,,0.06,81,67
1279,2014/1/29,6.49,,,0.04,23,14
1373,2014/8/17,3.58,,,0.01,82,66
1029,2015/3/5,5.82,,,0.76,40,19
1438,2015/9/21,7.61,,,0,73,59
1383,2016/4/8,7.16,,,0.01,50,40
1314,2016/10/25,6.49,,,0,52,43
1455,2010/4/1,4.7,621,620,0,70,48
1424,2010/10/18,5.82,1520,1520,0,60,50
1517,2011/5/6,5.82,1427,1842,0,72,50
1417,2011/11/22,7.61,,,1.16,50,43
1370,2012/6/9,2.91,,,0,78,64
1060,2012/12/26,13.87,,,0.99,39,28
1298,2013/7/14,4.03,,,0,90,74
1296,2014/1/30,3.8,,,0,30,16
1434,2014/8/18,4.47,,,0,81,63
1180,2015/3/6,6.26,,,0,27,12
1527,2015/9/22,6.93,,,0,71,62
1302,2016/4/9,6.49,,,0.11,43,36
1340,2016/10/26,4.03,,,0,51,38
1358,2010/4/2,4.47,1436,1731,0,68,48
1562,2010/10/19,2.68,1932,2146,0.03,59,47
1235,2011/5/7,5.82,1604,1601,0,72,55
1372,2011/11/23,6.93,,,0.46,53,39
1272,2012/6/10,1.57,,,0,84,66
1200,2012/12/27,12.53,,,0.62,39,30
1401,2013/7/15,3.58,,,0,94,78
1367,2014/1/31,4.92,,,0,39,25
1507,2014/8/19,3.8,,,0,83,63
1185,2015/3/7,5.14,,,0,38,18
1489,2015/9/23,2.91,,,0,80,59
1153,2016/4/10,4.92,,,0,50,31
1276,2016/10/27,5.14,,,1.41,55,40
1229,2010/4/3,4.92,1622,1622,0,67,47
1639,2010/10/20,3.58,2249,2042,0,59,47
1036,2011/5/8,4.92,1747,1744,0,74,52
751,2011/11/24,5.14,,,0,54,37
1466,2012/6/11,5.37,,,0,77,64
1314,2012/12/28,7.38,,,0,37,30
1477,2013/7/16,4.7,,,0,94,77
1332,2014/2/1,3.58,,,0,45,36
1645,2014/8/20,2.24,,,0,84,70
1032,2015/3/8,5.14,,,0,49,37
1331,2015/9/24,4.25,,,0,82,60
1417,2016/4/11,6.93,,,0.01,65,43
1343,2016/10/28,8.28,,,0,51,42
1050,2010/4/4,2.68,1450,1449,0,76,47
1610,2010/10/21,7.38,1222,1327,0.01,62,49
1467,2011/5/9,7.16,1242,1550,0,71,54
1420,2011/11/25,5.82,,,0,61,46
1466,2012/6/12,5.59,,,1.02,72,65
1222,2012/12/29,6.04,,,0.26,34,30
1512,2013/7/17,3.36,,,0,97,79
1237,2014/2/2,3.13,,,0,56,39
1513,2014/8/21,3.58,,,0.35,83,65
1333,2015/3/9,4.7,,,0.01,54,40
1277,2015/9/25,6.26,,,0,76,63
1319,2016/4/12,5.82,,,0.2,59,45
1282,2016/10/29,4.25,,,0,64,39
1343,2010/4/5,6.49,1526,1505,0,75,56
1555,2010/10/22,7.61,1430,1410,0,53,46
1643,2011/5/10,5.59,1231,1223,0,75,53
1277,2011/11/26,3.13,,,0,65,50
1526,2012/6/13,5.59,,,0.32,69,64
1031,2012/12/30,11.41,,,0,34,28
1485,2013/7/18,3.8,,,0,98,81
1105,2014/2/3,6.71,,,1.17,43,27
1312,2014/8/22,4.7,,,0.06,79,65
1397,2015/3/10,3.58,,,0.46,53,39
1320,2015/9/26,6.04,,,0,72,61
1480,2016/4/13,4.47,,,0,58,40
1234,2016/10/30,3.8,,,0.56,76,54
1475,2010/4/6,4.03,1045,1103,0,78,58
1428,2010/10/23,5.14,1409,1755,0,64,44
1602,2011/5/11,5.82,743,701,0,71,52
1285,2011/11/27,4.92,,,0,63,47
1496,2012/6/14,6.04,,,0,77,62
1099,2012/12/31,7.61,,,0,38,28
1452,2013/7/19,5.14,,,0,96,83
1300,2014/2/4,2.24,,,0,35,22
1362,2014/8/23,4.7,,,0.01,77,67
1329,2015/3/11,6.93,,,0.01,59,44
1189,2015/9/27,4.92,,,0,71,56
1390,2016/4/14,6.49,,,0,62,43
1409,2016/10/31,4.92,,,0,54,44
1536,2010/4/7,6.93,1344,1519,0,92,56
1278,2010/10/24,3.36,1731,,0,68,53
1651,2011/5/12,4.92,1429,1710,0,74,52
1446,2011/11/28,5.59,,,0,70,56
1559,2012/6/15,4.03,,,0,80,60
1395,2013/1/1,6.93,,,0,40,26
1409,2013/7/20,5.82,,,0,93,81
1105,2014/2/5,7.16,,,1.43,34,29
1386,2014/8/24,3.13,,,0,80,64
1403,2015/3/12,8.28,,,0,47,36
1376,2015/9/28,3.36,,,0,78,65
1473,2016/4/15,3.8,,,0,65,42
1533,2016/11/1,3.13,,,0,58,40
1588,2010/4/8,6.26,1637,1728,0,80,64
1479,2010/10/25,4.7,2348,2311,0,74,54
1591,2011/5/13,3.13,1720,1911,0,67,52
1503,2011/11/29,7.38,,,0.47,66,51
1343,2012/6/16,4.47,,,0,80,60
1299,2013/1/2,5.82,,,0,33,22
1352,2013/7/21,4.7,,,0,89,76
1259,2014/2/6,4.03,,,0,32,21
1372,2014/8/25,2.68,,,0,88,64
1290,2015/3/13,6.49,,,0,43,31
1415,2015/9/29,2.68,,,0.11,83,72
1291,2016/4/16,4.92,,,0,68,43
1506,2016/11/2,3.13,,,0,70,54
1543,2010/4/9,7.61,1702,2014,0.3,68,44
1653,2010/10/26,6.26,604,9,0,72,63
1308,2011/5/14,5.37,1817,1803,0,64,57
1482,2011/11/30,8.95,,,0,52,43
1162,2012/6/17,4.47,,,0,73,58
1369,2013/1/3,4.47,,,0,32,24
1498,2013/7/22,4.92,,,0.06,86,75
1389,2014/2/7,6.71,,,0,32,24
1480,2014/8/26,2.24,,,0,89,70
1215,2015/3/14,5.59,,,0.81,51,40
1446,2015/9/30,8.28,,,1.26,79,59
1183,2016/4/17,2.91,,,0,75,44
1418,2016/11/3,5.14,,,0,72,57
1283,2010/4/10,9.84,54,225,0,62,42
1579,2010/10/27,5.82,1316,1218,0.19,75,65
1138,2011/5/15,4.25,550,548,0.89,69,58
1524,2011/12/1,7.61,,,0,50,37
1488,2012/6/18,3.13,,,0,72,57
1418,2013/1/4,8.05,,,0,37,30
1473,2013/7/23,4.25,,,0.31,87,73
1230,2014/2/8,4.92,,,0,29,21
1490,2014/8/27,3.36,,,0,90,70
1130,2015/3/15,11.41,,,0,44,36
1333,2015/10/1,8.72,,,0.09,64,56
1442,2016/4/18,3.8,,,0,82,51
1420,2016/11/4,4.7,,,0,61,47
1256,2010/4/11,6.71,2158,143,0,76,52
1636,2010/10/28,6.93,1417,1217,0,74,56
1379,2011/5/16,9.62,2326,2110,0.17,62,53
1459,2011/12/2,5.37,,,0,52,39
1569,2012/6/19,2.68,,,0,77,63
1267,2013/1/5,6.71,,,0,42,32
1596,2013/7/24,4.47,,,0,83,68
1112,2014/2/9,3.58,,,0.1,31,21
1526,2014/8/28,5.37,,,0,82,66
1319,2015/3/16,3.8,,,0,52,35
1142,2015/10/2,12.53,,,1.08,57,48
1373,2016/4/19,7.61,,,0,73,55
1300,2016/11/5,3.13,,,0,62,44
1428,2010/4/12,5.37,2237,2236,0,67,52
1649,2010/10/29,9.62,1918,1914,0,57,47
1372,2011/5/17,12.75,437,436,0.67,60,52
1231,2011/12/3,4.25,,,0,47,37
1500,2012/6/20,3.58,,,0,94,70
1142,2013/1/6,6.71,,,0,46,34
1615,2013/7/25,8.95,,,0.01,68,64
1219,2014/2/10,7.16,,,0,29,21
1481,2014/8/29,3.36,,,0,80,61
1342,2015/3/17,9.62,,,0.02,57,34
1124,2015/10/3,11.41,,,0.35,55,49
1476,2016/4/20,6.04,,,0,69,49
1098,2016/11/6,7.61,,,0,59,45
1522,2010/4/13,4.92,737,654,0,56,47
1253,2010/10/30,7.38,2204,2029,0,57,42
1480,2011/5/18,7.38,11,29,2.18,67,54
1135,2011/12/4,3.8,,,0,55,42
1459,2012/6/21,4.7,,,0,94,79
1289,2013/1/7,5.37,,,0,45,37
1456,2013/7/26,5.14,,,0,83,65
1263,2014/2/11,5.37,,,0,26,16
1349,2014/8/30,2.24,,,0,80,65
1460,2015/3/18,9.62,,,0,39,29
1229,2015/10/4,10.74,,,0,63,53
1473,2016/4/21,5.59,,,0,73,49
1257,2016/11/7,5.37,,,0,53,41
1542,2010/4/14,5.14,1321,1103,0,67,45
1195,2010/10/31,8.5,1432,1142,0,58,42
1534,2011/5/19,4.25,1530,,0,75,60
1400,2011/12/5,2.91,,,0,59,47
1441,2012/6/22,2.68,,,0.35,90,70
1425,2013/1/8,6.49,,,0,48,35
1416,2013/7/27,3.36,,,0,82,70
1358,2014/2/12,5.82,,,0,25,13
1187,2014/8/31,3.36,,,0.62,90,73
1320,2015/3/19,5.82,,,0,43,29
1357,2015/10/5,6.26,,,0,67,52
1418,2016/4/22,4.25,,,0,79,62
1265,2016/11/8,2.46,,,0,66,41
1486,2010/4/15,6.71,2038,2111,0,73,50
1415,2010/11/1,5.82,2249,307,0,49,37
1559,2011/5/20,1.12,1014,,0.24,64,57
1374,2011/12/6,4.03,,,0.2,62,56
1352,2012/6/23,4.03,,,0,84,69
1469,2013/1/9,4.03,,,0,49,39
1280,2013/7/28,2.01,,,0.24,78,70
898,2014/2/13,12.53,,,1.78,36,24
1291,2014/9/1,2.91,,,0,88,75
1154,2015/3/20,7.83,,,0.4,38,29
1488,2015/10/6,1.57,,,0,73,52
1326,2016/4/23,7.16,,,0.16,71,54
1295,2016/11/9,3.58,,,0.06,59,49
1521,2010/4/16,7.38,1750,741,0.31,57,46
1261,2010/11/2,3.13,1014,28,0,50,36
1366,2011/5/21,3.13,1716,1659,0.07,78,55
1355,2011/12/7,4.47,,,1.68,62,42
1350,2012/6/24,2.91,,,0.06,84,66
1503,2013/1/10,6.71,,,0,47,40
1419,2013/7/29,3.8,,,0.01,85,69
1057,2014/2/14,10.51,,,0.3,40,31
1558,2014/9/2,5.37,,,0,92,77
1185,2015/3/21,5.37,,,0,47,29
1505,2015/10/7,2.91,,,0,73,58
1139,2016/4/24,5.82,,,0,68,47
1171,2016/11/10,5.82,,,0,56,40
1333,2010/4/17,6.71,1520,1646,0.01,54,46
1558,2010/11/3,3.8,1448,1448,0,54,41
1173,2011/5/22,5.37,2356,1338,0,58,54
1361,2011/12/8,9.17,,,0.16,45,36
1386,2012/6/25,3.58,,,0.15,74,62
1384,2013/1/11,4.47,,,0.55,46,37
1496,2013/7/30,4.03,,,0,83,67
1157,2014/2/15,9.4,,,0.13,37,27
1612,2014/9/3,3.36,,,0,86,72
1142,2015/3/22,7.61,,,0,43,28
1429,2015/10/8,3.36,,,0,72,59
1354,2016/4/25,4.03,,,0,69,50
1203,2016/11/11,8.28,,,0,63,41
1156,2010/4/18,7.16,1506,1506,0,57,42
1359,2010/11/4,6.71,703,1205,1.09,51,47
1476,2011/5/23,5.37,1018,1017,0.1,67,55
1494,2011/12/9,5.14,,,0,52,36
1427,2012/6/26,6.26,,,0,72,58
1305,2013/1/12,3.8,,,0.02,47,42
1555,2013/7/31,2.91,,,0,83,67
1011,2014/2/16,8.95,,,0,30,21
1521,2014/9/4,2.68,,,0,87,69
1152,2015/3/23,6.71,,,0,38,23
1406,2015/10/9,4.03,,,0.89,78,61
1350,2016/4/26,7.16,,,0.24,60,47
1158,2016/11/12,5.37,,,0,50,37
1452,2010/4/19,6.93,1154,1248,0,63,46
1531,2010/11/5,5.37,1852,1603,0.05,52,45
1637,2011/5/24,5.37,1527,1428,0,81,66
1340,2011/12/10,6.26,,,0,46,32
1680,2012/6/27,6.71,,,0,81,62
1216,2013/1/13,2.68,,,0,50,43
1307,2013/8/1,2.91,,,0.65,76,66
1060,2014/2/17,5.37,,,0,32,18
1527,2014/9/5,2.91,,,0,87,72
1285,2015/3/24,4.03,,,0,45,26
1225,2015/10/10,2.46,,,0,65,50
1279,2016/4/27,4.25,,,0,62,46
1183,2016/11/13,5.37,,,0,61,41
1648,2010/4/20,4.92,2325,2324,0,70,47
1374,2010/11/6,5.37,1829,1039,0,51,40
1594,2011/5/25,3.58,2104,2204,0,84,65
1055,2011/12/11,3.8,,,0,39,29
1481,2012/6/28,5.37,,,0,88,68
1366,2013/1/14,4.92,,,0.09,56,38
1456,2013/8/2,4.47,,,0,83,67
1271,2014/2/18,5.14,,,0.16,39,26
1406,2014/9/6,4.7,,,0.11,91,67
1304,2015/3/25,4.47,,,0.05,49,34
1248,2015/10/11,3.8,,,0,69,53
1324,2016/4/28,4.7,,,0,59,48
1275,2016/11/14,3.58,,,0,62,46
1659,2010/4/21,6.71,1608,1607,0.03,69,53
1181,2010/11/7,6.93,2212,2246,0,51,36
1512,2011/5/26,4.92,1116,1320,0,78,64
1338,2011/12/12,4.03,,,0,44,33
1505,2012/6/29,3.8,,,0.21,93,68
1379,2013/1/15,6.93,,,0.12,38,35
1427,2013/8/3,3.36,,,0.06,78,68
1226,2014/2/19,5.14,,,0.26,45,34
1330,2014/9/7,4.7,,,0,81,65
1286,2015/3/26,2.91,,,0.32,62,42
1299,2015/10/12,3.8,,,0,77,56
1356,2016/4/29,5.82,,,0.05,58,45
1209,2016/11/15,5.59,,,1.81,56,47
1595,2010/4/22,5.82,1706,1433,0,72,51
1314,2010/11/8,10.29,1017,856,0.04,45,40
1523,2011/5/27,5.14,1342,1430,0,83,65
1416,2011/12/13,4.47,,,0,47,32
1324,2012/6/30,4.7,,,0,93,77
1297,2013/1/16,4.92,,,0.69,37,32
1299,2013/8/4,5.14,,,0,80,66
1379,2014/2/20,4.92,,,0.03,51,37
1389,2014/9/8,7.61,,,0,75,65
1267,2015/3/27,4.25,,,0.27,46,39
1483,2015/10/13,3.58,,,0.01,72,61
1197,2016/4/30,5.82,,,0,65,46
1431,2016/11/16,4.03,,,0,61,45
1585,2010/4/23,6.49,1455,1453,0,68,44
1463,2010/11/9,8.05,1340,1414,0,54,41
1342,2011/5/28,5.37,1704,1703,0,84,67
1433,2011/12/14,3.58,,,0,50,36
1283,2012/7/1,4.7,,,0,94,74
1478,2013/1/17,5.59,,,0,43,35
1360,2013/8/5,3.36,,,0,78,62
1366,2014/2/21,7.38,,,0.09,49,36
1430,2014/9/9,7.83,,,0,73,63
1171,2015/3/28,7.61,,,0,40,26
1489,2015/10/14,3.8,,,0,69,57
1005,2016/5/1,4.92,,,0.16,51,45
1398,2016/11/17,4.25,,,0,61,49
1389,2010/4/24,5.59,2228,1543,0,68,46
1593,2010/11/10,7.61,1358,1311,0,56,46
1122,2011/5/29,5.14,2253,2252,0,82,67
1573,2011/12/15,8.05,,,0,59,47
1437,2012/7/2,4.47,,,0,88,72
1361,2013/1/18,6.71,,,0,35,25
1457,2013/8/6,2.68,,,0,82,64
1423,2014/2/22,7.16,,,0,54,40
1510,2014/9/10,5.82,,,0,80,63
1103,2015/3/29,6.26,,,0,46,25
1530,2015/10/15,4.03,,,0,64,51
1252,2016/5/2,2.24,,,0.04,60,45
1381,2016/11/18,2.46,,,0,64,44
1099,2010/4/25,6.93,2135,2034,1.6,52,46
1423,2010/11/11,6.71,908,912,0,56,42
1126,2011/5/30,4.47,533,,0.29,86,70
1481,2011/12/16,7.61,,,0,59,41
1547,2012/7/3,2.91,,,0,89,71
1262,2013/1/19,9.84,,,0,51,30
1477,2013/8/7,5.14,,,0,80,70
1240,2014/2/23,5.37,,,0,54,43
1528,2014/9/11,4.7,,,0,83,69
1270,2015/3/30,7.83,,,0,54,36
1522,2015/10/16,5.37,,,0,64,53
1370,2016/5/3,6.04,,,0.61,56,51
1274,2016/11/19,4.92,,,0.25,63,37
1234,2010/4/26,8.05,2216,2324,0.69,53,48
1546,2010/11/12,5.82,846,850,0,62,45
1560,2011/5/31,4.7,1103,,0,89,69
1270,2011/12/17,,,,0,42,31
1291,2012/7/4,4.25,,,0.06,92,70
1115,2013/1/20,10.96,,,0,53,30
1458,2013/8/8,4.47,,,0.46,81,70
1252,2014/2/24,9.4,,,0,44,27
1470,2014/9/12,5.14,,,0,78,62
1257,2015/3/31,5.37,,,0.17,47,35
1202,2015/10/17,5.82,,,0,56,42
1429,2016/5/4,8.72,,,0.01,52,48
1023,2016/11/20,10.29,,,0.31,42,34
1584,2010/4/27,7.38,1752,1751,0.05,58,41
1457,2010/11/13,3.13,1410,112,0,64,46
1616,2011/6/1,5.82,2227,2009,0,90,69
1014,2011/12/18,4.47,,,0,31,22
1693,2012/7/5,5.14,,,0,95,77
1115,2013/1/21,5.14,,,0,32,26
1484,2013/8/9,4.25,,,0.05,85,74
1385,2014/2/25,6.93,,,0,33,24
1282,2014/9/13,5.14,,,0.26,69,58
1406,2015/4/1,5.14,,,0,51,32
1098,2015/10/18,4.92,,,0,50,38
1352,2016/5/5,8.28,,,0,57,46
1219,2016/11/21,13.2,,,0,41,36
1552,2010/4/28,9.62,1626,1500,0,56,40
1170,2010/11/14,3.58,2126,2120,0,61,46
1513,2011/6/2,8.5,1243,1243,0,80,62
1192,2011/12/19,7.61,,,0,47,28
1457,2012/7/6,2.68,,,0,93,72
1223,2013/1/22,10.51,,,0,27,13
1351,2013/8/10,4.92,,,0,83,70
1250,2014/2/26,5.37,,,0.03,31,20
1236,2014/9/14,3.13,,,0,71,53
1438,2015/4/2,6.26,,,0,67,41
1293,2015/10/19,3.8,,,0,53,35
1400,2016/5/6,7.83,,,0.54,54,48
1291,2016/11/22,9.62,,,0,41,37
1550,2010/4/29,8.95,1554,1558,0,69,45
1444,2010/11/15,5.59,926,924,0,57,50
1536,2011/6/3,6.71,1249,1249,0,76,57
1476,2011/12/20,4.92,,,0.01,48,41
1314,2012/7/7,4.03,,,0.5,97,72
1172,2013/1/23,7.83,,,0,20,11
1380,2013/8/11,2.46,,,0,81,65
1259,2014/2/27,8.5,,,0,34,14
1491,2014/9/15,2.91,,,0,71,55
1340,2015/4/3,6.71,,,0.04,64,59
1412,2015/10/20,6.04,,,0,70,48
1209,2016/5/7,4.47,,,0,60,48
1209,2016/11/23,4.92,,,0,45,35
1603,2010/4/30,5.14,1333,1332,0,78,56
1444,2010/11/16,6.71,2239,2239,0.45,59,52
1435,2011/6/4,4.92,1241,1241,0,75,59
1464,2011/12/21,6.04,,,0.11,62,42
1245,2012/7/8,3.13,,,0.09,92,72
1207,2013/1/24,8.5,,,0,22,12
1416,2013/8/12,2.01,,,0.05,82,70
1276,2014/2/28,4.7,,,0,24,9
1465,2014/9/16,2.24,,,0.37,70,58
1218,2015/4/4,10.07,,,0.01,60,42
1493,2015/10/21,2.24,,,0,76,57
1107,2016/5/8,4.7,,,0.16,66,49
759,2016/11/24,4.47,,,0.03,48,38
1319,2010/5/1,4.03,1555,1830,0,85,64
1545,2010/11/17,10.74,1305,1318,0.21,60,51
1167,2011/6/5,4.03,107,1755,0,70,56
1487,2011/12/22,5.37,,,0.06,58,48
1479,2012/7/9,3.8,,,0,86,73
1259,2013/1/25,6.71,,,0.07,24,13
1490,2013/8/13,2.68,,,0.85,77,68
1292,2014/3/1,4.47,,,0,37,20
1565,2014/9/17,2.68,,,0,73,55
892,2015/4/5,4.92,,,0,61,42
1411,2015/10/22,4.7,,,0,75,58
1427,2016/5/9,5.14,,,0,72,52
1270,2016/11/25,2.01,,,0.02,54,45
1283,2010/5/2,5.14,1549,1513,0,88,66
1643,2010/11/18,7.16,131,1122,0,55,45
1401,2011/6/6,4.03,2250,2249,0,81,60
1332,2011/12/23,6.71,,,0.75,49,35
1587,2012/7/10,3.8,,,0,87,69
1215,2013/1/26,6.71,,,0,27,15
1658,2013/8/14,6.49,,,0,74,61
1110,2014/3/2,3.8,,,0,40,32
1558,2014/9/18,2.68,,,0,76,57
1231,2015/4/6,4.25,,,0,63,42
1377,2015/10/23,6.71,,,0,65,45
1440,2016/5/10,4.92,,,0,63,50
1194,2016/11/26,4.47,,,0,50,40
1372,2010/5/3,4.92,1435,1434,1.29,80,67
1518,2010/11/19,5.82,1159,742,0,48,40
1623,2011/6/7,5.14,1421,1219,0,87,66
981,2011/12/24,5.37,,,0,36,29
1559,2012/7/11,2.68,,,0,85,71
1068,2013/1/27,5.82,,,0,34,19
1501,2013/8/15,3.58,,,0,78,59
1188,2014/3/3,6.71,,,0.04,32,17
1531,2014/9/19,7.61,,,0,66,54
1354,2015/4/7,6.93,,,0.15,62,42
1216,2015/10/24,4.03,,,0,57,40
1495,2016/5/11,2.46,,,0,76,50
1076,2016/11/27,4.7,,,0,50,39
1594,2010/5/4,5.14,1507,1541,0,81,62
1425,2010/11/20,7.61,338,319,0,55,41
1562,2011/6/8,3.8,1639,2006,0,94,73
675,2011/12/25,5.82,,,0,46,31
1615,2012/7/12,2.68,,,0,89,70
1174,2013/1/28,4.7,,,0.22,36,29
1541,2013/8/16,2.01,,,0,82,64
1278,2014/3/4,4.7,,,0,29,13
1509,2014/9/20,2.91,,,0,75,57
1378,2015/4/8,11.41,,,0,45,37
1178,2015/10/25,4.92,,,0.05,68,48
1562,2016/5/12,3.36,,,0,80,56
1301,2016/11/28,3.36,,,0,52,38
1630,2010/5/5,5.14,1446,1454,0,80,58
1177,2010/11/21,6.04,853,824,0,48,39
1347,2011/6/9,3.58,1712,1714,0.07,95,69
1019,2011/12/26,8.95,,,0,45,38
1536,2012/7/13,2.91,,,0,89,74
1360,2013/1/29,4.47,,,0.06,49,36
1329,2013/8/17,2.01,,,0,84,64
1394,2014/3/5,5.14,,,0,39,26
1291,2014/9/21,1.57,,,0.15,75,67
1284,2015/4/9,8.95,,,0,43,37
1307,2015/10/26,3.8,,,0,58,46
1350,2016/5/13,,,,0.25,65,57
1223,2016/11/29,4.92,,,2.2,60,51
1639,2010/5/6,7.38,1649,1648,0,78,59
1397,2010/11/22,6.04,1423,953,0,65,45
1477,2011/6/10,4.7,2355,2136,0,87,70
1294,2011/12/27,8.05,,,1.02,57,38
1496,2012/7/14,4.25,,,0,85,73
1394,2013/1/30,5.14,,,0.04,59,39
1328,2013/8/18,2.91,,,0,76,68
1367,2014/3/6,8.5,,,0,31,16
1465,2014/9/22,6.71,,,0,71,55
1225,2015/4/10,4.7,,,0.17,56,39
1338,2015/10/27,4.47,,,0,59,45
1388,2016/5/14,,,,0,73,56
1304,2016/11/30,6.26,,,0.73,58,50
1615,2010/5/7,4.92,1620,1525,0,73,52
1520,2010/11/23,6.93,2329,2326,0,61,50
1287,2011/6/11,10.07,1459,1909,0.55,72,59
1372,2011/12/28,11.63,,,0,50,31
1323,2012/7/15,3.58,,,0.26,89,71
1431,2013/1/31,12.3,,,0.9,61,30
1429,2013/8/19,3.36,,,0,79,66
1390,2014/3/7,7.83,,,0,37,26
1492,2014/9/23,1.79,,,0,71,52
1208,2015/4/11,8.72,,,0,57,44
1135,2015/10/28,6.71,,,1.4,69,53
1268,2016/5/15,,,,0,59,46
1426,2016/12/1,7.61,,,0.07,54,42
1352,2010/5/8,10.07,1652,2009,0.04,76,49
1440,2010/11/24,9.62,224,224,0,50,41
1201,2011/6/12,5.82,253,252,0.05,74,58
1330,2011/12/29,6.93,,,0,38,24
1427,2012/7/16,4.7,,,0,91,70
1440,2013/2/1,8.5,,,0,31,24
1469,2013/8/20,2.91,,,0,88,68
1414,2014/3/8,5.82,,,0,57,35
1466,2014/9/24,5.59,,,0,71,58
1110,2015/4/12,3.36,,,0,66,43
1412,2015/10/29,6.49,,,0.04,73,57
1418,2016/5/16,,,,0,66,43
1358,2016/12/2,8.72,,,0,51,40
1109,2010/5/9,11.41,625,625,0,52,44
796,2010/11/25,3.58,1233,2111,0.06,46,39
1471,2011/6/13,4.47,1440,1634,0.05,73,60
1394,2011/12/30,3.36,,,0,51,37
1504,2012/7/17,4.25,,,0,96,74
1272,2013/2/2,6.49,,,0.02,29,19
1479,2013/8/21,2.46,,,0,90,72
1107,2014/3/9,6.26,,,0,44,36
1310,2014/9/25,8.28,,,0.32,64,57
1333,2015/4/13,4.7,,,0,68,50
1307,2015/10/30,5.82,,,0,61,48
1570,2016/5/17,3.8,,,0,64,52
1266,2016/12/3,8.72,,,0,47,41
1409,2010/5/10,8.05,1414,1413,0,61,41
1362,2010/11/26,6.93,1200,1250,0.16,53,38
1483,2011/6/14,4.7,823,813,0.05,72,58
1118,2011/12/31,5.37,,,0.01,54,46
1543,2012/7/18,2.91,,,1.76,100,73
975,2013/2/3,3.58,,,0.02,30,24
1417,2013/8/22,3.8,,,0.25,78,71
1333,2014/3/10,5.37,,,0,51,36
1388,2014/9/26,4.25,,,0,77,58
1387,2015/4/14,3.8,,,0.01,65,55
1262,2015/10/31,2.91,,,0,56,42
1586,2016/5/18,,,,0,68,52
1078,2016/12/4,4.92,,,0,47,39
1470,2010/5/11,3.36,931,929,0.03,56,43
1292,2010/11/27,9.62,1121,1234,0,42,34
1650,2011/6/15,4.92,1250,1249,0,83,56
1312,2012/1/1,6.04,,,0.05,52,41
1558,2012/7/19,4.7,,,0.02,76,68
1193,2013/2/4,7.38,,,0,30,23
1516,2013/8/23,5.59,,,0,82,71
1400,2014/3/11,4.7,,,0,66,45
1414,2014/9/27,2.46,,,0,83,60
1582,2015/4/15,6.26,,,0,72,51
1375,2015/11/1,4.92,,,0,65,54
1493,2016/5/19,1.34,,,0,73,54
1308,2016/12/5,5.59,,,0.19,49,38
1493,2010/5/12,6.93,1631,516,0.43,48,44
1215,2010/11/28,4.47,9,9,0,47,34
1589,2011/6/16,4.47,9999,,0,84,62
1085,2012/1/2,10.29,,,0,50,33
1411,2012/7/20,7.38,,,0.58,72,61
1343,2013/2/5,4.92,,,0.02,32,28
1428,2013/8/24,4.92,,,0,80,65
1399,2014/3/12,5.37,,,0.35,56,32
1315,2014/9/28,1.79,,,0,84,64
1454,2015/4/16,6.49,,,0,64,52
1429,2015/11/2,2.01,,,0,63,54
1444,2016/5/20,4.47,,,0,76,53
1340,2016/12/6,5.37,,,0.35,46,37
1550,2010/5/13,4.92,2213,2212,0,67,43
1402,2010/11/29,2.68,1604,1901,0,48,35
1445,2011/6/17,2.68,9999,,1.82,76,64
1318,2012/1/3,10.51,,,0,33,15
1350,2012/7/21,4.25,,,0,78,61
1428,2013/2/6,4.7,,,0,39,29
1296,2013/8/25,4.03,,,0,83,64
1333,2014/3/13,14.09,,,0,32,18
1495,2014/9/29,0.67,,,0,79,67
1444,2015/4/17,5.14,,,0.08,71,55
1323,2015/11/3,2.46,,,0,72,48
1327,2016/5/21,3.8,,,0.04,66,54
1344,2016/12/7,3.8,,,0.09,46,40
1593,2010/5/14,6.49,128,100,0.04,80,55
1435,2010/11/30,7.16,2302,2258,0.09,57,44
1356,2011/6/18,1.79,1259,1231,0,83,64
1276,2012/1/4,7.61,,,0,27,13
1345,2012/7/22,2.46,,,0,83,65
1313,2013/2/7,5.82,,,0,32,26
1427,2013/8/26,5.82,,,0.04,84,68
1378,2014/3/14,5.59,,,0,46,22
1484,2014/9/30,4.7,,,0,71,62
1355,2015/4/18,4.25,,,0,80,59
1565,2015/11/4,2.46,,,0,70,56
1214,2016/5/22,3.58,,,0.09,70,52
1403,2016/12/8,,,,0,45,35
1341,2010/5/15,7.38,819,818,0,73,60
1319,2010/12/1,11.41,1241,1314,1.2,60,40
1291,2011/6/19,4.03,1146,1145,0,83,69
1425,2012/1/5,6.26,,,0,40,27
1406,2012/7/23,4.03,,,0.15,86,71
1041,2013/2/8,13.65,,,1.15,34,27
1515,2013/8/27,4.7,,,0.01,87,71
1505,2014/3/15,8.95,,,0,58,42
1445,2014/10/1,6.04,,,0.02,65,61
1216,2015/4/19,8.5,,,0,64,48
1453,2015/11/5,2.01,,,0.01,71,56
1389,2016/5/23,2.46,,,0.02,78,56
1264,2016/12/9,,,,0,39,29
1199,2010/5/16,4.25,1126,1114,0,72,54
1484,2010/12/2,7.38,131,102,0,42,34
1447,2011/6/20,3.36,2226,1801,0,81,67
1457,2012/1/6,6.93,,,0,53,35
1544,2012/7/24,6.49,,,0,91,74
879,2013/2/9,8.5,,,0.38,32,21
1465,2013/8/28,2.68,,,0.43,86,71
1226,2014/3/16,7.61,,,0,42,30
1516,2014/10/2,4.7,,,0,70,61
1221,2015/4/20,7.38,,,1.37,57,46
1412,2015/11/6,4.7,,,0,74,66
1437,2016/5/24,2.01,,,0.18,73,58
1188,2016/12/10,6.04,,,0,35,28
1455,2010/5/17,2.91,2331,2301,0,74,55
1396,2010/12/3,6.04,2205,1909,0,40,33
1590,2011/6/21,4.25,234,2247,0,82,70
1376,2012/1/7,6.93,,,0,62,46
1650,2012/7/25,4.25,,,0,85,67
969,2013/2/10,3.13,,,0,36,18
1459,2013/8/29,4.92,,,0,80,71
1255,2014/3/17,8.05,,,0,35,23
1391,2014/10/3,4.25,,,0,71,56
1486,2015/4/21,6.04,,,0.2,65,52
1314,2015/11/7,4.47,,,0,72,53
1440,2016/5/25,4.25,,,0,88,61
1068,2016/12/11,4.03,,,0.03,35,28
1367,2010/5/18,8.95,2022,2021,1.09,62,50
1298,2010/12/4,8.28,1541,1140,0,40,32
1553,2011/6/22,3.13,1118,1622,0.27,80,71
1124,2012/1/8,7.83,,,0,46,33
1457,2012/7/26,5.37,,,0.6,88,68
1137,2013/2/11,3.58,,,0.49,45,34
1481,2013/8/30,4.25,,,0,85,70
1401,2014/3/18,6.93,,,0,43,28
1278,2014/10/4,6.71,,,1.18,69,52
1489,2015/4/22,6.49,,,0.05,69,48
1136,2015/11/8,3.58,,,0,56,46
1457,2016/5/26,3.58,,,0,90,69
1231,2016/12/12,6.26,,,0.5,46,34
1503,2010/5/19,3.8,1322,239,0,64,50
1061,2010/12/5,9.84,1914,1909,0,35,30
1531,2011/6/23,6.49,1617,1617,0.26,71,66
1336,2012/1/9,3.58,,,0,41,31
1494,2012/7/27,4.47,,,0,87,71
1493,2013/2/12,8.5,,,0,44,36
1387,2013/8/31,4.92,,,0,86,73
1362,2014/3/19,7.16,,,0.92,46,32
1272,2014/10/5,5.59,,,0,61,46
1362,2015/4/23,9.17,,,0,52,41
1381,2015/11/9,2.01,,,0,59,43
1395,2016/5/27,3.8,,,0,87,73
1322,2016/12/13,4.03,,,0,43,35
1625,2010/5/20,2.91,2256,1630,0,79,55
1277,2010/12/6,10.74,1211,1759,0,35,30
1456,2011/6/24,5.37,1947,2009,0.03,70,65
1556,2012/1/10,7.38,,,0,47,33
1426,2012/7/28,5.14,,,0.18,81,68
1432,2013/2/13,3.36,,,0.03,44,33
1328,2013/9/1,2.46,,,0,84,75
1488,2014/3/20,8.05,,,0,54,40
1452,2014/10/6,3.8,,,0,69,50
1359,2015/4/24,8.5,,,0,52,39
1289,2015/11/10,9.84,,,0.26,57,51
1239,2016/5/28,4.47,,,0,92,71
1411,2016/12/14,5.59,,,0,42,34
1640,2010/5/21,4.92,1658,1507,0,85,61
1390,2010/12/7,10.07,1204,1155,0,36,30
1443,2011/6/25,4.03,2042,1916,0,80,64
1468,2012/1/11,5.82,,,0.07,48,37
1260,2012/7/29,3.58,,,0.01,80,68
1345,2013/2/14,4.03,,,0,46,33
1274,2013/9/2,0.89,,,0.05,82,74
1440,2014/3/21,7.61,,,0,51,39
1510,2014/10/7,4.7,,,0.06,71,63
1241,2015/4/25,5.59,,,0,62,38
1390,2015/11/11,4.92,,,0.43,58,49
1164,2016/5/29,4.92,,,0,87,70
1181,2016/12/15,10.96,,,0,34,19
1412,2010/5/22,6.26,1850,1336,0,74,57
1416,2010/12/8,9.62,222,1641,0,34,27
1286,2011/6/26,4.25,1403,1401,0,79,66
1384,2012/1/12,9.17,,,1.38,45,41
1517,2012/7/30,3.13,,,0,81,68
1475,2013/2/15,6.04,,,0,55,37
1581,2013/9/3,2.91,,,0.03,82,68
1423,2014/3/22,6.93,,,0,63,41
1508,2014/10/8,7.16,,,0.04,73,62
1210,2015/4/26,5.14,,,0,64,46
1392,2015/11/12,5.59,,,0.01,61,51
1169,2016/5/30,3.13,,,1.65,82,68
1125,2016/12/16,6.04,,,0,27,17
1274,2010/5/23,8.05,727,1333,0,71,58
1295,2010/12/9,8.05,1154,1414,0,30,23
1477,2011/6/27,2.24,2013,2013,0,82,66
1453,2012/1/13,11.41,,,0.09,50,28
1540,2012/7/31,3.8,,,0,80,70
1307,2013/2/16,7.16,,,0.02,41,31
1467,2013/9/4,5.37,,,0,82,65
1149,2014/3/23,7.38,,,0,42,27
1498,2014/10/9,5.59,,,0,68,55
1347,2015/4/27,5.82,,,0,62,49
1353,2015/11/13,10.74,,,0,58,46
1590,2016/5/31,3.13,,,0,85,71
1011,2016/12/17,4.25,,,0.73,39,24
1510,2010/5/24,5.14,1106,1106,0.03,73,60
1353,2010/12/10,4.47,852,1954,0,38,22
1640,2011/6/28,2.46,1333,1329,0,83,72
1215,2012/1/14,8.72,,,0,32,27
1420,2012/8/1,2.24,,,0.64,78,70
1071,2013/2/17,12.3,,,0,32,18
1529,2013/9/5,5.59,,,0,80,64
1290,2014/3/24,6.71,,,0,35,21
1375,2014/10/10,2.24,,,0,64,52
1383,2015/4/28,7.83,,,0,71,50
1182,2015/11/14,7.83,,,0,49,42
1537,2016/6/1,6.04,,,0,83,66
1074,2016/12/18,7.38,,,0.04,58,31
1646,2010/5/25,3.36,1413,1415,0,82,61
1325,2010/12/11,4.25,2352,2352,0,46,34
1526,2011/6/29,3.8,1433,1433,0.1,82,69
957,2012/1/15,8.72,,,0,27,15
1550,2012/8/2,2.68,,,0,87,70
1102,2013/2/18,8.28,,,0,35,17
1389,2013/9/6,3.58,,,0,72,57
1358,2014/3/25,5.82,,,0,39,26
1230,2014/10/11,4.47,,,0.33,60,50
1419,2015/4/29,5.59,,,0,78,50
1126,2015/11/15,4.7,,,0,58,39
1512,2016/6/2,4.7,,,0,78,62
1273,2016/12/19,6.71,,,0,31,23
1556,2010/5/26,4.47,2155,1508,0,92,65
999,2010/12/12,7.38,1335,1027,1.38,56,40
1556,2011/6/30,4.92,1528,1258,0,82,65
1073,2012/1/16,4.7,,,0.04,37,15
1560,2012/8/3,3.58,,,0,89,75
1227,2013/2/19,6.71,,,0.15,49,33
1426,2013/9/7,3.36,,,0,80,59
1387,2014/3/26,11.86,,,0,36,24
1262,2014/10/12,2.68,,,0,63,48
1474,2015/4/30,8.05,,,0,67,48
1409,2015/11/16,4.03,,,0,67,51
1401,2016/6/3,1.34,,,0.04,70,63
1289,2016/12/20,3.13,,,0,33,20
1512,2010/5/27,5.82,555,555,0.06,83,55
1316,2010/12/13,10.07,2032,2337,0.04,49,21
1458,2011/7/1,3.58,1241,1239,0,83,63
1439,2012/1/17,8.05,,,0.19,53,36
1384,2012/8/4,3.13,,,0,90,75
1340,2013/2/20,12.08,,,0,38,25
1313,2013/9/8,6.49,,,0,83,64
1344,2014/3/27,6.71,,,0,44,22
1242,2014/10/13,2.68,,,0.05,65,52
1390,2015/5/1,5.14,,,0,63,49
1407,2015/11/17,6.26,,,0,52,40
1264,2016/6/4,2.46,,,0.4,83,66
1416,2016/12/21,2.91,,,0,40,30
1545,2010/5/28,2.91,1654,1654,0,70,56
1300,2010/12/14,10.96,1754,1511,0.01,23,19
1237,2011/7/2,3.36,1824,1915,0,86,68
1417,2012/1/18,10.51,,,0,54,24
1310,2012/8/5,6.04,,,0.22,91,73
1403,2013/2/21,10.07,,,0,34,24
1355,2013/9/9,4.25,,,0,73,57
1435,2014/3/28,5.37,,,0.04,62,37
1585,2014/10/14,4.7,,,0,76,63
1181,2015/5/2,2.91,,,0,74,48
1398,2015/11/18,5.14,,,0,58,46
1170,2016/6/5,3.36,,,0.91,71,65
1355,2016/12/22,6.26,,,0,49,37
1376,2010/5/29,5.59,442,441,0,77,61
1243,2010/12/15,10.07,1402,1402,0,27,20
1171,2011/7/3,3.36,508,535,0.84,74,69
1347,2012/1/19,6.71,,,0,37,20
1457,2012/8/6,3.58,,,0.01,86,72
1383,2013/2/22,7.16,,,0,38,25
1403,2013/9/10,5.82,,,0.01,87,68
1154,2014/3/29,10.74,,,1.81,59,43
1588,2014/10/15,5.14,,,0.69,77,69
1153,2015/5/3,2.46,,,0,80,51
1331,2015/11/19,5.59,,,1.25,64,57
1490,2016/6/6,5.59,,,0,83,65
1264,2016/12/23,6.49,,,0,47,38
1200,2010/5/30,5.82,1718,1649,0,84,67
1294,2010/12/16,6.26,222,221,0,30,23
1145,2011/7/4,2.46,1337,1512,0,86,70
1465,2012/1/20,7.16,,,0,36,24
1549,2012/8/7,2.01,,,0,83,68
1250,2013/2/23,8.95,,,0.26,42,36
1492,2013/9/11,4.47,,,0,96,77
1034,2014/3/30,10.07,,,0.35,49,39
1519,2014/10/16,4.03,,,1.11,71,61
1251,2015/5/4,5.37,,,0,85,57
1434,2015/11/20,5.82,,,0,64,46
1449,2016/6/7,5.14,,,0,85,64
1008,2016/12/24,4.92,,,0.47,47,38
1184,2010/5/31,3.8,1400,1706,0,86,69
1419,2010/12/17,6.71,1150,1501,0,36,23
1743,2011/7/5,4.03,1343,1311,0,87,70
1108,2012/1/21,9.62,,,0.39,29,22
1661,2012/8/8,1.12,,,0,86,73
1181,2013/2/24,7.16,,,0.01,47,34
1473,2013/9/12,4.03,,,1.6,87,70
1261,2014/3/31,8.28,,,0.16,56,36
1615,2014/10/17,4.47,,,0,71,59
1411,2015/5/5,4.03,,,0,85,66
1232,2015/11/21,6.49,,,0,53,42
1332,2016/6/8,7.61,,,0.45,67,52
764,2016/12/25,6.26,,,0,50,36
1575,2010/6/1,4.47,1648,1647,0,85,66
1308,2010/12/18,3.58,1302,1301,0,36,28
1511,2011/7/6,4.25,1734,1444,0,89,73
1010,2012/1/22,8.5,,,0,34,18
1608,2012/8/9,2.91,,,0,88,73
1262,2013/2/25,4.7,,,0,45,32
1474,2013/9/13,5.14,,,0.06,77,59
1435,2014/4/1,4.7,,,0,60,39
1576,2014/10/18,6.26,,,0,70,56
1462,2015/5/6,4.92,,,0,73,59
1173,2015/11/22,6.26,,,0.03,55,42
1477,2016/6/9,8.95,,,0,71,54
1027,2016/12/26,6.49,,,0.02,50,33
1648,2010/6/2,3.36,1731,1753,0,87,67
1158,2010/12/19,4.92,2347,2326,0,37,30
1503,2011/7/7,3.8,2338,1532,0,92,74
1425,2012/1/23,7.38,,,0.37,53,34
1486,2012/8/10,4.25,,,0.24,80,70
1352,2013/2/26,7.61,,,0.14,44,35
1341,2013/9/14,4.7,,,0,67,54
1440,2014/4/2,2.01,,,0,54,42
1275,2014/10/19,7.61,,,0,56,44
1426,2015/5/7,2.24,,,0,80,56
1266,2015/11/23,5.82,,,0,44,33
1412,2016/6/10,5.37,,,0,77,57
1347,2016/12/27,7.16,,,0,60,40
1599,2010/6/3,4.7,1622,1625,0,87,67
1245,2010/12/20,8.72,1622,1609,0,37,25
1475,2011/7/8,3.36,2323,2308,0.4,85,68
1608,2012/1/24,8.28,,,0,53,42
1476,2012/8/11,4.47,,,0,87,75
1342,2013/2/27,11.18,,,1.56,47,36
1324,2013/9/15,3.8,,,0,73,51
1408,2014/4/3,3.8,,,0.07,67,46
1457,2014/10/20,3.8,,,0,60,42
1312,2015/5/8,2.91,,,0,82,56
1321,2015/11/24,3.8,,,0,46,32
1306,2016/6/11,3.36,,,0,88,59
1236,2016/12/28,5.14,,,0,40,34
1624,2010/6/4,3.8,2256,2301,0,88,72
1356,2010/12/21,9.62,547,1340,0,38,28
1320,2011/7/9,4.47,1648,1647,0,88,67
1506,2012/1/25,6.71,,,0,44,36
1428,2012/8/12,4.7,,,0,87,73
1409,2013/2/28,4.47,,,0,51,39
1393,2013/9/16,4.7,,,0.03,73,56
1415,2014/4/4,8.5,,,0.21,47,40
1498,2014/10/21,3.58,,,0.11,67,55
1266,2015/5/9,4.25,,,0,70,57
1258,2015/11/25,2.68,,,0,50,36
1195,2016/6/12,8.05,,,0,83,62
1183,2016/12/29,5.37,,,0.39,46,33
1418,2010/6/5,7.38,1513,1411,0,88,76
1416,2010/12/22,9.4,2354,2325,0,38,28
1304,2011/7/10,2.01,1604,1831,0,86,68
1485,2012/1/26,3.8,,,0.18,40,33
1487,2012/8/13,4.25,,,0,86,69
1343,2013/3/1,5.37,,,0,45,36
1459,2013/9/17,4.7,,,0,65,50
1342,2014/4/5,8.5,,,0,54,40
1337,2014/10/22,9.4,,,1.51,58,50
1143,2015/5/10,3.58,,,0,83,61
800,2015/11/26,2.91,,,0,60,41
1457,2016/6/13,7.38,,,0,74,57
1308,2016/12/30,9.4,,,0.01,40,33
1238,2010/6/6,8.5,1457,1533,0.02,89,61
1291,2010/12/23,12.08,700,1747,0,35,30
1422,2011/7/11,5.14,2356,2356,0,91,74
1493,2012/1/27,8.5,,,0.47,59,40
1550,2012/8/14,2.24,,,0.01,79,72
1254,2013/3/2,7.61,,,0,40,31
1501,2013/9/18,2.68,,,0,72,51
1131,2014/4/6,4.25,,,0,61,36
1286,2014/10/23,7.61,,,0.61,53,50
1448,2015/5/11,3.8,,,0,84,70
1240,2015/11/27,3.8,,,0,64,51
1481,2016/6/14,4.25,,,0,79,58
1029,2016/12/31,6.93,,,0,44,31
1469,2010/6/7,6.93,1447,1604,0,75,57
981,2010/12/24,7.38,830,830,0,40,29
1636,2011/7/12,7.16,1232,8,0,93,78
1441,2012/1/28,,,,0,46,38
1404,2012/8/15,2.91,,,0.57,82,67
1086,2013/3/3,7.61,,,0,40,29
1525,2013/9/19,2.46,,,0,78,55
1166,2014/4/7,6.04,,,0.52,53,43
1511,2014/10/24,4.47,,,0,63,51
1464,2015/5/12,5.37,,,0,86,64
1200,2015/11/28,,,,0.02,64,45
1543,2016/6/15,2.46,,,0,85,62
1611,2010/6/8,5.14,1630,1629,0,75,58
677,2010/12/25,3.8,919,803,0,32,25
1569,2011/7/13,5.59,1824,1821,0.11,86,69
1159,2012/1/29,,,,0,44,34
1558,2012/8/16,3.36,,,0,85,66
1175,2013/3/4,10.29,,,0,42,27
1591,2013/9/20,3.13,,,0,79,60
1458,2014/4/8,6.93,,,0.34,64,46
1479,2014/10/25,5.82,,,0.01,67,50
1600,2015/5/13,7.38,,,0,70,53
1122,2015/11/29,,,,0,49,38
1527,2016/6/16,1.79,,,0.22,74,65
1386,2010/6/9,4.25,1703,1716,0.89,68,57
568,2010/12/26,10.51,2303,2144,1.09,30,21
1633,2011/7/14,6.93,1307,1314,0,84,64
1307,2012/1/30,,,,0,40,34
1626,2012/8/17,4.03,,,0.15,88,65
1359,2013/3/5,7.16,,,0,49,31
1416,2013/9/21,4.47,,,0.72,77,61
1449,2014/4/9,6.93,,,0,61,45
1340,2014/10/26,7.83,,,0,63,53
1442,2015/5/14,3.8,,,0,73,50
1284,2015/11/30,5.59,,,0,47,33
1396,2016/6/17,4.7,,,0,78,63
1578,2010/6/10,3.58,134,2102,0.25,74,58
334,2010/12/27,17,1406,1405,0.52,28,20
1562,2011/7/15,4.25,1102,1350,0,87,66
1543,2012/1/31,,,,0,59,38
1326,2012/8/18,3.36,,,0.32,79,63
1277,2013/3/6,15.43,,,0,42,38
1294,2013/9/22,5.82,,,0.45,69,54
1383,2014/4/10,6.93,,,0,58,42
1399,2014/10/27,5.14,,,0,63,48
1533,2015/5/15,3.36,,,0,75,55
1281,2015/12/1,6.71,,,0.33,51,44
1276,2016/6/18,2.68,,,0,87,61
1560,2010/6/11,4.25,755,1535,0,71,58
826,2010/12/28,9.17,1110,2353,0,38,24
1391,2011/7/16,4.7,2322,2030,0,90,70
1596,2012/2/1,8.05,,,0.03,62,48
1286,2012/8/19,1.12,,,0,74,62
1236,2013/3/7,10.07,,,0.19,38,33
1431,2013/9/23,4.03,,,0,66,50
1469,2014/4/11,5.82,,,0,75,56
1574,2014/10/28,2.91,,,0,72,53
1268,2015/5/16,2.01,,,0.3,75,57
1326,2015/12/2,2.91,,,0.14,57,46
1154,2016/6/19,2.91,,,0,88,66
1317,2010/6/12,4.7,1009,1009,0,79,61
1083,2010/12/29,7.83,1426,1425,0,37,31
1320,2011/7/17,5.82,1324,2213,0,91,72
1535,2012/2/2,6.93,,,0,50,35
1490,2012/8/20,1.12,,,0,78,65
1197,2013/3/8,7.61,,,0.54,42,31
1519,2013/9/24,4.03,,,0,73,47
1338,2014/4/12,4.25,,,0,73,50
1464,2014/10/29,4.92,,,0,72,51
1213,2015/5/17,2.01,,,0.02,83,64
1305,2015/12/3,8.5,,,0,55,44
1397,2016/6/20,3.13,,,0,84,64
1227,2010/6/13,6.26,2224,2223,0.3,78,65
1123,2010/12/30,4.03,2121,2120,0,40,28
1390,2011/7/18,5.37,1239,1540,0.11,95,75
1423,2012/2/3,6.71,,,0,44,30
1575,2012/8/21,3.13,,,0,82,66
1309,2013/3/9,6.04,,,0,55,35
1577,2013/9/25,1.79,,,0,73,52
1230,2014/4/13,5.82,,,0,77,54
1414,2014/10/30,3.58,,,0,59,47
1493,2015/5/18,4.7,,,0,75,60
1392,2015/12/4,4.25,,,0,51,42
1598,2016/6/21,4.92,,,0,87,72
1458,2010/6/14,2.46,1830,1829,0.01,79,64
1017,2010/12/31,6.04,2124,2117,0,45,36
1549,2011/7/19,4.03,1634,1416,0,94,75
1388,2012/2/4,5.14,,,0,46,35
1525,2012/8/22,2.01,,,0,82,68
1091,2013/3/10,4.7,,,0,50,36
1514,2013/9/26,3.58,,,0,71,58
1238,2014/4/14,7.38,,,0,75,59
1385,2014/10/31,6.49,,,0.05,55,45
1426,2015/5/19,2.46,,,0,80,59
1283,2015/12/5,2.24,,,0,51,40
1513,2016/6/22,4.03,,,0,86,68
1516,2010/6/15,5.37,917,917,0,81,64
1376,2011/1/1,3.13,1,1310,0,53,40
1562,2011/7/20,3.58,1600,1821,0,89,75
1034,2012/2/5,6.04,,,0,40,32
1584,2012/8/23,2.01,,,0,85,69
1273,2013/3/11,6.49,,,0,54,40
1519,2013/9/27,4.7,,,0,69,57
1248,2014/4/15,8.72,,,0.71,63,33
1207,2014/11/1,8.95,,,0.35,47,42
1515,2015/5/20,6.93,,,0,67,54
1148,2015/12/6,3.36,,,0,53,39
1484,2016/6/23,2.01,,,0,83,69
1568,2010/6/16,4.92,1317,1003,0,75,64
985,2011/1/2,5.14,2232,2319,0.01,52,35
1527,2011/7/21,5.82,2039,1319,0,97,75
1345,2012/2/6,8.05,,,0,51,33
1575,2012/8/24,2.01,,,0,87,69
1301,2013/3/12,8.05,,,0.79,57,43
1436,2013/9/28,4.47,,,0,73,56
1407,2014/4/16,7.61,,,0.05,49,31
1101,2014/11/2,10.74,,,0,48,41
1438,2015/5/21,2.68,,,0,62,52
1300,2015/12/7,3.8,,,0,54,42
1400,2016/6/24,6.26,,,0,84,67
1591,2010/6/17,7.16,835,834,0.45,74,65
1214,2011/1/3,8.72,222,219,0,36,28
1404,2011/7/22,4.47,1443,129,0,104,84
1459,2012/2/7,6.26,,,0,49,38
1394,2012/8/25,3.58,,,0,86,70
1506,2013/3/13,6.26,,,0,52,38
1336,2013/9/29,3.13,,,0,72,57
1323,2014/4/17,7.83,,,0,48,36
1297,2014/11/3,5.82,,,0,61,39
1415,2015/5/22,6.04,,,0,74,55
1345,2015/12/8,4.47,,,0,49,41
1265,2016/6/25,3.58,,,0,86,64
1577,2010/6/18,3.36,2344,1620,0,86,60
1496,2011/1/4,6.26,1715,1448,0,40,30
1340,2011/7/23,4.03,1721,857,0,100,83
1471,2012/2/8,4.25,,,0.01,38,31
1323,2012/8/26,4.7,,,0,84,68
1390,2013/3/14,11.41,,,0,41,29
1554,2013/9/30,3.36,,,0,75,56
1384,2014/4/18,5.37,,,0,49,35
1428,2014/11/4,4.7,,,0,68,53
1246,2015/5/23,4.47,,,0,70,49
1324,2015/12/9,4.25,,,0,55,40
1238,2016/6/26,2.46,,,0,87,67
1429,2010/6/19,4.92,1429,1801,0,81,64
1462,2011/1/5,6.26,247,1459,0,39,29
1275,2011/7/24,3.58,1439,1437,0.03,91,78
1465,2012/2/9,6.71,,,0,46,31
1361,2012/8/27,3.8,,,0.61,81,70
1349,2013/3/15,7.83,,,0,47,30
1503,2013/10/1,2.01,,,0,82,59
1267,2014/4/19,5.59,,,0,68,41
1489,2014/11/5,4.47,,,0,64,56
1191,2015/5/24,3.8,,,0,81,56
1383,2015/12/10,4.25,,,0,60,51
1471,2016/6/27,4.92,,,0.45,83,67
1170,2010/6/20,3.8,1443,1441,0,89,71
1492,2011/1/6,2.68,1821,1820,0,33,26
1456,2011/7/25,5.37,1227,1226,0.32,80,68
1528,2012/2/10,6.04,,,0,45,34
1470,2012/8/28,6.26,,,0.14,87,73
1248,2013/3/16,3.8,,,0.12,41,32
1598,2013/10/2,4.03,,,0,83,64
1008,2014/4/20,6.26,,,0,60,45
1349,2014/11/6,3.13,,,0.37,57,48
1181,2015/5/25,4.92,,,0,85,64
1461,2015/12/11,4.7,,,0,61,50
1415,2016/6/28,3.58,,,0.12,76,68
1508,2010/6/21,3.8,1259,1258,0,87,71
1299,2011/1/7,4.92,1835,545,0.19,33,25
1551,2011/7/26,3.58,1934,1934,0.14,90,69
1305,2012/2/11,5.82,,,0.08,38,32
1544,2012/8/29,4.47,,,0,79,67
1175,2013/3/17,6.04,,,0,38,29
1610,2013/10/3,1.57,,,0,78,63
1277,2014/4/21,4.25,,,0,67,41
1409,2014/11/7,7.38,,,0,53,40
1519,2015/5/26,5.14,,,0,88,67
1360,2015/12/12,2.01,,,0,66,55
1527,2016/6/29,2.24,,,0.01,83,67
1553,2010/6/22,3.8,1836,1824,0.27,87,71
1081,2011/1/8,4.03,2257,2256,0,31,23
1611,2011/7/27,4.25,908,1224,0,84,68
1049,2012/2/12,9.84,,,0.01,32,20
1524,2012/8/30,3.58,,,0,82,61
1264,2013/3/18,9.62,,,0.65,35,28
1598,2013/10/4,2.91,,,0,86,66
1429,2014/4/22,5.59,,,0.01,71,51
1326,2014/11/8,6.04,,,0,48,36
1498,2015/5/27,5.14,,,0.08,85,70
1261,2015/12/13,3.36,,,0,67,55
1440,2016/6/30,2.91,,,0,85,67
1574,2010/6/23,6.04,1511,949,0,89,71
1048,2011/1/9,11.18,500,453,0,32,26
1552,2011/7/28,3.13,2226,1545,0,87,71
1354,2012/2/13,8.05,,,0,44,28
1438,2012/8/31,4.7,,,0,91,69
1240,2013/3/19,9.62,,,0.36,43,33
1455,2013/10/5,3.58,,,0,76,64
1525,2014/4/23,9.4,,,0,61,44
1241,2014/11/9,2.68,,,0,57,46
1438,2015/5/28,4.03,,,0,85,70
1320,2015/12/14,4.7,,,0.33,67,53
1361,2016/7/1,3.36,,,0.83,79,66
1522,2010/6/24,6.49,1335,1334,0,92,76
1264,2011/1/10,8.72,1109,519,0,35,24
1415,2011/7/29,3.8,1806,1806,1.08,84,71
1273,2012/2/14,4.25,,,0.02,47,36
1348,2012/9/1,4.92,,,0,91,74
1393,2013/3/20,7.61,,,0,45,32
1335,2013/10/6,5.82,,,0,70,65
1415,2014/4/24,8.5,,,0,62,42
1439,2014/11/10,2.46,,,0,61,44
1401,2015/5/29,4.03,,,0,85,65
1457,2015/12/15,10.51,,,0.09,68,53
1248,2016/7/2,5.37,,,0,76,63
1562,2010/6/25,4.7,1602,7,0,87,71
1376,2011/1/11,5.82,2028,2028,0.25,31,23
1339,2011/7/30,5.37,1718,1514,0,91,74
1495,2012/2/15,3.58,,,0.01,46,39
1236,2012/9/2,2.68,,,0,82,71
1307,2013/3/21,6.49,,,0,40,30
1424,2013/10/7,5.82,,,0.25,76,60
1439,2014/4/25,4.92,,,0.02,63,44
1369,2014/11/11,3.36,,,0,64,49
1401,2015/5/30,5.59,,,0,85,67
1296,2015/12/16,5.37,,,0.04,53,46
1232,2016/7/3,3.13,,,0,78,64
1455,2010/6/26,3.58,1407,1307,0,89,71
1044,2011/1/12,11.41,1559,2015,0.61,31,24
1257,2011/7/31,2.91,2225,2225,0,91,71
1477,2012/2/16,4.47,,,0.19,44,36
1326,2012/9/3,6.71,,,0,79,71
1328,2013/3/22,8.95,,,0,41,28
1511,2013/10/8,6.04,,,0,67,54
1374,2014/4/26,5.37,,,0.92,67,46
1464,2014/11/12,2.68,,,0,65,47
1196,2015/5/31,5.59,,,1.46,87,57
1243,2015/12/17,4.92,,,1.21,59,50
1116,2016/7/4,3.13,,,0.49,84,66
1220,2010/6/27,3.8,1706,1704,0,91,71
1262,2011/1/13,10.51,441,1832,0,30,18
1459,2011/8/1,3.13,1539,1538,0.02,94,71
1526,2012/2/17,6.71,,,0.03,50,41
1481,2012/9/4,3.8,,,0.13,80,70
1224,2013/3/23,9.62,,,0,46,32
1540,2013/10/9,8.5,,,0,62,53
1252,2014/4/27,5.82,,,0,59,47
1269,2014/11/13,3.58,,,0.2,48,36
1276,2015/6/1,10.29,,,0.72,58,51
1325,2015/12/18,6.71,,,0,57,38
1492,2016/7/5,2.91,,,0.66,86,69
1541,2010/6/28,6.93,1409,1410,0.01,93,76
1325,2011/1/14,5.82,2115,2146,0,30,18
1495,2011/8/2,3.8,1710,1710,0,91,73
1338,2012/2/18,6.49,,,0.02,48,35
1464,2012/9/5,3.8,,,0.07,80,71
1122,2013/3/24,5.14,,,0,47,33
1496,2013/10/10,8.95,,,0,65,54
1304,2014/4/28,4.25,,,0,67,45
1284,2014/11/14,7.16,,,0.06,42,35
1305,2015/6/2,6.26,,,0.37,55,50
1262,2015/12/19,9.4,,,0,40,35
1423,2016/7/6,2.46,,,0,91,75
1579,2010/6/29,6.49,1452,1451,0,91,70
1296,2011/1/15,4.7,1756,1241,0,38,23
1470,2011/8/3,3.13,1832,1620,0.76,88,67
1113,2012/2/19,6.93,,,0,44,35
1416,2012/9/6,2.46,,,0,80,69
1167,2013/3/25,8.95,,,0.17,40,36
1546,2013/10/11,9.4,,,0.02,68,60
1365,2014/4/29,8.95,,,0.03,52,43
1207,2014/11/15,3.58,,,0,42,33
1439,2015/6/3,4.7,,,0,70,52
1090,2015/12/20,6.04,,,0,43,34
1435,2016/7/7,2.01,,,0.04,89,77
1600,2010/6/30,5.82,1539,1537,0,79,62
1115,2011/1/16,8.05,1127,1118,0,37,26
1478,2011/8/4,4.7,1413,1413,0,84,67
1147,2012/2/20,7.38,,,0,46,31
1486,2012/9/7,2.91,,,0,87,71
1380,2013/3/26,4.7,,,0,53,37
1467,2013/10/12,11.18,,,0,72,60
1098,2014/4/30,8.28,,,4.97,52,41
1186,2014/11/16,3.8,,,0.03,45,35
1402,2015/6/4,5.14,,,0,65,54
1370,2015/12/21,7.16,,,0,56,39
1214,2016/7/8,5.37,,,0.08,86,67
1539,2010/7/1,6.04,1856,1849,0,77,62
1110,2011/1/17,6.93,253,252,0,27,19
1474,2011/8/5,4.47,1449,2204,0,86,70
1298,2012/2/21,7.38,,,0,46,32
1388,2012/9/8,4.47,,,0.39,81,63
1355,2013/3/27,5.59,,,0,53,36
1252,2013/10/13,8.5,,,0,65,56
1419,2014/5/1,4.47,,,0.12,78,51
1151,2014/11/17,3.8,,,1.54,52,40
1448,2015/6/5,2.91,,,0.13,70,55
1284,2015/12/22,4.92,,,0.19,62,53
1176,2016/7/9,4.03,,,0.53,72,65
1423,2010/7/2,4.92,1435,1109,0,82,61
1238,2011/1/18,9.84,1518,1517,1.27,41,24
1300,2011/8/6,5.82,1822,1800,0.19,85,72
1448,2012/2/22,6.49,,,0,57,43
1249,2012/9/9,3.13,,,0,78,63
1366,2013/3/28,5.82,,,0,51,37
1280,2013/10/14,2.46,,,0,66,52
1526,2014/5/2,4.47,,,0,70,56
1254,2014/11/18,10.07,,,0,45,24
1272,2015/6/6,4.7,,,0.19,76,60
1210,2015/12/23,3.58,,,1.55,64,52
1166,2016/7/10,4.25,,,0,80,66
1265,2010/7/3,3.36,942,1006,0,89,65
1524,2011/1/19,5.59,2002,2127,0.07,41,35
1234,2011/8/7,3.58,647,2001,0.16,89,73
1346,2012/2/23,8.05,,,0,58,46
1396,2012/9/10,5.14,,,0,72,58
1298,2013/3/29,5.59,,,0,55,40
1514,2013/10/15,2.91,,,0,72,53
1347,2014/5/3,3.36,,,0.08,71,54
1248,2014/11/19,7.16,,,0,36,22
1195,2015/6/7,3.8,,,0,74,55
1046,2015/12/24,4.47,,,0.01,72,63
1325,2016/7/11,3.36,,,0,81,65
1149,2010/7/4,5.37,1819,1525,0,96,73
1447,2011/1/20,6.71,1055,420,0,35,30
1382,2011/8/8,4.25,1601,1601,0,90,74
1261,2012/2/24,8.05,,,0.6,46,36
1456,2012/9/11,2.91,,,0,73,54
1221,2013/3/30,4.25,,,0,59,40
1410,2013/10/16,3.13,,,0,67,56
1226,2014/5/4,8.28,,,0.02,65,54
1360,2014/11/20,7.16,,,0,45,31
1419,2015/6/8,6.04,,,0.06,79,63
797,2015/12/25,0.89,,,0.01,66,57
1332,2016/7/12,4.25,,,0,82,68
1286,2010/7/5,3.13,1408,1229,0,99,76
1420,2011/1/21,8.95,1112,1611,0.41,32,18
1414,2011/8/9,4.47,1433,1431,2.09,83,71
1253,2012/2/25,14.99,,,0,45,33
1571,2012/9/12,3.13,,,0,80,59
964,2013/3/31,6.26,,,0.08,54,44
1579,2013/10/17,2.68,,,0.02,73,61
1395,2014/5/5,7.38,,,0,70,50
1299,2014/11/21,7.61,,,0,37,28
1433,2015/6/9,4.92,,,0.01,83,68
1122,2015/12/26,8.05,,,0,59,47
1446,2016/7/13,4.7,,,0,85,71
1501,2010/7/6,3.36,1014,1013,0,103,81
1184,2011/1/22,5.82,137,259,0,24,13
1553,2011/8/10,5.37,1641,1640,0,86,70
1131,2012/2/26,8.72,,,0,45,29
1463,2012/9/13,2.46,,,0,81,63
1161,2013/4/1,6.49,,,0,62,37
1432,2013/10/18,6.71,,,0,68,55
1568,2014/5/6,3.8,,,0,71,52
1286,2014/11/22,4.92,,,0,44,28
1499,2015/6/10,3.13,,,0,82,65
1161,2015/12/27,5.82,,,0.12,61,46
1455,2016/7/14,2.91,,,0.62,88,73
1518,2010/7/7,4.7,1512,1007,0,100,80
1027,2011/1/23,9.62,1141,1729,0,24,11
1621,2011/8/11,3.58,1559,1517,0,82,69
1358,2012/2/27,3.13,,,0,59,36
1569,2012/9/14,3.8,,,0,80,64
1228,2013/4/2,9.62,,,0,43,33
1304,2013/10/19,3.36,,,0.01,64,52
1538,2014/5/7,4.03,,,0,69,50
1204,2014/11/23,3.8,,,0,57,43
1486,2015/6/11,4.47,,,0,89,72
1267,2015/12/28,8.28,,,0.03,46,34
1372,2016/7/15,4.47,,,0,88,79
1544,2010/7/8,3.58,1522,1609,0,89,77
1096,2011/1/24,5.82,42,42,0,24,6
1469,2011/8/12,2.91,1205,956,0,84,64
1466,2012/2/28,5.59,,,0,50,40
1410,2012/9/15,4.47,,,0.01,73,60
1382,2013/4/3,10.74,,,0,46,33
1241,2013/10/20,5.59,,,0,63,50
1426,2014/5/8,4.47,,,0.41,59,53
1355,2014/11/24,5.37,,,0.7,69,53
1467,2015/6/12,4.47,,,0,88,73
1221,2015/12/29,6.93,,,0.45,46,34
1276,2016/7/16,4.25,,,0,90,75
1529,2010/7/9,5.59,1815,1525,0.02,90,75
1362,2011/1/25,3.8,416,340,0.05,37,24
1394,2011/8/13,2.91,2138,1810,0,85,69
1365,2012/2/29,3.8,,,0.37,42,38
1188,2012/9/16,2.01,,,0,75,56
1322,2013/4/4,5.82,,,0,53,33
1445,2013/10/21,3.8,,,0,66,50
1478,2014/5/9,3.13,,,0.04,63,55
1351,2014/11/25,5.14,,,0,68,51
1271,2015/6/13,5.37,,,0,86,72
1265,2015/12/30,4.03,,,0.19,48,38
1198,2016/7/17,2.68,,,0,89,75
1403,2010/7/10,3.8,1144,1132,0,83,73
1161,2011/1/26,9.4,1935,1935,1.29,35,30
950,2011/8/14,4.92,2100,2059,5.81,72,67
1371,2012/3/1,2.01,,,0.13,41,37
1436,2012/9/17,2.91,,,0,78,57
1375,2013/4/5,5.59,,,0,64,41
1465,2013/10/22,4.47,,,0,67,51
1375,2014/5/10,4.47,,,0.37,83,57
1125,2014/11/26,8.72,,,1.24,51,34
1262,2015/6/14,2.68,,,0.36,88,66
1086,2015/12/31,5.37,,,0.03,48,42
1409,2016/7/18,5.82,,,0.35,93,72
1188,2010/7/11,3.58,1620,1619,0,94,71
864,2011/1/27,3.36,1228,1227,0.77,36,29
1453,2011/8/15,4.25,2359,2352,0.56,77,68
1440,2012/3/2,8.05,,,0.16,42,33
1328,2012/9/18,6.26,,,1.54,75,67
1238,2013/4/6,6.04,,,0,52,35
1457,2013/10/23,4.47,,,0,55,45
1178,2014/5/11,3.13,,,0.03,82,60
662,2014/11/27,5.14,,,0.02,38,34
1427,2015/6/15,4.7,,,0.57,83,64
1351,2016/1/1,7.61,,,0,42,34
1484,2016/7/19,4.92,,,0,83,73
1466,2010/7/12,4.47,1548,1547,0,94,73
1207,2011/1/28,3.58,1711,1248,0,34,28
1548,2011/8/16,4.7,503,116,0.02,78,65
1278,2012/3/3,4.03,,,0.12,56,42
1518,2012/9/19,5.14,,,0,70,57
1103,2013/4/7,7.16,,,0,55,40
1402,2013/10/24,6.71,,,0,54,41
1439,2014/5/12,1.79,,,0,85,64
1166,2014/11/28,5.82,,,0,37,29
1518,2015/6/16,2.24,,,0.27,79,65
1072,2016/1/2,6.71,,,0,40,32
1481,2016/7/20,3.13,,,0,85,68
1433,2010/7/13,4.92,1245,1115,0.84,83,73
1220,2011/1/29,4.25,1029,1455,0.01,36,29
1601,2011/8/17,1.79,2349,2324,0,86,66
1231,2012/3/4,6.93,,,0,45,36
1513,2012/9/20,5.59,,,0,69,54
1281,2013/4/8,4.25,,,0,73,51
1428,2013/10/25,5.14,,,0,53,40
1552,2014/5/13,7.16,,,0,73,53
1145,2014/11/29,3.58,,,0,45,27
1501,2015/6/17,3.8,,,0,82,66
1068,2016/1/3,7.83,,,0,45,35
1454,2016/7/21,5.14,,,0,90,71
1501,2010/7/14,4.25,2234,2233,0.45,79,73
1022,2011/1/30,5.59,1443,1516,0,39,27
1430,2011/8/18,4.92,2128,2127,0.07,83,67
1339,2012/3/5,8.5,,,0,44,28
1542,2012/9/21,4.7,,,0,75,60
1508,2013/4/9,4.92,,,0,82,51
1316,2013/10/26,6.26,,,0,55,41
1534,2014/5/14,4.7,,,0.01,71,52
1134,2014/11/30,4.25,,,0,55,45
1544,2015/6/18,3.58,,,0,71,64
1202,2016/1/4,8.5,,,0,36,14
1365,2016/7/22,6.49,,,0,94,74
1578,2010/7/15,5.37,1439,1848,0,87,72
1168,2011/1/31,5.82,2139,2014,0,31,22
1390,2011/8/19,3.36,1822,1821,1.24,84,65
1487,2012/3/6,7.16,,,0,44,25
1475,2012/9/22,3.13,,,0.22,76,60
1498,2013/4/10,4.92,,,0.49,74,55
1246,2013/10/27,5.14,,,0,58,46
1483,2014/5/15,5.37,,,0.15,71,58
1349,2014/12/1,6.71,,,0.09,65,42
1433,2015/6/19,3.8,,,0,87,68
1143,2016/1/5,5.14,,,0,29,11
1349,2016/7/23,4.92,,,0,96,80
1546,2010/7/16,4.92,2002,1725,0,93,74
1222,2011/2/1,8.95,2208,2142,0.17,30,25
1360,2011/8/20,2.24,2253,2256,0,85,64
1491,2012/3/7,8.28,,,0,62,37
1305,2012/9/23,6.26,,,0,68,55
1479,2013/4/11,6.26,,,0,60,47
1363,2013/10/28,4.47,,,0,61,43
1438,2014/5/16,6.49,,,1.54,68,58
1263,2014/12/2,9.17,,,0.08,43,35
1289,2015/6/20,5.37,,,0,75,64
1320,2016/1/6,3.58,,,0,41,25
1310,2016/7/24,4.03,,,0,94,75
1389,2010/7/17,5.37,1830,1523,0,94,76
1174,2011/2/2,6.49,2126,2051,0.7,38,27
1289,2011/8/21,4.92,1549,1600,0.67,84,70
1558,2012/3/8,6.71,,,0,71,53
1377,2012/9/24,4.03,,,0,67,53
1340,2013/4/12,11.18,,,0.63,47,41
1462,2013/10/29,4.92,,,0,56,44
1368,2014/5/17,4.92,,,0,70,53
1240,2014/12/3,7.61,,,0.06,46,41
1210,2015/6/21,4.47,,,0.64,88,71
1393,2016/1/7,2.46,,,0,46,31
1308,2016/7/25,3.36,,,1,93,73
1276,2010/7/18,5.59,1526,1806,0,94,78
1358,2011/2/3,8.95,828,826,0,34,24
1458,2011/8/22,6.93,1105,1104,0,77,65
1475,2012/3/9,8.72,,,0.02,64,37
1556,2012/9/25,6.04,,,0,72,54
1278,2013/4/13,2.91,,,0.01,58,41
1559,2013/10/30,2.01,,,0,60,47
1373,2014/5/18,5.82,,,0,67,51
1202,2014/12/4,5.82,,,0,45,37
1471,2015/6/22,4.92,,,0,87,70
1414,2016/1/8,4.25,,,0,46,31
1489,2016/7/26,4.25,,,0,89,72
1458,2010/7/19,3.58,1814,1817,0.15,92,72
1329,2011/2/4,6.04,1143,1517,0,34,23
1597,2011/8/23,3.8,1707,1324,0,79,61
1215,2012/3/10,6.71,,,0,43,29
1523,2012/9/26,4.25,,,0.01,77,63
1176,2013/4/14,5.82,,,0,57,46
1513,2013/10/31,3.58,,,0.06,66,53
1395,2014/5/19,4.7,,,0,72,49
1194,2014/12/5,6.04,,,0.51,44,34
1512,2015/6/23,5.82,,,0.02,90,75
1328,2016/1/9,8.05,,,0,47,40
1492,2016/7/27,2.01,,,0,91,74
1427,2010/1/1,3.36,2355,2359,0.03,40,33
1619,2010/7/20,3.58,1244,1244,0,89,74
1264,2011/2/5,5.59,2112,2111,0.21,43,31
1566,2011/8/24,7.38,1646,1545,0,80,67
1097,2012/3/11,7.61,,,0,61,36
1469,2012/9/27,2.68,,,0.06,75,63
1324,2013/4/15,5.82,,,0,59,44
1581,2013/11/1,4.92,,,0.13,70,59
1476,2014/5/20,3.13,,,0,78,53
1075,2014/12/6,4.03,,,1.22,50,39
1437,2015/6/24,4.7,,,0,84,68
1113,2016/1/10,9.84,,,1.8,59,40
1421,2016/7/28,3.13,,,0,95,75
1087,2010/1/2,12.53,2349,2349,0.02,34,17
1545,2010/7/21,4.03,1558,1941,0,93,76
978,2011/2/6,6.93,118,57,0,45,37
1513,2011/8/25,6.49,2016,2016,0.49,78,72
1422,2012/3/12,4.25,,,0,71,47
1470,2012/9/28,4.25,,,1.96,69,60
1422,2013/4/16,6.49,,,0,63,47
1407,2013/11/2,3.8,,,0,68,55
1603,2014/5/21,2.46,,,0,74,63
1073,2014/12/7,11.86,,,0.04,42,30
1534,2015/6/25,3.13,,,0,83,65
1340,2016/1/11,10.51,,,0,40,26
1289,2016/7/29,4.25,,,1.09,85,69
994,2010/1/3,14.32,1254,1055,0,22,17
1622,2010/7/22,6.71,1053,1012,0,90,74
1347,2011/2/7,4.7,1430,1828,0.13,45,36
1351,2011/8/26,2.01,1010,1007,0,83,71
1552,2012/3/13,5.82,,,0.04,74,54
1425,2012/9/29,2.68,,,0,65,57
1472,2013/4/17,5.37,,,0.02,71,55
1199,2013/11/3,6.26,,,0,55,37
1491,2014/5/22,3.13,,,0.24,67,59
1163,2014/12/8,11.41,,,0,37,24
1466,2015/6/26,4.47,,,0,81,69
1301,2016/1/12,6.04,,,0,44,25
1224,2016/7/30,3.58,,,0.25,84,73
1271,2010/1/4,10.74,249,1722,0,30,19
1463,2010/7/23,1.57,1940,1939,0.7,87,73
1377,2011/2/8,12.3,1832,2104,0.11,41,18
907,2011/8/27,7.61,2357,2100,2.88,78,71
1562,2012/3/14,4.47,,,0,70,50
1218,2012/9/30,2.91,,,0,68,55
1457,2013/4/18,6.04,,,0.01,59,51
1343,2013/11/4,6.49,,,0,46,35
1432,2014/5/23,4.25,,,0.91,71,56
1069,2014/12/9,10.29,,,2.54,42,36
1262,2015/6/27,7.38,,,1.12,71,58
1257,2016/1/13,9.84,,,0,30,22
1139,2016/7/31,4.25,,,1.08,78,71
1451,2010/1/5,9.84,2206,1047,0,30,20
1362,2010/7/24,5.37,2230,2229,0,97,80
1338,2011/2/9,8.05,427,156,0,29,15
664,2011/8/28,14.09,259,258,3.99,75,65
1461,2012/3/15,6.71,,,0,52,43
1327,2012/10/1,4.47,,,0,70,52
1425,2013/4/19,7.16,,,0.05,71,55
1314,2013/11/5,4.03,,,0,55,41
1312,2014/5/24,3.58,,,0.4,70,57
1251,2014/12/10,8.28,,,0.08,40,32
1089,2015/6/28,5.37,,,0.29,73,62
1353,2016/1/14,4.92,,,0,38,22
1328,2016/8/1,4.92,,,0,80,69
1498,2010/1/6,9.62,2141,2021,0,34,26
1243,2010/7/25,5.59,1406,,0.35,93,70
1470,2011/2/10,7.83,906,918,0,29,22
1328,2011/8/29,4.03,916,844,0,77,59
1414,2012/3/16,3.36,,,0.03,51,43
1419,2012/10/2,2.91,,,0.38,69,62
1294,2013/4/20,8.5,,,0.06,60,43
1458,2013/11/6,3.58,,,0,61,49
1177,2014/5/25,2.01,,,0,80,55
1299,2014/12/11,7.61,,,0.01,38,31
1383,2015/6/29,4.92,,,0,76,63
1417,2016/1/15,5.14,,,0,51,34
1360,2016/8/2,6.93,,,0,79,68
1581,2010/1/7,8.72,1150,1009,0,37,30
1446,2010/7/26,6.49,1654,1654,0,87,68
1463,2011/2/11,6.04,1142,1400,0,37,19
1534,2011/8/30,3.36,1138,1136,0,82,61
1325,2012/3/17,4.92,,,0,62,45
1553,2012/10/3,1.57,,,0,73,63
1196,2013/4/21,4.92,,,0,55,37
1441,2013/11/7,6.71,,,0.13,64,44
1147,2014/5/26,4.92,,,0,86,66
1276,2014/12/12,8.05,,,0,38,32
1412,2015/6/30,4.92,,,0.04,82,68
1305,2016/1/16,6.71,,,0.24,52,42
1427,2016/8/3,2.91,,,0,80,66
1444,2010/1/8,7.61,1805,1844,0.05,33,23
1526,2010/7/27,4.25,1619,1618,0,91,70
1353,2011/2/12,8.5,1630,1527,0,40,30
1479,2011/8/31,2.24,1149,1148,0,85,63
1329,2012/3/18,2.91,,,0,64,46
1599,2012/10/4,1.12,,,0,74,66
1344,2013/4/22,9.62,,,0,55,41
1437,2013/11/8,8.72,,,0,50,40
1540,2014/5/27,4.25,,,0,86,64
1205,2014/12/13,8.95,,,0,44,34
1464,2015/7/1,4.25,,,0.39,82,69
1180,2016/1/17,5.59,,,0.05,42,30
1363,2016/8/4,2.01,,,0,81,67
1250,2010/1/9,8.72,825,824,0,30,18
1517,2010/7/28,6.49,2328,2345,0,89,74
1146,2011/2/13,7.83,2355,2354,0,46,28
1493,2011/9/1,3.58,1619,1558,0,83,66
1421,2012/3/19,4.03,,,0,74,55
1601,2012/10/5,3.36,,,0,78,61
1353,2013/4/23,8.72,,,0,53,41
1416,2013/11/9,4.92,,,0,50,38
1549,2014/5/28,7.61,,,0,64,54
1203,2014/12/14,6.04,,,0,46,38
1372,2015/7/2,1.12,,,0,80,69
1136,2016/1/18,11.86,,,0,31,18
1459,2016/8/5,3.8,,,0,83,69
1108,2010/1/10,6.93,1750,1805,0,28,14
1633,2010/7/29,5.82,115,114,0.09,89,74
1208,2011/2/14,13.2,2155,2154,0,58,37
1412,2011/9/2,3.58,828,2301,0,78,65
1541,2012/3/20,2.91,,,0,73,55
1530,2012/10/6,5.59,,,0,77,54
1555,2013/4/24,4.92,,,0,69,44
1242,2013/11/10,7.61,,,0,61,44
1650,2014/5/29,4.25,,,0,66,51
1234,2014/12/15,2.68,,,0,48,37
1431,2015/7/3,2.91,,,0,82,66
1244,2016/1/19,10.96,,,0,28,16
1238,2016/8/6,5.14,,,0.05,87,72
1329,2010/1/11,7.16,511,1922,0,31,21
1562,2010/7/30,4.92,952,1813,0,85,66
1439,2011/2/15,11.63,414,201,0,37,25
1363,2011/9/3,4.47,1514,2351,0,83,66
1586,2012/3/21,3.8,,,0,67,57
1183,2012/10/7,2.01,,,0.19,54,46
1488,2013/4/25,5.37,,,0,66,46
1201,2013/11/11,6.49,,,0,53,43
1461,2014/5/30,2.46,,,0,75,55
1315,2014/12/16,3.8,,,0.2,49,38
1208,2015/7/4,3.36,,,0,75,69
1373,2016/1/20,5.59,,,0,37,27
1256,2016/8/7,4.03,,,0,86,70
1447,2010/1/12,9.4,2125,2323,0,35,24
1323,2010/7/31,4.92,723,2028,0,85,66
1537,2011/2/16,4.7,1349,1314,0,48,26
1234,2011/9/4,5.14,1048,1047,0,86,72
1555,2012/3/22,3.36,,,0,78,56
1226,2012/10/8,3.13,,,0,55,44
1394,2013/4/26,3.36,,,0,67,50
1296,2013/11/12,6.26,,,0.03,52,31
1358,2014/5/31,5.82,,,0.05,73,57
1377,2014/12/17,5.82,,,0.02,54,42
1315,2015/7/5,1.57,,,0,83,68
1362,2016/1/21,6.04,,,0,36,26
1491,2016/8/8,1.34,,,0,86,71
1439,2010/1/13,8.05,441,57,0,35,24
1310,2010/8/1,3.36,1245,1419,0,80,70
1570,2011/2/17,4.25,137,52,0,63,46
1220,2011/9/5,5.14,226,45,0,81,72
1532,2012/3/23,4.25,,,0,76,58
1489,2012/10/9,6.49,,,0.03,58,50
1364,2013/4/27,4.7,,,0,71,48
1455,2013/11/13,6.04,,,0,39,29
1212,2014/6/1,3.58,,,0,77,55
1315,2014/12/18,8.72,,,0,42,37
1370,2015/7/6,2.91,,,0,83,72
1350,2016/1/22,6.49,,,0.01,30,21
1453,2016/8/9,2.68,,,0,87,71
1564,2010/1/14,3.36,2237,2236,0,42,30
1449,2010/8/2,4.92,2307,2145,0,85,69
1533,2011/2/18,7.16,2312,2311,0,67,46
1252,2011/9/6,8.5,815,2122,3.22,75,60
1355,2012/3/24,7.61,,,0.01,65,47
1511,2012/10/10,5.82,,,0.25,66,53
1187,2013/4/28,4.47,,,0,69,51
1519,2013/11/14,8.05,,,0,52,33
1486,2014/6/2,4.47,,,0,80,59
1267,2014/12/19,7.16,,,0,38,31
1531,2015/7/7,4.92,,,0.12,88,75
569,2016/1/23,15.66,,,2.31,27,24
1453,2016/8/10,4.03,,,0.09,86,75
1661,2010/1/15,7.83,1553,1757,0,50,35
1446,2010/8/3,6.93,125,2228,0,86,72
1304,2011/2/19,15.88,1910,2055,0,54,23
1249,2011/9/7,10.74,2137,2229,1.21,68,62
1161,2012/3/25,6.93,,,0.06,52,45
1490,2012/10/11,5.59,,,0,59,47
1339,2013/4/29,5.14,,,0.04,57,52
1517,2013/11/15,4.7,,,0,57,44
1495,2014/6/3,4.03,,,0.12,87,65
1146,2014/12/20,4.92,,,0,33,30
1484,2015/7/8,3.13,,,0,88,77
635,2016/1/24,5.82,,,0,35,20
1346,2016/8/11,4.47,,,0.15,91,74
1361,2010/1/16,6.49,1106,1155,0,49,38
1455,2010/8/4,5.37,129,54,0,91,75
1049,2011/2/20,8.72,47,251,0,40,21
1360,2011/9/8,6.71,2050,1111,0.9,79,63
1366,2012/3/26,7.61,,,0,54,34
1503,2012/10/12,5.82,,,0,56,42
1458,2013/4/30,5.37,,,0,68,51
1442,2013/11/16,2.68,,,0.05,60,45
1530,2014/6/4,3.58,,,0,82,63
911,2014/12/21,4.92,,,0,36,31
1473,2015/7/9,4.7,,,0.3,79,68
1067,2016/1/25,3.36,,,0,39,28
1391,2016/8/12,5.14,,,0.32,93,73
1142,2010/1/17,3.8,1121,1035,0.57,46,35
1517,2010/8/5,6.71,1454,1233,0.02,95,77
1090,2011/2/21,8.28,2248,2247,0.34,37,24
1377,2011/9/9,4.47,1139,1537,0,84,67
1349,2012/3/27,5.37,,,0,51,30
1279,2012/10/13,3.58,,,0,53,38
1500,2013/5/1,4.7,,,0,69,47
1283,2013/11/17,3.58,,,0.03,60,51
1410,2014/6/5,5.59,,,0.87,76,61
1066,2014/12/22,6.04,,,0.04,44,35
1331,2015/7/10,4.7,,,0,84,72
1138,2016/1/26,6.49,,,0,48,38
1264,2016/8/13,4.03,,,0,96,81
1235,2010/1/18,,9999,,0.05,50,37
1572,2010/8/6,4.92,1657,1657,0,90,70
1335,2011/2/22,7.16,134,519,0,36,16
1301,2011/9/10,3.8,1116,1116,0,80,68
1529,2012/3/28,5.82,,,0.02,67,44
1214,2012/10/14,6.26,,,0,70,53
1458,2013/5/2,3.58,,,0,72,49
1507,2013/11/18,7.38,,,0.22,65,51
1532,2014/6/6,4.47,,,0,76,61
1140,2014/12/23,8.28,,,0.16,46,43
1283,2015/7/11,2.46,,,0,88,69
1337,2016/1/27,6.71,,,0,47,34
1244,2016/8/14,3.8,,,0.06,94,78
1568,2010/1/19,,2002,1754,0,48,40
1371,2010/8/7,3.58,1758,1756,0,87,68
1318,2011/2/23,3.58,34,343,0,40,21
1142,2011/9/11,4.47,800,404,0.01,71,64
1453,2012/3/29,8.95,,,0,61,43
1374,2012/10/15,4.92,,,0.2,71,59
1423,2013/5/3,6.49,,,0,66,49
1386,2013/11/19,9.17,,,0,51,36
1283,2014/6/7,2.91,,,0,82,60
851,2014/12/24,5.82,,,0.8,58,44
1297,2015/7/12,2.01,,,0,89,72
1406,2016/1/28,4.47,,,0,42,32
1426,2016/8/15,2.91,,,0,92,77
1621,2010/1/20,6.26,1623,1558,0,41,34
1323,2010/8/8,6.71,1841,1912,0,89,73
1328,2011/2/24,4.03,1500,1233,0.05,44,30
1343,2011/9/12,2.01,1641,1641,0,80,66
1417,2012/3/30,4.47,,,0.11,57,40
1484,2012/10/16,5.59,,,0,59,48
1256,2013/5/4,5.82,,,0,69,48
1407,2013/11/20,6.93,,,0,44,32
1200,2014/6/8,2.91,,,0,86,66
700,2014/12/25,9.62,,,0.09,62,44
1489,2015/7/13,2.68,,,0,88,73
1261,2016/1/29,7.83,,,0,41,30
1503,2016/8/16,4.03,,,0.11,87,78
1581,2010/1/21,3.13,935,943,0,41,31
1462,2010/8/9,5.82,1650,1521,0,94,74
1276,2011/2/25,,1533,1544,1.32,57,34
1426,2011/9/13,4.7,1803,1936,0,82,67
1225,2012/3/31,6.93,,,0.26,43,38
1532,2012/10/17,1.79,,,0,61,44
1191,2013/5/5,5.59,,,0,64,46
1453,2013/11/21,4.92,,,0,52,35
1360,2014/6/9,4.25,,,1.6,73,63
978,2014/12/26,5.82,,,0,50,40
1392,2015/7/14,2.68,,,0.42,82,73
1282,2016/1/30,6.93,,,0,39,28
1576,2016/8/17,5.37,,,0.01,85,77
