rate,DATE
0.676229508,2010/1/22
0.603040541,2010/8/10
0.625127681,2011/2/26
0.612468408,2011/9/14
0.698949825,2012/4/1
0.645689655,2012/10/18
0.693744164,2013/5/6
0.691021127,2013/11/22
0.632582322,2014/6/10
0.684210526,2014/12/27
0.595709571,2015/7/15
0.665936473,2016/1/31
0.626548673,2016/8/18
0.623411978,2010/1/23
0.581265012,2010/8/11
0.596340151,2011/2/27
0.637653737,2011/9/15
0.693379791,2012/4/2
0.65625,2012/10/19
0.655529037,2013/5/7
0.664213431,2013/11/23
0.62358643,2014/6/11
0.683333333,2014/12/28
0.603927987,2015/7/16
0.728613569,2016/2/1
0.644599303,2016/8/19
0.602829162,2010/1/24
0.6,2010/8/12
0.709020369,2011/2/28
0.618131868,2011/9/16
0.686075949,2012/4/3
0.545863309,2012/10/20
0.687022901,2013/5/8
0.70657277,2013/11/24
0.636075949,2014/6/12
0.698698699,2014/12/29
0.648847926,2015/7/17
0.704249783,2016/2/2
0.590430622,2016/8/20
0.71124031,2010/1/25
0.555848725,2010/8/13
0.662993572,2011/3/1
0.583244963,2011/9/17
0.639411284,2012/4/4
0.620360551,2012/10/21
0.690273843,2013/5/9
0.713012478,2013/11/25
0.637096774,2014/6/13
0.757478632,2014/12/30
0.591775326,2015/7/18
0.716117216,2016/2/3
0.608299595,2016/8/21
0.670843776,2010/1/26
0.536053131,2010/8/14
0.645887446,2011/3/2
0.556192661,2011/9/18
0.667269439,2012/4/5
0.678088368,2012/10/22
0.613518198,2013/5/10
0.716618636,2013/11/26
0.577777778,2014/6/14
0.734501348,2014/12/31
0.581545064,2015/7/19
0.717741935,2016/2/4
0.636828645,2016/8/22
0.693588676,2010/1/27
0.542797495,2010/8/15
0.682617188,2011/3/3
0.638255699,2011/9/19
0.629350894,2012/4/6
0.663778163,2012/10/23
0.649857279,2013/5/11
0.703703704,2013/11/27
0.587368421,2014/6/15
0.69088812,2015/1/1
0.639443962,2015/7/20
0.730731707,2016/2/5
0.623805387,2016/8/23
0.682207422,2010/1/28
0.623239437,2010/8/16
0.683363148,2011/3/4
0.64921466,2011/9/20
0.593220339,2012/4/7
0.638670166,2012/10/24
0.620614035,2013/5/12
0.692063492,2013/11/28
0.667517007,2014/6/16
0.70877193,2015/1/2
0.629416598,2015/7/21
0.679914071,2016/2/6
0.662510391,2016/8/24
0.689227836,2010/1/29
0.612054329,2010/8/17
0.589285714,2011/3/5
0.614947197,2011/9/21
0.611749681,2012/4/8
0.642105263,2012/10/25
0.685994648,2013/5/13
0.732110092,2013/11/29
0.59125964,2014/6/17
0.737579618,2015/1/3
0.620242915,2015/7/22
0.65862069,2016/2/7
0.635273973,2016/8/25
0.694288914,2010/1/30
0.628990509,2010/8/18
0.648825065,2011/3/6
0.606779661,2011/9/22
0.660430309,2012/4/9
0.621886121,2012/10/26
0.693490054,2013/5/14
0.683406114,2013/11/30
0.611480865,2014/6/18
0.693135935,2015/1/4
0.61003861,2015/7/23
0.722105263,2016/2/8
0.635694572,2016/8/26
0.65944645,2010/1/31
0.610641892,2010/8/19
0.699307616,2011/3/7
0.646892655,2011/9/23
0.668528864,2012/4/10
0.595190381,2012/10/27
0.646371977,2013/5/15
0.650655022,2013/12/1
0.617180984,2014/6/19
0.717791411,2015/1/5
0.607173356,2015/7/24
0.714013346,2016/2/9
0.586206897,2016/8/27
0.694230769,2010/2/1
0.599824869,2010/8/20
0.70670148,2011/3/8
0.579107505,2011/9/24
0.671790235,2012/4/11
0.626436782,2012/10/28
0.637729549,2013/5/16
0.675,2013/12/2
0.647058824,2014/6/20
0.714285714,2015/1/6
0.579566004,2015/7/25
0.706642066,2016/2/10
0.583643123,2016/8/28
0.67452007,2010/2/2
0.572478992,2010/8/21
0.685403445,2011/3/9
0.569849246,2011/9/25
0.680076628,2012/4/12
0.678977273,2012/10/29
0.63884007,2013/5/17
0.709372313,2013/12/3
0.579297246,2014/6/21
0.737762238,2015/1/7
0.555765595,2015/7/26
0.702620968,2016/2/11
0.647257384,2016/8/29
0.701180745,2010/2/3
0.605060506,2010/8/22
0.706170421,2011/3/10
0.631578947,2011/9/26
0.648029331,2012/4/13
0.632404181,2012/10/30
0.637912673,2013/5/18
0.706989247,2013/12/4
0.607581967,2014/6/22
0.759763314,2015/1/8
0.637842466,2015/7/27
0.712074303,2016/2/12
0.626064736,2016/8/30
0.643732328,2010/2/4
0.637524558,2010/8/23
0.660167131,2011/3/11
0.611940299,2011/9/27
0.590425532,2012/4/14
0.641826923,2012/10/31
0.657010429,2013/5/19
0.690436242,2013/12/5
0.65597148,2014/6/23
0.722095672,2015/1/9
0.65100087,2015/7/28
0.723021583,2016/2/13
0.647009267,2016/8/31
0.673746814,2010/2/5
0.629162916,2010/8/24
0.60130719,2011/3/12
0.615059222,2011/9/28
0.590955807,2012/4/15
0.66080402,2012/11/1
0.672057502,2013/5/20
0.736842105,2013/12/6
0.65751073,2014/6/24
0.707865169,2015/1/10
0.64108713,2015/7/29
0.734904271,2016/2/14
0.62474645,2016/9/1
0.66498994,2010/2/6
0.628342246,2010/8/25
0.596703297,2011/3/13
0.610449129,2011/9/29
0.664961637,2012/4/16
0.639215686,2012/11/2
0.627791563,2013/5/21
0.696411251,2013/12/7
0.640689089,2014/6/25
0.689448441,2015/1/11
0.6622458,2015/7/30
0.721472393,2016/2/15
0.614434948,2016/9/2
0.666666667,2010/2/7
0.624333925,2010/8/26
0.679245283,2011/3/14
0.626262626,2011/9/30
0.641646489,2012/4/17
0.695290859,2012/11/3
0.663947798,2013/5/22
0.649028078,2013/12/8
0.627845884,2014/6/26
0.734561213,2015/1/12
0.62544484,2015/7/31
0.707659115,2016/2/16
0.594008264,2016/9/3
0.694141013,2010/2/8
0.582408198,2010/8/27
0.641666667,2011/3/15
0.611835507,2011/10/1
0.661384487,2012/4/18
0.698795181,2012/11/4
0.690909091,2013/5/23
0.720036597,2013/12/9
0.60204953,2014/6/27
0.768939394,2015/1/13
0.612204724,2015/8/1
0.71234208,2016/2/17
0.583058306,2016/9/4
0.694094869,2010/2/9
0.542857143,2010/8/28
0.649409628,2011/3/16
0.584755404,2011/10/2
0.645408163,2012/4/19
0.731947484,2012/11/5
0.666079295,2013/5/24
0.722924188,2013/12/10
0.618021548,2014/6/28
0.729941292,2015/1/14
0.5813282,2015/8/2
0.730348259,2016/2/18
0.620976116,2016/9/5
0.727272727,2010/2/10
0.562622309,2010/8/29
0.664533821,2011/3/17
0.67248062,2011/10/3
0.637469586,2012/4/20
0.70471464,2012/11/6
0.705882353,2013/5/25
0.71532185,2013/12/11
0.603174603,2014/6/29
0.737657309,2015/1/15
0.665264929,2015/8/3
0.725053079,2016/2/19
0.630962343,2016/9/6
0.717282717,2010/2/11
0.611607143,2010/8/30
0.643688451,2011/3/18
0.637640449,2011/10/4
0.61393597,2012/4/21
0.747838617,2012/11/7
0.631101022,2013/5/26
0.727891156,2013/12/12
0.647837599,2014/6/30
0.729083665,2015/1/16
0.633191489,2015/8/4
0.648992577,2016/2/20
0.616500453,2016/9/7
0.725672878,2010/2/12
0.572765957,2010/8/31
0.596757852,2011/3/19
0.598953793,2011/10/5
0.649717514,2012/4/22
0.708830549,2012/11/8
0.587978142,2013/5/27
0.746788991,2013/12/13
0.633445946,2014/7/1
0.713513514,2015/1/17
0.626612903,2015/8/5
0.691466083,2016/2/21
0.646690519,2016/9/8
0.673216132,2010/2/13
0.585677749,2010/9/1
0.64254386,2011/3/20
0.615452151,2011/10/6
0.698426573,2012/4/23
0.704022989,2012/11/9
0.683982684,2013/5/28
0.710982659,2013/12/14
0.645968489,2014/7/2
0.673493976,2015/1/18
0.620031797,2015/8/6
0.704710145,2016/2/22
0.639789658,2016/9/9
0.677762983,2010/2/14
0.594641314,2010/9/2
0.686138614,2011/3/21
0.617647059,2011/10/7
0.689320388,2012/4/24
0.620416254,2012/11/10
0.618806876,2013/5/29
0.702026222,2013/12/15
0.643835616,2014/7/3
0.714594595,2015/1/19
0.592173913,2015/8/7
0.752293578,2016/2/23
0.614822547,2016/9/10
0.717391304,2010/2/15
0.590260285,2010/9/3
0.669401148,2011/3/22
0.56012333,2011/10/8
0.665869219,2012/4/25
0.621428571,2012/11/11
0.623818526,2013/5/30
0.716789668,2013/12/16
0.578411405,2014/7/4
0.692377495,2015/1/20
0.590239411,2015/8/8
0.727650728,2016/2/24
0.580580581,2016/9/11
0.708013172,2010/2/16
0.557454891,2010/9/4
0.715257532,2011/3/23
0.569856986,2011/10/9
0.634191176,2012/4/26
0.667324778,2012/11/12
0.63956905,2013/5/31
0.757874016,2013/12/17
0.545537341,2014/7/5
0.700943396,2015/1/21
0.584536082,2015/8/9
0.719571568,2016/2/25
0.65273909,2016/9/12
0.704545455,2010/2/17
0.543222004,2010/9/5
0.650862069,2011/3/24
0.562189055,2011/10/10
0.680100756,2012/4/27
0.676209279,2012/11/13
0.585879874,2013/6/1
0.694139194,2013/12/18
0.55019685,2014/7/6
0.705504587,2015/1/22
0.649168854,2015/8/10
0.724975705,2016/2/26
0.642923219,2016/9/13
0.708178439,2010/2/18
0.565172054,2010/9/6
0.674740484,2011/3/25
0.611438183,2011/10/11
0.636916836,2012/4/28
0.680870354,2012/11/14
0.562370062,2013/6/2
0.681777778,2013/12/19
0.643044619,2014/7/7
0.701236917,2015/1/23
0.647548566,2015/8/11
0.70741483,2016/2/27
0.620783956,2016/9/14
0.698441797,2010/2/19
0.587637595,2010/9/7
0.652173913,2011/3/26
0.646473779,2011/10/12
0.611510791,2012/4/29
0.690627843,2012/11/15
0.705935252,2013/6/3
0.673144876,2013/12/20
0.633705933,2014/7/8
0.682352941,2015/1/24
0.618693135,2015/8/12
0.656324582,2016/2/28
0.647163121,2016/9/15
0.626746507,2010/2/20
0.614891914,2010/9/8
0.660205245,2011/3/27
0.635714286,2011/10/13
0.659035159,2012/4/30
0.641706161,2012/11/16
0.641693811,2013/6/4
0.660680529,2013/12/21
0.641152263,2014/7/9
0.718120805,2015/1/25
0.608006672,2015/8/13
0.714285714,2016/2/29
0.635220126,2016/9/16
0.639433551,2010/2/21
0.608182533,2010/9/9
0.696774194,2011/3/28
0.62732342,2011/10/14
0.62173913,2012/5/1
0.622826087,2012/11/17
0.648258284,2013/6/5
0.625587959,2013/12/22
0.620662461,2014/7/10
0.731944444,2015/1/26
0.599176955,2015/8/14
0.693147964,2016/3/1
0.58793456,2016/9/17
0.69047619,2010/2/22
0.604509974,2010/9/10
0.692816635,2011/3/29
0.612612613,2011/10/15
0.681041497,2012/5/2
0.652701213,2012/11/18
0.671003717,2013/6/6
0.6826742,2013/12/23
0.627737226,2014/7/11
0.7312,2015/1/27
0.59962406,2015/8/15
0.691597415,2016/3/2
0.593023256,2016/9/18
0.73359841,2010/2/23
0.555555556,2010/9/11
0.696808511,2011/3/30
0.593993326,2011/10/16
0.678868552,2012/5/3
0.690074906,2012/11/19
0.711155378,2013/6/7
0.695005313,2013/12/24
0.56870229,2014/7/12
0.752118644,2015/1/28
0.585603113,2015/8/16
0.727695167,2016/3/3
0.6875,2016/9/19
0.67680278,2010/2/24
0.582618026,2010/9/12
0.666356011,2011/3/31
0.648994516,2011/10/17
0.658662093,2012/5/4
0.676199262,2012/11/20
0.593147752,2013/6/8
0.702857143,2013/12/25
0.582608696,2014/7/13
0.729499468,2015/1/29
0.651085142,2015/8/17
0.724371373,2016/3/4
0.609798775,2016/9/20
0.735722284,2010/2/25
0.656537753,2010/9/13
0.678082192,2011/4/1
0.634599156,2011/10/18
0.631578947,2012/5/5
0.689458689,2012/11/21
0.537993921,2013/6/9
0.709290709,2013/12/26
0.648601399,2014/7/14
0.698553949,2015/1/30
0.641975309,2015/8/18
0.692640693,2016/3/5
0.67027027,2016/9/21
0.721461187,2010/2/26
0.652411283,2010/9/14
0.58739255,2011/4/2
0.664562669,2011/10/19
0.593011305,2012/5/6
0.65391015,2012/11/22
0.693961105,2013/6/10
0.706430569,2013/12/27
0.652255639,2014/7/15
0.684331797,2015/1/31
0.616814875,2015/8/19
0.670022371,2016/3/6
0.623558484,2016/9/22
0.672546858,2010/2/27
0.593425606,2010/9/15
0.610810811,2011/4/3
0.641322314,2011/10/20
0.679332715,2012/5/7
0.712953368,2012/11/23
0.64122807,2013/6/11
0.616062684,2013/12/28
0.625103907,2014/7/16
0.676616915,2015/2/1
0.627208481,2015/8/20
0.685990338,2016/3/7
0.587982833,2016/9/23
0.625832224,2010/2/28
0.630797774,2010/9/16
0.655045872,2011/4/4
0.621551724,2011/10/21
0.681102362,2012/5/8
0.642931937,2012/11/24
0.632550336,2013/6/12
0.658296943,2013/12/29
0.590134529,2014/7/17
0.725568942,2015/2/2
0.613918807,2015/8/21
0.65814978,2016/3/8
0.622384937,2016/9/24
0.707317073,2010/3/1
0.627074236,2010/9/17
0.683055312,2011/4/5
0.563880884,2011/10/22
0.651162791,2012/5/9
0.65875,2012/11/25
0.657633243,2013/6/13
0.69522092,2013/12/30
0.624888093,2014/7/18
0.740831296,2015/2/3
0.594068582,2015/8/22
0.695412844,2016/3/9
0.6,2016/9/25
0.691709845,2010/3/2
0.564126394,2010/9/18
0.670700086,2011/4/6
0.621761658,2011/10/23
0.641067098,2012/5/10
0.713375796,2012/11/26
0.640221402,2013/6/14
0.711235955,2013/12/31
0.567410281,2014/7/19
0.713562753,2015/2/4
0.582191781,2015/8/23
0.663978495,2016/3/10
0.629139073,2016/9/26
0.686684073,2010/3/3
0.553427419,2010/9/19
0.657695542,2011/4/7
0.66848816,2011/10/24
0.635004398,2012/5/11
0.730348259,2012/11/27
0.585410896,2013/6/15
0.691275168,2014/1/1
0.611561866,2014/7/20
0.731682147,2015/2/5
0.632569558,2015/8/24
0.666666667,2016/3/11
0.653382762,2016/9/27
0.705882353,2010/3/4
0.640144665,2010/9/20
0.651635721,2011/4/8
0.615986099,2011/10/25
0.615532119,2012/5/12
0.703374778,2012/11/28
0.573951435,2013/6/16
0.720883534,2014/1/2
0.61971831,2014/7/21
0.737973388,2015/2/6
0.623430962,2015/8/25
0.64978903,2016/3/12
0.641361257,2016/9/28
0.677816901,2010/3/5
0.63410302,2010/9/21
0.616151545,2011/4/9
0.633451957,2011/10/26
0.547785548,2012/5/13
0.70402053,2012/11/29
0.63973064,2013/6/17
0.741403026,2014/1/3
0.635893011,2014/7/22
0.705202312,2015/2/7
0.632458234,2015/8/26
0.657924743,2016/3/13
0.655042413,2016/9/29
0.609542356,2010/3/6
0.593537415,2010/9/22
0.618888889,2011/4/10
0.66966967,2011/10/27
0.664884135,2012/5/14
0.667579909,2012/11/30
0.659350307,2013/6/18
0.730538922,2014/1/4
0.624053827,2014/7/23
0.704517705,2015/2/8
0.614479638,2015/8/27
0.701698514,2016/3/14
0.654526535,2016/9/30
0.668466523,2010/3/7
0.624796085,2010/9/23
0.656495205,2011/4/11
0.647342995,2011/10/28
0.696940727,2012/5/15
0.650857719,2012/12/1
0.66520979,2013/6/19
0.699126092,2014/1/5
0.6225,2014/7/24
0.734782609,2015/2/9
0.621961442,2015/8/28
0.683015441,2016/3/15
0.645195354,2016/10/1
0.665141812,2010/3/8
0.570219966,2010/9/24
0.660829493,2011/4/12
0.655568312,2011/10/29
0.614760746,2012/5/16
0.658873539,2012/12/2
0.651162791,2013/6/20
0.722382325,2014/1/6
0.602389078,2014/7/25
0.74465812,2015/2/10
0.568880079,2015/8/29
0.711111111,2016/3/16
0.612541993,2016/10/2
0.64206955,2010/3/9
0.524414063,2010/9/25
0.675044883,2011/4/13
0.643382353,2011/10/30
0.651162791,2012/5/17
0.697495183,2012/12/3
0.620960699,2013/6/21
0.788182832,2014/1/7
0.553274682,2014/7/26
0.718242598,2015/2/11
0.613496933,2015/8/30
0.675516224,2016/3/17
0.650097466,2016/10/3
0.649957519,2010/3/10
0.589537223,2010/9/26
0.641954507,2011/4/14
0.645669291,2011/10/31
0.658258747,2012/5/18
0.691622103,2012/12/4
0.598671727,2013/6/22
0.750954198,2014/1/8
0.591436218,2014/7/27
0.692082111,2015/2/12
0.631578947,2015/8/31
0.66395664,2016/3/18
0.631711409,2016/10/4
0.660621762,2010/3/11
0.653571429,2010/9/27
0.655021834,2011/4/15
0.643100511,2011/11/1
0.595639247,2012/5/19
0.694127958,2012/12/5
0.571138211,2013/6/23
0.704072398,2014/1/9
0.644230769,2014/7/28
0.751393534,2015/2/13
0.625514403,2015/9/1
0.672820513,2016/3/19
0.66636528,2016/10/5
0.685274302,2010/3/12
0.611625948,2010/9/28
0.655889145,2011/4/16
0.607334526,2011/11/2
0.563924678,2012/5/20
0.681117534,2012/12/6
0.639443962,2013/6/24
0.707635009,2014/1/10
0.649361022,2014/7/29
0.734030197,2015/2/14
0.627280626,2015/9/2
0.659472422,2016/3/20
0.64171123,2016/10/6
0.680773881,2010/3/13
0.599022005,2010/9/29
0.597491448,2011/4/17
0.63084922,2011/11/3
0.70391595,2012/5/21
0.675213675,2012/12/7
0.644312394,2013/6/25
0.683831102,2014/1/11
0.642622951,2014/7/30
0.711195929,2015/2/15
0.635253054,2015/9/3
0.714005877,2016/3/21
0.61042654,2016/10/7
0.635705669,2010/3/14
0.619636964,2010/9/30
0.666666667,2011/4/18
0.652527076,2011/11/4
0.65755627,2012/5/22
0.64968815,2012/12/8
0.615640599,2013/6/26
0.650650651,2014/1/12
0.62054681,2014/7/31
0.734356553,2015/2/16
0.604534005,2015/9/4
0.685082873,2016/3/22
0.623443983,2016/10/8
0.694698355,2010/3/15
0.624883068,2010/10/1
0.680115274,2011/4/19
0.582551595,2011/11/5
0.622521808,2012/5/23
0.630411827,2012/12/9
0.628127696,2013/6/27
0.698209719,2014/1/13
0.614529915,2014/8/1
0.710643016,2015/2/17
0.598290598,2015/9/5
0.673674589,2016/3/23
0.638952164,2016/10/9
0.65076661,2010/3/16
0.572702944,2010/10/2
0.644444444,2011/4/20
0.596175478,2011/11/6
0.652988403,2012/5/24
0.651433692,2012/12/10
0.64532872,2013/6/28
0.706390328,2014/1/14
0.57018393,2014/8/2
0.723828514,2015/2/18
0.602497399,2015/9/6
0.703327172,2016/3/24
0.66255144,2016/10/10
0.630360206,2010/3/17
0.520964361,2010/10/3
0.629370629,2011/4/21
0.645920942,2011/11/7
0.658682635,2012/5/25
0.679098005,2012/12/11
0.616795367,2013/6/29
0.697614991,2014/1/15
0.601015228,2014/8/3
0.768318966,2015/2/19
0.593783494,2015/9/7
0.648675172,2016/3/25
0.651333947,2016/10/11
0.637271215,2010/3/18
0.692982456,2010/10/4
0.661676647,2011/4/22
0.665141812,2011/11/8
0.569702602,2012/5/26
0.661510464,2012/12/12
0.524878049,2013/6/30
0.67357513,2014/1/16
0.608843537,2014/8/4
0.717672414,2015/2/20
0.615853659,2015/9/8
0.659397715,2016/3/26
0.653571429,2016/10/12
0.632311978,2010/3/19
0.639273356,2010/10/5
0.602910603,2011/4/23
0.627483444,2011/11/9
0.593639576,2012/5/27
0.690944882,2012/12/13
0.673094582,2013/7/1
0.688105727,2014/1/17
0.63582343,2014/8/5
0.741436464,2015/2/21
0.625528318,2015/9/9
0.640644362,2016/3/27
0.654826958,2016/10/13
0.592195122,2010/3/20
0.581504702,2010/10/6
0.595354523,2011/4/24
0.591103507,2011/11/10
0.624277457,2012/5/28
0.693357598,2012/12/14
0.646661031,2013/7/2
0.681690141,2014/1/18
0.610714286,2014/8/6
0.68983269,2015/2/22
0.676300578,2015/9/10
0.72097561,2016/3/28
0.651140684,2016/10/14
0.636747624,2010/3/21
0.628085106,2010/10/7
0.646376812,2011/4/25
0.611531191,2011/11/11
0.637269939,2012/5/29
0.655487805,2012/12/15
0.642793988,2013/7/3
0.631130064,2014/1/19
0.604611443,2014/8/7
0.769387755,2015/2/23
0.585903084,2015/9/11
0.700357782,2016/3/29
0.573982125,2016/10/15
0.683632735,2010/3/22
0.63016158,2010/10/8
0.610815603,2011/4/26
0.640159046,2011/11/12
0.643256185,2012/5/30
0.667450059,2012/12/16
0.568671964,2013/7/4
0.690140845,2014/1/20
0.634632035,2014/8/8
0.738095238,2015/2/24
0.584500467,2015/9/12
0.716404078,2016/3/30
0.598335068,2016/10/16
0.667817084,2010/3/23
0.546566322,2010/10/9
0.63298791,2011/4/27
0.550411523,2011/11/13
0.627059844,2012/5/31
0.724271845,2012/12/17
0.590393013,2013/7/5
0.693506494,2014/1/21
0.53816047,2014/8/9
0.740220662,2015/2/25
0.605749487,2015/9/13
0.658075601,2016/3/31
0.659704091,2016/10/17
0.649958915,2010/3/24
0.580366775,2010/10/10
0.616079494,2011/4/28
0.67736022,2011/11/14
0.620719178,2012/6/1
0.722323049,2012/12/18
0.576604555,2013/7/6
0.736175115,2014/1/22
0.575342466,2014/8/10
0.732179226,2015/2/26
0.678471575,2015/9/14
0.664510166,2016/4/1
0.653238547,2016/10/18
0.64840556,2010/3/25
0.599385246,2010/10/11
0.631979695,2011/4/29
0.65499573,2011/11/15
0.618408437,2012/6/2
0.700267618,2012/12/19
0.611282051,2013/7/7
0.75534188,2014/1/23
0.627234043,2014/8/11
0.706057597,2015/2/27
0.638334779,2015/9/15
0.653961886,2016/4/2
0.64548495,2016/10/19
0.663865546,2010/3/26
0.640194489,2010/10/12
0.592778335,2011/4/30
0.694495413,2011/11/16
0.629268293,2012/6/3
0.70988806,2012/12/20
0.669032831,2013/7/8
0.742967992,2014/1/24
0.653112033,2014/8/12
0.720319635,2015/2/28
0.657827203,2015/9/16
0.696551724,2016/4/3
0.620338983,2016/10/20
0.666666667,2010/3/27
0.633140973,2010/10/13
0.643268124,2011/5/1
0.678819444,2011/11/17
0.68241966,2012/6/4
0.705994291,2012/12/21
0.620608899,2013/7/9
0.680467091,2014/1/25
0.620264317,2014/8/13
0.713136729,2015/3/1
0.627537511,2015/9/17
0.707366297,2016/4/4
0.61888412,2016/10/21
0.626799557,2010/3/28
0.633755274,2010/10/14
0.675276753,2011/5/2
0.670995671,2011/11/18
0.669172932,2012/6/5
0.679064825,2012/12/22
0.614995788,2013/7/10
0.745033113,2014/1/26
0.602380952,2014/8/14
0.760891591,2015/3/2
0.620294599,2015/9/18
0.699592668,2016/4/5
0.644913628,2016/10/22
0.676842105,2010/3/29
0.632241814,2010/10/15
0.630837004,2011/5/3
0.595765159,2011/11/19
0.645559211,2012/6/6
0.667698658,2012/12/23
0.601328904,2013/7/11
0.733009709,2014/1/27
0.630136986,2014/8/15
0.76684492,2015/3/3
0.582255083,2015/9/19
0.703564728,2016/4/6
0.630620985,2016/10/23
0.692144374,2010/3/30
0.599232982,2010/10/16
0.67525299,2011/5/4
0.603466956,2011/11/20
0.633981403,2012/6/7
0.672661871,2012/12/24
0.67027027,2013/7/12
0.735621521,2014/1/28
0.575045208,2014/8/16
0.723506744,2015/3/4
0.595327103,2015/9/20
0.683379759,2016/4/7
0.662993572,2016/10/24
0.657846715,2010/3/31
0.581602374,2010/10/17
0.644366197,2011/5/5
0.669542709,2011/11/21
0.626903553,2012/6/8
0.696610169,2012/12/25
0.643533123,2013/7/13
0.725947522,2014/1/29
0.591911765,2014/8/17
0.71627907,2015/3/5
0.662080825,2015/9/21
0.660567246,2016/4/8
0.683508103,2016/10/25
0.616197183,2010/4/1
0.6760181,2010/10/18
0.631034483,2011/5/6
0.663101604,2011/11/22
0.586206897,2012/6/9
0.722284434,2012/12/26
0.607723577,2013/7/14
0.713026445,2014/1/30
0.639011474,2014/8/18
0.732912723,2015/3/6
0.666666667,2015/9/22
0.629774731,2016/4/9
0.674462114,2016/10/26
0.65324165,2010/4/2
0.610738255,2010/10/19
0.584745763,2011/5/7
0.657943925,2011/11/23
0.580348004,2012/6/10
0.69214876,2012/12/27
0.649247121,2013/7/15
0.709916589,2014/1/31
0.632705479,2014/8/19
0.705573081,2015/3/7
0.632027257,2015/9/23
0.643702906,2016/4/10
0.700598802,2016/10/27
0.588235294,2010/4/3
0.635012386,2010/10/20
0.569811321,2011/5/8
0.588709677,2011/11/24
0.631084543,2012/6/11
0.674242424,2012/12/28
0.640692641,2013/7/16
0.646718147,2014/2/1
0.610429448,2014/8/20
0.673420739,2015/3/8
0.622032289,2015/9/24
0.691507799,2016/4/11
0.675471698,2016/10/28
0.534332085,2010/4/4
0.658940397,2010/10/21
0.65648855,2011/5/9
0.660311958,2011/11/25
0.65890183,2012/6/12
0.651139742,2012/12/29
0.613577023,2013/7/17
0.669724771,2014/2/2
0.646904969,2014/8/21
0.68784029,2015/3/9
0.636182903,2015/9/25
0.680304472,2016/4/12
0.609970674,2016/10/29
0.629383886,2010/4/5
0.628205128,2010/10/22
0.652996845,2011/5/10
0.603465851,2011/11/26
0.642797669,2012/6/13
0.629901961,2012/12/30
0.636842105,2013/7/18
0.759689922,2014/2/3
0.641050584,2014/8/22
0.669064748,2015/3/10
0.612244898,2015/9/26
0.639157155,2016/4/13
0.601226994,2016/10/30
0.602451839,2010/4/6
0.566569485,2010/10/23
0.640897756,2011/5/11
0.611388611,2011/11/27
0.633898305,2012/6/14
0.702058505,2012/12/31
0.630931459,2013/7/19
0.718269231,2014/2/4
0.584960938,2014/8/23
0.696705426,2015/3/11
0.621938232,2015/9/27
0.630474453,2016/4/14
0.648720212,2016/10/31
0.622183709,2010/4/7
0.572736521,2010/10/24
0.62983871,2011/5/12
0.657894737,2011/11/28
0.596774194,2012/6/15
0.656954887,2013/1/1
0.576303318,2013/7/20
0.71668533,2014/2/5
0.575471698,2014/8/24
0.694290976,2015/3/12
0.631393298,2015/9/28
0.633161512,2016/4/15
0.647819063,2016/11/1
0.618120237,2010/4/8
0.609347443,2010/10/25
0.627303183,2011/5/13
0.660202361,2011/11/29
0.605371901,2012/6/16
0.700673725,2013/1/2
0.584259259,2013/7/21
0.721362229,2014/2/6
0.641831239,2014/8/25
0.662977867,2015/3/13
0.677447552,2015/9/29
0.629191321,2016/4/16
0.648829431,2016/11/2
0.638818565,2010/4/9
0.589230769,2010/10/26
0.580933466,2011/5/14
0.656663725,2011/11/30
0.598028478,2012/6/17
0.725790988,2013/1/3
0.649754501,2013/7/22
0.730945822,2014/2/7
0.626315789,2014/8/26
0.687965921,2015/3/14
0.672807018,2015/9/30
0.647764449,2016/4/17
0.649267399,2016/11/3
0.567456231,2010/4/10
0.649328859,2010/10/27
0.605555556,2011/5/15
0.643338954,2011/12/1
0.627004219,2012/6/18
0.697654214,2013/1/4
0.633766234,2013/7/23
0.714736842,2014/2/8
0.628717077,2014/8/27
0.693156733,2015/3/15
0.68852459,2015/10/1
0.646193772,2016/4/18
0.655515371,2016/11/4
0.593881857,2010/4/11
0.639589905,2010/10/28
0.698604651,2011/5/16
0.66282165,2011/12/2
0.650406504,2012/6/19
0.677651905,2013/1/5
0.620521173,2013/7/24
0.729885057,2014/2/9
0.609941028,2014/8/28
0.699526066,2015/3/16
0.737351991,2015/10/2
0.65873742,2016/4/19
0.621301775,2016/11/5
0.61971831,2010/4/12
0.618815896,2010/10/29
0.646666667,2011/5/17
0.631198347,2011/12/3
0.635407537,2012/6/20
0.635964912,2013/1/6
0.632961783,2013/7/25
0.737103175,2014/2/10
0.601054482,2014/8/29
0.711992446,2015/3/17
0.68329718,2015/10/3
0.668092387,2016/4/20
0.607466063,2016/11/6
0.641891892,2010/4/13
0.583420776,2010/10/30
0.65916955,2011/5/18
0.656179775,2011/12/4
0.621359223,2012/6/21
0.685981308,2013/1/7
0.633715799,2013/7/26
0.720631787,2014/2/11
0.595765159,2014/8/30
0.665773012,2015/3/18
0.680497925,2015/10/4
0.616838488,2016/4/21
0.678502879,2016/11/7
0.627189324,2010/4/14
0.582417582,2010/10/31
0.626903553,2011/5/19
0.689867841,2011/12/5
0.633654689,2012/6/22
0.684943429,2013/1/8
0.579831933,2013/7/27
0.732590529,2014/2/12
0.589439655,2014/8/31
0.710325048,2015/3/19
0.672237697,2015/10/5
0.640358744,2016/4/22
0.672131148,2016/11/8
0.643946188,2010/4/15
0.69801085,2010/11/1
0.630160067,2011/5/20
0.681860465,2011/12/6
0.593045113,2012/6/23
0.678222222,2013/1/9
0.586102719,2013/7/28
0.738419619,2014/2/13
0.611445783,2014/9/1
0.712121212,2015/3/20
0.633814783,2015/10/6
0.610586011,2016/4/23
0.67826087,2016/11/9
0.656903766,2010/4/16
0.624501992,2010/11/2
0.559139785,2011/5/21
0.722170253,2011/12/7
0.593780369,2012/6/24
0.697934596,2013/1/10
0.654342218,2013/7/29
0.725536993,2014/2/14
0.633116883,2014/9/2
0.686645636,2015/3/21
0.667248908,2015/10/7
0.639013453,2016/4/24
0.648790747,2016/11/10
0.615384615,2010/4/17
0.628524046,2010/11/3
0.614798694,2011/5/22
0.722274882,2011/12/8
0.677110531,2012/6/25
0.67771639,2013/1/11
0.644272179,2013/7/30
0.726781857,2014/2/15
0.61686747,2014/9/3
0.676371781,2015/3/22
0.6485281,2015/10/8
0.670103093,2016/4/25
0.624098867,2016/11/11
0.616904501,2010/4/18
0.677884615,2010/11/4
0.655844156,2011/5/23
0.714031972,2011/12/9
0.657093124,2012/6/26
0.619554695,2013/1/12
0.601479047,2013/7/31
0.704242424,2014/2/16
0.630182421,2014/9/4
0.746048472,2015/3/23
0.614468864,2015/10/9
0.685067873,2016/4/26
0.612445415,2016/11/12
0.630716135,2010/4/19
0.666666667,2010/11/5
0.599535244,2011/5/24
0.662674651,2011/12/10
0.625762195,2012/6/27
0.644680851,2013/1/13
0.673704415,2013/8/1
0.751418842,2014/2/17
0.615853659,2014/9/5
0.697584541,2015/3/24
0.621164021,2015/10/10
0.644444444,2016/4/27
0.639871383,2016/11/13
0.612716763,2010/4/20
0.593690249,2010/11/6
0.6154465,2011/5/25
0.641826923,2011/12/11
0.623702422,2012/6/28
0.702456779,2013/1/14
0.647737356,2013/8/2
0.740480962,2014/2/18
0.593012276,2014/9/6
0.701535509,2015/3/25
0.580547112,2015/10/11
0.684601113,2016/4/28
0.682600382,2016/11/14
0.607644306,2010/4/21
0.60130719,2010/11/7
0.649122807,2011/5/26
0.696363636,2011/12/12
0.622739018,2012/6/29
0.688539741,2013/1/15
0.610438024,2013/8/3
0.713993871,2014/2/19
0.617675312,2014/9/7
0.722167488,2015/3/26
0.639613527,2015/10/12
0.654460094,2016/4/29
0.704453441,2016/11/15
0.623655914,2010/4/22
0.680265655,2010/11/8
0.607508532,2011/5/27
0.68161435,2011/12/13
0.593406593,2012/6/30
0.70788705,2013/1/16
0.579476861,2013/8/4
0.712277413,2014/2/20
0.662488809,2014/9/8
0.694444444,2015/3/27
0.662681469,2015/10/13
0.646871686,2016/4/30
0.633865248,2016/11/16
0.621416526,2010/4/23
0.688041594,2010/11/9
0.570131181,2011/5/28
0.682819383,2011/12/14
0.590955807,2012/7/1
0.699655766,2013/1/17
0.644886364,2013/8/5
0.691722169,2014/2/21
0.670504872,2014/9/9
0.683189655,2015/3/28
0.664944014,2015/10/14
0.643031785,2016/5/1
0.668772563,2016/11/17
0.579395085,2010/4/24
0.646258503,2010/11/10
0.578125,2011/5/29
0.68677686,2011/12/15
0.652849741,2012/7/2
0.675,2013/1/18
0.636203866,2013/8/6
0.649727768,2014/2/22
0.663194444,2014/9/10
0.685618729,2015/3/29
0.654228856,2015/10/15
0.680351906,2016/5/2
0.633574007,2016/11/18
0.638820639,2010/4/25
0.615668203,2010/11/11
0.588644264,2011/5/30
0.688736028,2011/12/16
0.628333333,2012/7/3
0.676084763,2013/1/19
0.64021164,2013/8/7
0.639059305,2014/2/23
0.641414141,2014/9/11
0.703454894,2015/3/30
0.608732877,2015/10/16
0.728417266,2016/5/3
0.625377644,2016/11/19
0.691625616,2010/4/26
0.627668659,2010/11/12
0.614820847,2011/5/31
0.656731757,2011/12/17
0.546192893,2012/7/4
0.651826484,2013/1/20
0.639058413,2013/8/8
0.72605364,2014/2/24
0.63562387,2014/9/12
0.696280992,2015/3/31
0.612903226,2015/10/17
0.706335616,2016/5/4
0.679425837,2016/11/20
0.657000829,2010/4/27
0.557116105,2010/11/13
0.575516693,2011/6/1
0.658838072,2011/12/18
0.582078313,2012/7/5
0.700854701,2013/1/21
0.619948409,2013/8/9
0.721179625,2014/2/25
0.61928934,2014/9/13
0.687043796,2015/4/1
0.64739229,2015/10/18
0.688090737,2016/5/5
0.710474308,2016/11/21
0.628267974,2010/4/28
0.626519337,2010/11/14
0.645655877,2011/6/2
0.712090164,2011/12/19
0.631396357,2012/7/6
0.734693878,2013/1/22
0.595829196,2013/8/10
0.737051793,2014/2/26
0.623100304,2014/9/14
0.634189548,2015/4/2
0.728718428,2015/10/19
0.66427932,2016/5/6
0.704414587,2016/11/22
0.627787307,2010/4/29
0.652096343,2010/11/15
0.618966977,2011/6/3
0.669894366,2011/12/20
0.568047337,2012/7/7
0.767590618,2013/1/23
0.550290135,2013/8/11
0.724878049,2014/2/27
0.662489557,2014/9/15
0.666341463,2015/4/3
0.677165354,2015/10/20
0.640171858,2016/5/7
0.702950153,2016/11/23
0.59382819,2010/4/30
0.690217391,2010/11/16
0.587360595,2011/6/4
0.70981755,2011/12/21
0.593306288,2012/7/8
0.743509865,2013/1/24
0.638715433,2013/8/12
0.735496559,2014/2/28
0.656820156,2014/9/16
0.640041494,2015/4/4
0.655411255,2015/10/21
0.600922722,2016/5/8
0.62562396,2016/11/24
0.533762058,2010/5/1
0.653245686,2010/11/17
0.560275545,2011/6/5
0.614726027,2011/12/22
0.663273961,2012/7/9
0.719144801,2013/1/25
0.641652614,2013/8/13
0.677354709,2014/3/1
0.63697479,2014/9/17
0.620736698,2015/4/5
0.656593407,2015/10/22
0.679310345,2016/5/9
0.679190751,2016/11/25
0.551941238,2010/5/2
0.644694534,2010/11/18
0.62690583,2011/6/6
0.687145558,2011/12/23
0.629240711,2012/7/10
0.663967611,2013/1/26
0.669036335,2013/8/14
0.67335563,2014/3/2
0.651888342,2014/9/18
0.694,2015/4/6
0.666348904,2015/10/23
0.671539123,2016/5/10
0.642622951,2016/11/26
0.662062615,2010/5/3
0.645133506,2010/11/19
0.653696498,2011/6/7
0.655430712,2011/12/24
0.617021277,2012/7/11
0.707673569,2013/1/27
0.634948097,2013/8/15
0.735353535,2014/3/3
0.632464256,2014/9/19
0.69869403,2015/4/7
0.638344227,2015/10/24
0.638936535,2016/5/11
0.656612529,2016/11/27
0.589473684,2010/5/4
0.600183824,2010/11/20
0.611814346,2011/6/8
0.633093525,2011/12/25
0.623095429,2012/7/12
0.730769231,2013/1/28
0.606990622,2013/8/16
0.740993184,2014/3/4
0.618521665,2014/9/20
0.679209784,2015/4/8
0.629469122,2015/10/25
0.607413648,2016/5/12
0.700473934,2016/11/28
0.586515028,2010/5/5
0.611842105,2010/11/21
0.625615764,2011/6/9
0.629146919,2011/12/26
0.608658009,2012/7/13
0.736594544,2013/1/29
0.560041408,2013/8/17
0.699186992,2014/3/5
0.595073892,2014/9/21
0.703815261,2015/4/9
0.652421652,2015/10/26
0.642322097,2016/5/13
0.709163347,2016/11/29
0.631955485,2010/5/6
0.663619744,2010/11/22
0.64375,2011/6/10
0.677358491,2011/12/27
0.559292035,2012/7/14
0.694009217,2013/1/30
0.564612326,2013/8/18
0.685098407,2014/3/6
0.669211196,2014/9/22
0.686796315,2015/4/10
0.664788732,2015/10/27
0.625961538,2016/5/14
0.709377902,2016/11/30
0.635566188,2010/5/7
0.664435146,2010/11/23
0.60555005,2011/6/11
0.688948307,2011/12/28
0.58041958,2012/7/15
0.708591674,2013/1/31
0.63876652,2013/8/19
0.703737466,2014/3/7
0.628272251,2014/9/23
0.640724947,2015/4/11
0.738990333,2015/10/28
0.654598826,2016/5/15
0.69363167,2016/12/1
0.584302326,2010/5/8
0.655234657,2010/11/24
0.5625,2011/6/12
0.691011236,2011/12/29
0.638005159,2012/7/16
0.671506352,2013/2/1
0.633889377,2013/8/20
0.63729128,2014/3/8
0.635253054,2014/9/24
0.621076233,2015/4/12
0.673093777,2015/10/29
0.666666667,2016/5/16
0.660185185,2016/12/2
0.597938144,2010/5/9
0.592651757,2010/11/25
0.656330749,2011/6/13
0.643636364,2011/12/30
0.633913043,2012/7/17
0.712384852,2013/2/2
0.642602496,2013/8/21
0.610669694,2014/3/9
0.646723647,2014/9/25
0.667886551,2015/4/13
0.663117135,2015/10/30
0.632620744,2016/5/17
0.655850541,2016/12/3
0.665467626,2010/5/10
0.630769231,2010/11/26
0.642429427,2011/6/14
0.616875713,2011/12/31
0.62329932,2012/7/18
0.726368159,2013/2/3
0.640294388,2013/8/22
0.69621422,2014/3/10
0.61722913,2014/9/26
0.658135283,2015/4/14
0.610271903,2015/10/31
0.639705882,2016/5/18
0.651083238,2016/12/4
0.631025416,2010/5/11
0.605882353,2010/11/27
0.632831086,2011/6/15
0.650590551,2012/1/1
0.638047138,2012/7/19
0.734406439,2013/2/4
0.620242215,2013/8/23
0.655536028,2014/3/11
0.561827957,2014/9/27
0.660789253,2015/4/15
0.607664234,2015/11/1
0.677586207,2016/5/19
0.699065421,2016/12/5
0.642491468,2010/5/12
0.633788038,2010/11/28
0.606584362,2011/6/16
0.687711387,2012/1/2
0.663669065,2012/7/20
0.707431797,2013/2/5
0.570057582,2013/8/24
0.676470588,2014/3/12
0.604854369,2014/9/28
0.644112478,2015/4/16
0.710207612,2015/11/2
0.64490161,2016/5/20
0.712962963,2016/12/6
0.647108844,2010/5/13
0.694148936,2010/11/29
0.610274579,2011/6/17
0.719397363,2012/1/3
0.581395349,2012/7/21
0.723174031,2013/2/6
0.565776459,2013/8/25
0.727615457,2014/3/13
0.67,2014/9/29
0.650779102,2015/4/17
0.667917448,2015/11/3
0.611111111,2016/5/21
0.690369037,2016/12/7
0.634408602,2010/5/14
0.666963491,2010/11/30
0.567672833,2011/6/18
0.705708661,2012/1/4
0.576423576,2012/7/22
0.698301698,2013/2/7
0.623609923,2013/8/26
0.671546203,2014/3/14
0.634085213,2014/9/30
0.606090373,2015/4/18
0.630398671,2015/11/4
0.651434644,2016/5/22
0.687612208,2016/12/8
0.561277034,2010/5/15
0.682041217,2010/12/1
0.549338759,2011/6/19
0.696721311,2012/1/5
0.65202109,2012/7/23
0.728654971,2013/2/8
0.643327842,2013/8/27
0.599312124,2014/3/15
0.629286376,2014/10/1
0.641870351,2015/4/19
0.666666667,2015/11/5
0.645604396,2016/5/23
0.70821256,2016/12/9
0.561688312,2010/5/16
0.685441941,2010/12/2
0.612791703,2011/6/20
0.692446043,2012/1/6
0.649671053,2012/7/24
0.703146375,2013/2/9
0.651162791,2013/8/28
0.669035533,2014/3/16
0.625833333,2014/10/2
0.70846395,2015/4/20
0.629906542,2015/11/6
0.664089347,2016/5/24
0.684816754,2016/12/10
0.627118644,2010/5/17
0.662264151,2010/12/3
0.609934853,2011/6/21
0.610056926,2012/1/7
0.63170347,2012/7/25
0.701415701,2013/2/10
0.645979021,2013/8/29
0.721955896,2014/3/17
0.627246925,2014/10/3
0.65842895,2015/4/21
0.63654033,2015/11/7
0.631255487,2016/5/25
0.664677804,2016/12/11
0.696914701,2010/5/18
0.602602603,2010/12/4
0.602542373,2011/6/22
0.637714286,2012/1/8
0.622791519,2012/7/26
0.755364807,2013/2/11
0.633814783,2013/8/30
0.710619469,2014/3/18
0.593395253,2014/10/4
0.674437968,2015/4/22
0.675935829,2015/11/8
0.624667258,2016/5/26
0.724268178,2016/12/12
0.648417451,2010/5/19
0.636798088,2010/12/5
0.638135593,2011/6/23
0.687262357,2012/1/9
0.627004219,2012/7/27
0.691263783,2013/2/12
0.562734082,2013/8/31
0.730275229,2014/3/19
0.628292683,2014/10/5
0.702167766,2015/4/23
0.677304965,2015/11/9
0.595152603,2016/5/27
0.686802974,2016/12/13
0.617481957,2010/5/20
0.700097371,2010/12/6
0.593220339,2011/6/24
0.644691781,2012/1/10
0.591549296,2012/7/28
0.694945848,2013/2/13
0.573529412,2013/9/1
0.690311419,2014/3/20
0.678040245,2014/10/6
0.664835165,2015/4/24
0.704170708,2015/11/10
0.582887701,2016/5/28
0.725749559,2016/12/14
0.584752636,2010/5/21
0.708063021,2010/12/7
0.562671546,2011/6/25
0.67562724,2012/1/11
0.582178218,2012/7/29
0.690661479,2013/2/14
0.612182741,2013/9/2
0.683783784,2014/3/21
0.645516074,2014/10/7
0.638104839,2015/4/25
0.671860678,2015/11/11
0.589800443,2016/5/29
0.727737973,2016/12/15
0.558161351,2010/5/22
0.695054945,2010/12/8
0.560728745,2011/6/26
0.691026827,2012/1/12
0.650858545,2012/7/30
0.683830172,2013/2/15
0.61008807,2013/9/3
0.628726287,2014/3/22
0.651989839,2014/10/8
0.60718057,2015/4/26
0.663652803,2015/11/12
0.635416667,2016/5/30
0.727472527,2016/12/16
0.550709939,2010/5/23
0.699,2010/12/9
0.608006672,2011/6/27
0.648599819,2012/1/13
0.629382304,2012/7/31
0.69792695,2013/2/16
0.602878916,2013/9/4
0.668490153,2014/3/23
0.635263613,2014/10/9
0.690674054,2015/4/27
0.648876404,2015/11/13
0.620608899,2016/5/31
0.696493349,2016/12/17
0.623548922,2010/5/24
0.682375118,2010/12/10
0.60942492,2011/6/28
0.679704017,2012/1/14
0.644464446,2012/8/1
0.717159763,2013/2/17
0.634390651,2013/9/5
0.729805014,2014/3/24
0.618779343,2014/10/10
0.654662973,2015/4/28
0.668472373,2015/11/14
0.625420875,2016/6/1
0.689814815,2016/12/18
0.607258065,2010/5/25
0.622439024,2010/12/11
0.600172712,2011/6/29
0.666666667,2012/1/15
0.607263514,2012/8/2
0.73822563,2013/2/18
0.627134725,2013/9/6
0.726534296,2014/3/25
0.651578947,2014/10/11
0.660071942,2015/4/29
0.629589633,2015/11/15
0.640439932,2016/6/2
0.730275229,2016/12/19
0.622544833,2010/5/26
0.672908864,2010/12/12
0.626152557,2011/6/30
0.685121107,2012/1/16
0.618443316,2012/8/3
0.690239044,2013/2/19
0.590697674,2013/9/7
0.719489982,2014/3/26
0.634517766,2014/10/12
0.658792651,2015/4/30
0.675302245,2015/11/16
0.61281337,2016/6/3
0.722063037,2016/12/20
0.627968338,2010/5/27
0.687323944,2010/12/13
0.578947368,2011/7/1
0.656305506,2012/1/17
0.598214286,2012/8/4
0.704238921,2013/2/20
0.595551062,2013/9/8
0.710626186,2014/3/27
0.653081511,2014/10/13
0.672658467,2015/5/1
0.664912281,2015/11/17
0.595679012,2016/6/4
0.734133791,2016/12/21
0.595670996,2010/5/28
0.710144928,2010/12/14
0.550819672,2011/7/2
0.658649399,2012/1/18
0.569556452,2012/8/5
0.711849192,2013/2/21
0.68164794,2013/9/9
0.672807018,2014/3/28
0.637751004,2014/10/14
0.653594771,2015/5/2
0.673972603,2015/11/18
0.609307359,2016/6/5
0.707607699,2016/12/22
0.569732938,2010/5/29
0.732581967,2010/12/15
0.560375147,2011/7/3
0.706273764,2012/1/19
0.650173611,2012/8/6
0.679227941,2013/2/22
0.645131938,2013/9/10
0.702702703,2014/3/29
0.656976744,2014/10/15
0.630504834,2015/5/3
0.690633869,2015/11/19
0.635157546,2016/6/6
0.675121951,2016/12/23
0.53820598,2010/5/30
0.691489362,2010/12/16
0.562570462,2011/7/4
0.662852113,2012/1/20
0.634760705,2012/8/7
0.66353187,2013/2/23
0.62804878,2013/9/11
0.674641148,2014/3/30
0.673275862,2014/10/16
0.662414132,2015/5/4
0.702033599,2015/11/20
0.650468883,2016/6/7
0.68321513,2016/12/24
0.577092511,2010/5/31
0.663934426,2010/12/17
0.583963691,2011/7/5
0.673888255,2012/1/21
0.613003096,2012/8/8
0.666666667,2013/2/24
0.662587413,2013/9/12
0.720772947,2014/3/31
0.629296236,2014/10/17
0.625432526,2015/5/5
0.671399594,2015/11/21
0.659961686,2016/6/8
0.632148377,2016/12/25
0.641666667,2010/6/1
0.634441088,2010/12/18
0.604651163,2011/7/6
0.692883895,2012/1/22
0.623987034,2012/8/9
0.735553379,2013/2/25
0.668995633,2013/9/13
0.679279279,2014/4/1
0.586734694,2014/10/18
0.656170213,2015/5/6
0.633085896,2015/11/22
0.634020619,2016/6/9
0.723776224,2016/12/26
0.63036566,2010/6/2
0.675646552,2010/12/19
0.611013986,2011/7/7
0.709621993,2012/1/23
0.643350604,2012/8/10
0.696913003,2013/2/26
0.597712107,2013/9/14
0.687845304,2014/4/2
0.631786772,2014/10/19
0.659747292,2015/5/7
0.72815534,2015/11/23
0.609042553,2016/6/10
0.675454545,2016/12/27
0.662591687,2010/6/3
0.724137931,2010/12/20
0.625645439,2011/7/8
0.677496038,2012/1/24
0.555251142,2012/8/11
0.707528958,2013/2/27
0.615079365,2013/9/15
0.664845173,2014/4/3
0.670138889,2014/10/20
0.682509506,2015/5/8
0.693014706,2015/11/24
0.611111111,2016/6/11
0.687687688,2016/12/28
0.615258409,2010/6/4
0.705175601,2010/12/21
0.580904523,2011/7/9
0.66722973,2012/1/25
0.582706767,2012/8/12
0.709502262,2013/2/28
0.632007233,2013/9/16
0.685609533,2014/4/4
0.646166807,2014/10/21
0.632898696,2015/5/9
0.65578635,2015/11/25
0.582039911,2016/6/12
0.736734694,2016/12/29
0.546065259,2010/6/5
0.703111111,2010/12/22
0.581466395,2011/7/10
0.66580756,2012/1/26
0.632193495,2012/8/13
0.702325581,2013/3/1
0.666666667,2013/9/17
0.635917566,2014/4/5
0.712580349,2014/10/22
0.607929515,2015/5/10
0.601587302,2015/11/26
0.656330749,2016/6/13
0.685236769,2016/12/30
0.559574468,2010/6/6
0.710398445,2010/12/23
0.622877569,2011/7/11
0.638422819,2012/1/27
0.626633987,2012/8/14
0.630390144,2013/3/2
0.632545932,2013/9/18
0.648769575,2014/4/6
0.668899522,2014/10/23
0.652401747,2015/5/11
0.68875502,2015/11/27
0.615512927,2016/6/14
0.673123487,2016/12/31
0.597528685,2010/6/7
0.677944862,2010/12/24
0.561488673,2011/7/12
0.625441696,2012/1/28
0.648029331,2012/8/15
0.716571429,2013/3/3
0.62295082,2013/9/19
0.710953347,2014/4/7
0.64770798,2014/10/24
0.658075601,2015/5/12
0.644779333,2015/11/28
0.603174603,2016/6/15
0.618930041,2010/6/8
0.628158845,2010/12/25
0.618152085,2011/7/13
0.637254902,2012/1/29
0.586597041,2012/8/16
0.712230216,2013/3/4
0.607026144,2013/9/20
0.709536308,2014/4/8
0.6152513,2014/10/25
0.6112,2015/5/13
0.64790287,2015/11/29
0.661587811,2016/6/16
0.674573055,2010/6/9
0.674846626,2010/12/26
0.596918086,2011/7/14
0.711330935,2012/1/30
0.609213662,2012/8/17
0.707822809,2013/3/5
0.583022388,2013/9/21
0.667560322,2014/4/9
0.637817498,2014/10/26
0.645851918,2015/5/14
0.72148289,2015/11/30
0.616268789,2016/6/17
0.617598684,2010/6/10
0.772241993,2010/12/27
0.592127303,2011/7/15
0.681135225,2012/1/31
0.606930693,2012/8/18
0.71037182,2013/3/6
0.633,2013/9/22
0.672694394,2014/4/10
0.68832309,2014/10/27
0.630057803,2015/5/15
0.706448508,2015/12/1
0.591709845,2016/6/18
0.611927398,2010/6/11
0.749631811,2010/12/28
0.544747082,2011/7/16
0.646861925,2012/2/1
0.594142259,2012/8/19
0.718619247,2013/3/7
0.643112701,2013/9/23
0.648717949,2014/4/11
0.674230146,2014/10/28
0.622680412,2015/5/16
0.683158896,2015/12/2
0.579356271,2016/6/19
0.573544974,2010/6/12
0.719636776,2010/12/29
0.539435248,2011/7/17
0.66031483,2012/2/2
0.618410042,2012/8/20
0.719316969,2013/3/8
0.670068027,2013/9/24
0.597453477,2014/4/12
0.666666667,2014/10/29
0.607028754,2015/5/17
0.713744076,2015/12/3
0.618353345,2016/6/20
0.564893617,2010/6/13
0.717687075,2010/12/30
0.620786517,2011/7/18
0.713381555,2012/2/3
0.637846656,2012/8/21
0.612426036,2013/3/9
0.622021364,2013/9/25
0.601861427,2014/4/13
0.698568873,2014/10/30
0.651353568,2015/5/18
0.668807339,2015/12/4
0.645285935,2016/6/21
0.641304348,2010/6/14
0.683622829,2010/12/31
0.620718463,2011/7/19
0.632270169,2012/2/4
0.625415282,2012/8/22
0.656626506,2013/3/10
0.646753247,2013/9/26
0.696909272,2014/4/14
0.643582641,2014/10/31
0.661032028,2015/5/19
0.652818991,2015/12/5
0.618197279,2016/6/22
0.615180936,2010/6/15
0.675422139,2011/1/1
0.612479475,2011/7/20
0.640096618,2012/2/5
0.604746318,2012/8/23
0.694581281,2013/3/11
0.652211622,2013/9/27
0.71184739,2014/4/15
0.673751328,2014/11/1
0.656641604,2015/5/20
0.673684211,2015/12/6
0.620777027,2016/6/23
0.561749571,2010/6/16
0.678205128,2011/1/2
0.603053435,2011/7/21
0.68579492,2012/2/6
0.58677686,2012/8/24
0.704950495,2013/3/12
0.596700275,2013/9/28
0.674955595,2014/4/16
0.694783574,2014/11/2
0.668685121,2015/5/21
0.733082707,2015/12/7
0.616438356,2016/6/24
0.608624898,2010/6/17
0.750515464,2011/1/3
0.576222435,2011/7/22
0.678357571,2012/2/7
0.583886256,2012/8/25
0.675721562,2013/3/13
0.608267717,2013/9/29
0.666035951,2014/4/17
0.703007519,2014/11/3
0.644160584,2015/5/22
0.68956044,2015/12/8
0.619234544,2016/6/25
0.596774194,2010/6/18
0.707652623,2011/1/4
0.57011259,2011/7/23
0.718421053,2012/2/8
0.595528455,2012/8/26
0.674333027,2013/3/14
0.639097744,2013/9/30
0.661849711,2014/4/18
0.660394265,2014/11/4
0.587618048,2015/5/23
0.70113852,2015/12/9
0.619689119,2016/6/26
0.547574627,2010/6/19
0.691085613,2011/1/5
0.526915114,2011/7/24
0.714412811,2012/2/9
0.62081448,2012/8/27
0.692025665,2013/3/15
0.65100087,2013/10/1
0.625523013,2014/4/19
0.65915239,2014/11/5
0.605376344,2015/5/24
0.663375224,2015/12/10
0.661740558,2016/6/27
0.556666667,2010/6/20
0.681299385,2011/1/6
0.621735468,2011/7/25
0.672865596,2012/2/10
0.647212544,2012/8/28
0.651329243,2013/3/16
0.622097678,2013/10/2
0.65201005,2014/4/20
0.6841612,2014/11/6
0.623110151,2015/5/25
0.669291339,2015/12/11
0.670222222,2016/6/28
0.599009901,2010/6/21
0.691542289,2011/1/7
0.605436573,2011/7/26
0.642084562,2012/2/11
0.629843364,2012/8/29
0.68946797,2013/3/17
0.642799678,2013/10/3
0.695528069,2014/4/21
0.67493357,2014/11/7
0.621981682,2015/5/26
0.607038123,2015/12/12
0.646473029,2016/6/29
0.607050731,2010/6/22
0.690781797,2011/1/8
0.606477733,2011/7/27
0.708816705,2012/2/12
0.626192541,2012/8/30
0.737957611,2013/3/18
0.613376835,2013/10/4
0.680831826,2014/4/22
0.655534351,2014/11/8
0.640102828,2015/5/27
0.623481781,2015/12/13
0.654278306,2016/6/30
0.57921207,2010/6/23
0.683192261,2011/1/9
0.572156197,2011/7/28
0.696460177,2012/2/13
0.656441718,2012/8/31
0.726358149,2013/3/19
0.613861386,2013/10/5
0.686978297,2014/4/23
0.634595701,2014/11/9
0.638278388,2015/5/28
0.714416896,2015/12/14
0.663357401,2016/7/1
0.605877269,2010/6/24
0.704253215,2011/1/10
0.6,2011/7/29
0.687315634,2012/2/14
0.595849802,2012/9/1
0.701707098,2013/3/20
0.599806202,2013/10/6
0.682969432,2014/4/24
0.679213003,2014/11/10
0.618334892,2015/5/29
0.702770781,2015/12/15
0.605590062,2016/7/2
0.582256675,2010/6/25
0.695381883,2011/1/11
0.5580222,2011/7/30
0.710460251,2012/2/15
0.58492569,2012/9/2
0.714561234,2013/3/21
0.652210884,2013/10/7
0.673344948,2014/4/25
0.644257703,2014/11/11
0.59687787,2015/5/30
0.693472091,2015/12/16
0.60164271,2016/7/3
0.526266417,2010/6/26
0.741745283,2011/1/12
0.561458333,2011/7/31
0.711688312,2012/2/16
0.575817641,2012/9/3
0.729885057,2013/3/22
0.67238422,2013/10/8
0.657649254,2014/4/26
0.659188956,2014/11/12
0.610278373,2015/5/31
0.704211557,2015/12/17
0.576233184,2016/7/4
0.552516411,2010/6/27
0.691022965,2011/1/13
0.629346904,2011/8/1
0.68204698,2012/2/17
0.637279597,2012/9/4
0.65959596,2013/3/23
0.632290786,2013/10/9
0.609533469,2014/4/27
0.684684685,2014/11/13
0.706666667,2015/6/1
0.694444444,2015/12/18
0.614864865,2016/7/5
0.635986733,2010/6/28
0.729651163,2011/1/14
0.602224123,2011/8/2
0.636630754,2012/2/18
0.635961027,2012/9/5
0.637288136,2013/3/24
0.646711636,2013/10/10
0.671875,2014/4/28
0.698841699,2014/11/14
0.720729367,2015/6/2
0.657743786,2015/12/19
0.618165785,2016/7/6
0.613423959,2010/6/29
0.680443548,2011/1/15
0.615384615,2011/8/3
0.658648339,2012/2/19
0.609582964,2012/9/6
0.748717949,2013/3/25
0.63410596,2013/10/11
0.713903743,2014/4/29
0.648351648,2014/11/15
0.658053402,2015/6/3
0.694783574,2015/12/20
0.639184397,2016/7/7
0.626853377,2010/6/30
0.66552901,2011/1/16
0.636202307,2011/8/4
0.690322581,2012/2/20
0.617801047,2012/9/7
0.694200351,2013/3/26
0.592658908,2013/10/12
0.752411576,2014/4/30
0.648246546,2014/11/16
0.662397072,2015/6/4
0.704063604,2015/12/21
0.642561983,2016/7/8
0.599829352,2010/7/1
0.719954649,2011/1/17
0.585895118,2011/8/5
0.686964795,2012/2/21
0.615384615,2012/9/8
0.694883721,2013/3/27
0.591194969,2013/10/13
0.656165617,2014/5/1
0.743509865,2014/11/17
0.650176678,2015/6/5
0.700389105,2015/12/22
0.613168724,2016/7/9
0.618556701,2010/7/2
0.740206186,2011/1/18
0.551040634,2011/8/6
0.682971014,2012/2/22
0.602880658,2012/9/9
0.718837863,2013/3/28
0.649606299,2013/10/14
0.645869947,2014/5/2
0.725947522,2014/11/18
0.567510549,2015/6/6
0.697275479,2015/12/23
0.623417722,2016/7/10
0.541214751,2010/7/3
0.678725237,2011/1/19
0.553097345,2011/8/7
0.684659091,2012/2/23
0.63982684,2012/9/10
0.684261036,2013/3/29
0.664983165,2013/10/15
0.597868217,2014/5/3
0.731827112,2014/11/19
0.609322974,2015/6/7
0.69088812,2015/12/24
0.647488584,2016/7/11
0.506112469,2010/7/4
0.689748201,2011/1/20
0.631244323,2011/8/8
0.683838384,2012/2/24
0.628774423,2012/9/11
0.641107561,2013/3/30
0.652096343,2013/10/16
0.636457261,2014/5/4
0.700934579,2014/11/20
0.638279192,2015/6/8
0.637345679,2015/12/25
0.625806452,2016/7/12
0.570149254,2010/7/5
0.685234306,2011/1/21
0.64010989,2011/8/9
0.639004149,2012/2/25
0.633223684,2012/9/12
0.64556962,2013/3/31
0.647587899,2013/10/17
0.650044524,2014/5/5
0.707364341,2014/11/21
0.657824934,2015/6/9
0.672786177,2015/12/26
0.627383016,2016/7/13
0.626475548,2010/7/6
0.700753498,2011/1/22
0.615384615,2011/8/10
0.650168729,2012/2/26
0.645103324,2012/9/13
0.735078534,2013/4/1
0.659536542,2013/10/18
0.670751634,2014/5/6
0.67638484,2014/11/22
0.625514403,2015/6/10
0.635886674,2015/12/27
0.62893617,2016/7/14
0.613013699,2010/7/7
0.692592593,2011/1/23
0.567502021,2011/8/11
0.68959276,2012/2/27
0.589225589,2012/9/14
0.708757637,2013/4/2
0.63891675,2013/10/19
0.674576271,2014/5/7
0.652953586,2014/11/23
0.625109745,2015/6/11
0.695813953,2015/12/28
0.599277978,2016/7/15
0.600492207,2010/7/8
0.720183486,2011/1/24
0.606334842,2011/8/12
0.67146486,2012/2/28
0.558851675,2012/9/15
0.708703375,2013/4/3
0.626595745,2013/10/20
0.677828054,2014/5/8
0.688628159,2014/11/24
0.598065084,2015/6/12
0.712151394,2015/12/29
0.611707317,2016/7/16
0.631806396,2010/7/9
0.718216319,2011/1/25
0.562267658,2011/8/13
0.717996289,2012/2/29
0.561461794,2012/9/16
0.670520231,2013/4/4
0.647257384,2013/10/21
0.660194175,2014/5/9
0.702479339,2014/11/25
0.558208955,2015/6/13
0.71124031,2015/12/30
0.582291667,2016/7/17
0.555348837,2010/7/10
0.71888412,2011/1/26
0.594815825,2011/8/14
0.691806331,2012/3/1
0.670763828,2012/9/17
0.669829222,2013/4/5
0.618964004,2013/10/22
0.608943863,2014/5/10
0.737016575,2014/11/26
0.562111801,2015/6/14
0.662583519,2015/12/31
0.640610961,2016/7/18
0.553168636,2010/7/11
0.699564586,2011/1/27
0.595524957,2011/8/15
0.70877193,2012/3/2
0.617988395,2012/9/18
0.66008316,2013/4/6
0.664069264,2013/10/23
0.574585635,2014/5/11
0.649350649,2014/11/27
0.655143339,2015/6/15
0.676526718,2016/1/1
0.622073579,2016/7/19
0.619621343,2010/7/12
0.706709957,2011/1/28
0.592039801,2011/8/16
0.691282051,2012/3/3
0.620016964,2012/9/19
0.679380215,2013/4/7
0.68125,2013/10/24
0.668654174,2014/5/12
0.718026183,2014/11/28
0.662425785,2015/6/16
0.697538101,2016/1/2
0.625833333,2016/7/20
0.623251748,2010/7/13
0.651898734,2011/1/29
0.580483736,2011/8/17
0.627572016,2012/3/4
0.642793988,2012/9/20
0.720321932,2013/4/8
0.67475292,2013/10/25
0.663414634,2014/5/13
0.684095861,2014/11/29
0.639898563,2015/6/17
0.701912261,2016/1/3
0.635658915,2016/7/21
0.625838926,2010/7/14
0.655,2011/1/30
0.623853211,2011/8/18
0.691287879,2012/3/5
0.615191987,2012/9/21
0.648671808,2013/4/9
0.639278557,2013/10/26
0.679213003,2014/5/14
0.673267327,2014/11/30
0.620294599,2015/6/18
0.717846461,2016/1/4
0.618829982,2016/7/22
0.608803987,2010/7/15
0.720042418,2011/1/31
0.617702448,2011/8/19
0.676818951,2012/3/6
0.593834995,2012/9/22
0.662911612,2013/4/10
0.649797571,2013/10/27
0.635344828,2014/5/15
0.692307692,2014/12/1
0.621499548,2015/6/19
0.732683983,2016/1/5
0.6121673,2016/7/23
0.583829787,2010/7/16
0.728395062,2011/2/1
0.576305221,2011/8/20
0.658723404,2012/3/7
0.582761998,2012/9/23
0.650887574,2013/4/11
0.694717995,2013/10/28
0.669032831,2014/5/16
0.753595398,2014/12/2
0.615853659,2015/6/20
0.722429907,2016/1/6
0.595145631,2016/7/24
0.546146527,2010/7/17
0.707889126,2011/2/2
0.553643725,2011/8/21
0.6092827,2012/3/8
0.65523633,2012/9/24
0.73880597,2013/4/12
0.674137931,2013/10/29
0.576415094,2014/5/17
0.701807229,2014/12/3
0.580612245,2015/6/21
0.672253259,2016/1/7
0.680036463,2016/7/25
0.56352459,2010/7/18
0.734634146,2011/2/3
0.593722755,2011/8/22
0.684491979,2012/3/9
0.649795918,2012/9/25
0.633603239,2013/4/13
0.641046607,2013/10/30
0.570892019,2014/5/18
0.736580517,2014/12/4
0.636439966,2015/6/22
0.698384201,2016/1/8
0.656804734,2016/7/26
0.594687232,2010/7/19
0.708043694,2011/2/4
0.554908486,2011/8/23
0.648008611,2012/3/10
0.626598465,2012/9/26
0.642780749,2013/4/14
0.651162791,2013/10/31
0.670250896,2014/5/19
0.723577236,2014/12/5
0.614814815,2015/6/23
0.674881517,2016/1/9
0.630308077,2016/7/27
0.651018601,2010/1/1
0.612561175,2010/7/20
0.682291667,2011/2/5
0.592844974,2011/8/24
0.640697674,2012/3/11
0.643424537,2012/9/27
0.700093721,2013/4/15
0.621732026,2013/11/1
0.629533679,2014/5/20
0.732362822,2014/12/6
0.623467601,2015/6/24
0.65448505,2016/1/10
0.619863014,2016/7/28
0.678970917,2010/1/2
0.620659722,2010/7/21
0.664540816,2011/2/6
0.575168919,2011/8/25
0.700544465,2012/3/12
0.634715026,2012/9/28
0.63896336,2013/4/16
0.609869646,2013/11/2
0.625304136,2014/5/21
0.719217491,2014/12/7
0.642675699,2015/6/25
0.694717995,2016/1/11
0.64107677,2016/7/29
0.671021378,2010/1/3
0.595641646,2010/7/22
0.680529301,2011/2/7
0.580057526,2011/8/26
0.638135593,2012/3/13
0.581900452,2012/9/29
0.658703072,2013/4/17
0.643979058,2013/11/3
0.639219015,2014/5/22
0.723516949,2014/12/8
0.609540636,2015/6/26
0.754554171,2016/1/12
0.596473029,2016/7/30
0.705603039,2010/1/4
0.610707804,2010/7/23
0.68579235,2011/2/8
0.569767442,2011/8/27
0.641068447,2012/3/14
0.611909651,2012/9/30
0.644933921,2013/4/18
0.699381079,2013/11/4
0.658362989,2014/5/23
0.75,2014/12/9
0.632885212,2015/6/27
0.735009671,2016/1/13
0.588558856,2016/7/31
0.70212766,2010/1/5
0.561143984,2010/7/24
0.750474383,2011/2/9
0.585840708,2011/8/28
0.69118905,2012/3/15
0.63973384,2012/10/1
0.647540984,2013/4/19
0.683626272,2013/11/5
0.618864293,2014/5/24
0.740812379,2014/12/10
0.648679679,2015/6/28
0.718464351,2016/1/14
0.645892351,2016/8/1
0.698032506,2010/1/6
0.508881923,2010/7/25
0.712,2011/2/10
0.597754911,2011/8/29
0.685168335,2012/3/16
0.660054103,2012/10/2
0.657084189,2013/4/20
0.661790017,2013/11/6
0.612938596,2014/5/25
0.711409396,2014/12/11
0.626690712,2015/6/29
0.686660698,2016/1/15
0.638025594,2016/8/2
0.694805195,2010/1/7
0.622299049,2010/7/26
0.678150499,2011/2/11
0.5875943,2011/8/30
0.617321249,2012/3/17
0.647058824,2012/10/3
0.620462046,2013/4/21
0.682640145,2013/11/7
0.603020496,2014/5/26
0.704789834,2014/12/12
0.631016043,2015/6/30
0.688398849,2016/1/16
0.599107143,2016/8/3
0.677390527,2010/1/8
0.59450458,2010/7/27
0.640394089,2011/2/12
0.575414124,2011/8/31
0.592380952,2012/3/18
0.63400335,2012/10/4
0.683303085,2013/4/22
0.68867083,2013/11/8
0.639158576,2014/5/27
0.700207469,2014/12/13
0.611394558,2015/7/1
0.708955224,2016/1/17
0.627843494,2016/8/4
0.665972945,2010/1/9
0.587467363,2010/7/28
0.648587571,2011/2/13
0.598237885,2011/9/1
0.660637382,2012/3/19
0.611990008,2012/10/5
0.691943128,2013/4/23
0.652406417,2013/11/9
0.684677419,2014/5/28
0.654434251,2014/12/14
0.629162916,2015/7/2
0.721123829,2016/1/18
0.617368874,2016/8/5
0.639821029,2010/1/10
0.600628931,2010/7/29
0.691745037,2011/2/14
0.628759398,2011/9/2
0.642553191,2012/3/20
0.591993186,2012/10/6
0.642614601,2013/4/24
0.638603696,2013/11/10
0.628935532,2014/5/29
0.678183613,2014/12/15
0.619692864,2015/7/3
0.749011858,2016/1/19
0.563291139,2016/8/6
0.663857678,2010/1/11
0.593206297,2010/7/30
0.697272727,2011/2/15
0.522460938,2011/9/3
0.640190627,2012/3/21
0.594202899,2012/10/7
0.661135371,2013/4/25
0.681307457,2013/11/11
0.66344464,2014/5/30
0.70257388,2014/12/16
0.540089087,2015/7/4
0.711312217,2016/1/20
0.571,2016/8/7
0.68629174,2010/1/12
0.535343035,2010/7/31
0.68296796,2011/2/16
0.532494759,2011/9/4
0.65640599,2012/3/22
0.658410733,2012/10/8
0.610251451,2013/4/26
0.703953713,2013/11/12
0.593301435,2014/5/31
0.69416126,2014/12/17
0.573319756,2015/7/5
0.696363636,2016/1/21
0.619365609,2016/8/8
0.677935943,2010/1/13
0.535751295,2010/8/1
0.651914894,2011/2/17
0.556399132,2011/9/5
0.642178047,2012/3/23
0.647512864,2012/10/9
0.629237288,2013/4/27
0.694810906,2013/11/13
0.615058324,2014/6/1
0.702247191,2014/12/18
0.643248175,2015/7/6
0.710922787,2016/1/22
0.622510823,2016/8/9
0.669657423,2010/1/14
0.622907489,2010/8/2
0.647359455,2011/2/18
0.664335664,2011/9/6
0.61302682,2012/3/24
0.674438687,2012/10/10
0.6276958,2013/4/28
0.678906917,2013/11/14
0.651685393,2014/6/2
0.697087379,2014/12/19
0.629722922,2015/7/7
0.712525667,2016/1/23
0.628448276,2016/8/10
0.648,2010/1/15
0.583333333,2010/8/3
0.649140546,2011/2/19
0.642126789,2011/9/7
0.639470783,2012/3/25
0.65959253,2012/10/11
0.691470054,2013/4/29
0.684737281,2013/11/15
0.656663725,2014/6/3
0.682017544,2014/12/20
0.611599297,2015/7/8
0.68006993,2016/1/24
0.633302152,2016/8/11
0.589668616,2010/1/16
0.61865942,2010/8/4
0.639088729,2011/2/20
0.59354226,2011/9/8
0.724754245,2012/3/26
0.666092943,2012/10/12
0.719267655,2013/4/30
0.608108108,2013/11/16
0.621149042,2014/6/4
0.695767196,2014/12/21
0.635869565,2015/7/9
0.734219269,2016/1/25
0.65412844,2016/8/12
0.64922049,2010/1/17
0.592920354,2010/8/5
0.699205448,2011/2/21
0.616795367,2011/9/9
0.705116279,2012/3/27
0.641414141,2012/10/13
0.649000869,2013/5/1
0.651794374,2013/11/17
0.67570009,2014/6/5
0.681318681,2014/12/22
0.621212121,2015/7/10
0.708686441,2016/1/26
0.595387841,2016/8/13
0.65560166,2010/1/18
0.586294416,2010/8/6
0.672053232,2011/2/22
0.570990807,2011/9/10
0.698239732,2012/3/28
0.61970339,2012/10/14
0.633865248,2013/5/2
0.663216561,2013/11/18
0.638135593,2014/6/6
0.743482795,2014/12/23
0.58662614,2015/7/11
0.711662075,2016/1/27
0.594488189,2016/8/14
0.668032787,2010/1/19
0.531434185,2010/8/7
0.692898273,2011/2/23
0.569521691,2011/9/11
0.677590788,2012/3/29
0.651818182,2012/10/15
0.656593407,2013/5/3
0.692100539,2013/11/19
0.566834171,2014/6/7
0.696844993,2014/12/24
0.576767677,2015/7/12
0.737302977,2016/1/28
0.617595819,2016/8/15
0.682591093,2010/1/20
0.544904137,2010/8/8
0.671785029,2011/2/24
0.651471985,2011/9/12
0.681735986,2012/3/30
0.648717949,2012/10/16
0.646875,2013/5/4
0.671171171,2013/11/20
0.577540107,2014/6/8
0.677257525,2014/12/25
0.618845501,2015/7/13
0.708823529,2016/1/29
0.65012205,2016/8/16
0.684514003,2010/1/21
0.643607706,2010/8/9
0.679435484,2011/2/25
0.650691244,2011/9/13
0.650364204,2012/3/31
0.666666667,2012/10/17
0.635382956,2013/5/5
0.702464789,2013/11/21
0.648599819,2014/6/9
0.711722488,2014/12/26
0.661091549,2015/7/14
0.699211045,2016/1/30
0.638621795,2016/8/17
