,_c0,RPT_DT
0,1457,10/23/2013
1,1187,04/28/2013
2,1221,11/12/2012
3,1370,01/02/2009
4,1410,11/08/2008
5,1265,12/30/2015
6,1117,02/17/2015
7,1406,01/28/2016
8,1621,08/11/2011
9,1587,07/18/2008
10,1129,02/24/2008
11,1695,08/07/2007
12,1178,05/11/2014
13,1367,03/06/2014
14,1605,03/13/2007
15,1575,10/30/2006
16,1590,09/29/2006
17,1345,07/22/2012
18,1341,05/15/2010
19,1341,10/19/2009
20,1476,08/11/2012
21,1624,06/04/2010
22,1108,01/10/2010
23,1278,11/08/2009
24,1138,05/15/2011
25,1579,10/27/2010
26,1406,07/18/2009
27,1481,02/24/2009
28,1498,07/22/2013
29,1563,01/06/2006
30,1308,12/30/2016
31,1286,10/23/2014
32,1304,04/28/2014
33,1296,11/12/2013
34,1682,08/07/2008
35,1560,03/13/2008
36,1603,10/30/2007
37,1552,09/29/2007
38,1448,05/11/2015
39,1180,03/06/2015
40,1315,02/17/2016
41,1435,06/04/2011
42,1264,01/10/2011
43,1444,11/16/2010
44,1380,08/11/2013
45,1364,05/15/2012
46,1303,10/27/2011
47,1460,02/28/2006
48,1446,07/26/2010
49,1464,11/12/2014
50,1517,07/22/2014
51,1590,08/07/2009
52,1483,03/13/2009
53,1472,10/30/2008
54,1574,09/29/2008
55,1365,01/06/2007
56,1377,10/23/2015
57,1383,04/28/2015
58,1495,05/11/2016
59,1137,03/06/2016
60,1645,02/28/2007
61,1580,05/22/2006
62,1490,03/17/2006
63,1180,10/23/2016
64,1302,08/15/2010
65,1519,10/30/2009
66,1463,09/29/2009
67,1241,01/06/2008
68,1547,05/15/2013
69,1305,10/27/2012
70,1392,11/12/2015
71,1574,07/22/2015
72,1324,04/28/2016
73,1312,06/04/2012
74,1556,01/10/2012
75,1355,11/16/2011
76,1551,07/26/2011
77,1490,08/11/2014
78,1712,05/22/2007
79,903,03/17/2007
80,1317,10/01/2006
81,1483,05/15/2014
82,1457,07/26/2012
83,1441,02/28/2008
84,1257,06/11/2006
85,1158,11/12/2016
86,1354,08/11/2015
87,1365,07/22/2016
88,1453,08/15/2011
89,1246,10/27/2013
90,1557,06/04/2013
91,1503,01/10/2013
92,1371,11/16/2012
93,1481,01/06/2009
94,1503,05/19/2010
95,1456,07/26/2013
96,1611,06/08/2010
97,1564,01/14/2010
98,1534,05/19/2011
99,1396,12/03/2010
100,1292,02/28/2009
101,1539,05/22/2008
102,1463,03/17/2008
103,1658,10/01/2007
104,1533,05/15/2015
105,1346,08/11/2016
106,1399,10/27/2014
107,1530,06/04/2014
108,1378,01/10/2014
109,1442,11/16/2013
110,1404,08/15/2012
111,1637,06/11/2007
112,802,11/23/2006
113,1562,06/08/2011
114,1325,01/14/2011
115,1618,04/04/2006
116,1501,08/15/2013
117,1186,11/16/2014
118,1347,07/26/2014
119,1342,05/19/2012
120,1231,12/03/2011
121,1338,10/27/2015
122,1402,06/04/2015
123,988,01/10/2015
124,1268,05/15/2016
125,1532,09/02/2010
126,1512,05/22/2009
127,1459,03/17/2009
128,1582,10/01/2008
129,1682,06/11/2008
130,1283,11/23/2007
131,1441,08/15/2014
132,1096,05/19/2013
133,1289,12/03/2012
134,1303,04/04/2007
135,1538,05/26/2006
136,1276,10/27/2016
137,1516,06/11/2009
138,1107,11/23/2008
139,1511,06/08/2012
140,1215,01/14/2012
141,1409,11/16/2015
142,1364,07/26/2015
143,1264,06/04/2016
144,1113,01/10/2016
145,1540,08/19/2010
146,1200,05/30/2010
147,1486,10/01/2009
148,1412,09/02/2011
149,1397,08/15/2015
150,1489,07/26/2016
151,1281,02/01/2010
152,1426,11/23/2009
153,1331,05/26/2007
154,1258,12/10/2006
155,1599,10/05/2006
156,1358,08/20/2006
157,1608,06/15/2006
158,1431,11/16/2016
159,1495,04/04/2008
160,1395,05/19/2014
161,1461,12/03/2013
162,1236,09/02/2012
163,1197,06/08/2013
164,1366,01/14/2013
165,1390,08/19/2011
166,1126,05/30/2011
167,1200,06/08/2014
168,1436,01/14/2014
169,1222,02/01/2011
170,1390,12/07/2010
171,1274,09/02/2013
172,1426,05/19/2015
173,1240,12/03/2014
174,1426,08/15/2016
175,1286,08/19/2012
176,1616,05/30/2012
177,1164,05/26/2008
178,1458,12/10/2007
179,1698,10/05/2007
180,1515,08/20/2007
181,1582,06/15/2007
182,1590,11/27/2006
183,1454,03/23/2010
184,1235,01/18/2010
185,1158,03/19/2006
186,1268,04/04/2009
187,1558,09/02/2014
188,1243,09/06/2010
189,1428,04/12/2010
190,1611,05/26/2009
191,1571,12/10/2008
192,1234,10/05/2008
193,1429,08/19/2013
194,1415,05/30/2013
195,1301,04/08/2006
196,1345,03/19/2007
197,1311,03/23/2011
198,1238,01/18/2011
199,1305,12/03/2015
200,1419,06/08/2015
201,1305,01/14/2015
202,1493,05/19/2016
203,1618,08/20/2008
204,1133,06/15/2008
205,1653,11/27/2007
206,1596,02/01/2012
207,1355,12/07/2011
208,1001,04/08/2007
209,1440,02/01/2013
210,1310,12/07/2012
211,1399,03/19/2008
212,1507,08/19/2014
213,1461,05/30/2014
214,1251,07/02/2006
215,1266,12/03/2016
216,1639,08/20/2009
217,1468,06/15/2009
218,768,11/27/2008
219,1532,03/23/2012
220,1417,01/18/2012
221,1252,09/06/2011
222,1381,04/12/2011
223,1499,09/02/2015
224,1332,06/08/2016
225,1353,01/14/2016
226,1319,05/01/2010
227,1485,12/10/2009
228,1418,10/05/2009
229,1554,07/02/2007
230,1542,12/14/2006
231,1691,08/24/2006
232,1602,06/19/2006
233,1517,03/30/2006
234,1367,09/02/2016
235,1135,05/01/2011
236,1224,03/23/2013
237,1361,01/18/2013
238,1416,09/06/2012
239,1339,04/12/2012
240,1332,02/01/2014
241,1316,12/07/2013
242,1561,08/19/2015
243,1401,05/30/2015
244,1488,03/19/2009
245,1574,06/23/2010
246,1526,02/05/2010
247,1256,11/27/2009
248,1530,04/08/2008
249,1560,08/24/2007
250,1749,06/19/2007
251,1517,03/30/2007
252,1671,09/13/2006
253,991,02/01/2015
254,1073,12/07/2014
255,1461,08/19/2016
256,1169,05/30/2016
257,1149,03/23/2014
258,1381,01/18/2014
259,1421,05/01/2012
260,1618,07/02/2008
261,1477,12/14/2007
262,1389,09/06/2013
263,1340,04/12/2013
264,1587,04/08/2009
265,1531,06/23/2011
266,1264,02/05/2011
267,1241,03/27/2010
268,1110,03/27/2011
269,1312,10/11/2010
270,1622,01/23/2006
271,1352,06/23/2012
272,1034,02/05/2012
273,1300,12/07/2015
274,1152,03/23/2015
275,995,01/18/2015
276,1250,02/01/2016
277,1500,05/01/2013
278,1407,10/07/2006
279,1406,09/06/2014
280,1338,04/12/2014
281,1306,08/24/2008
282,1612,06/19/2008
283,1107,03/30/2008
284,1624,09/13/2007
285,1521,04/16/2010
286,1473,07/02/2009
287,1109,12/14/2008
288,1376,10/07/2007
289,1249,06/23/2013
290,1343,02/05/2013
291,1419,05/01/2014
292,1133,04/16/2011
293,1557,01/23/2007
294,1520,11/29/2006
295,1609,07/06/2006
296,612,02/12/2006
297,1344,12/07/2016
298,1242,09/06/2015
299,1110,04/12/2015
300,1372,03/23/2016
301,1136,01/18/2016
302,1349,03/27/2012
303,1550,10/11/2011
304,1509,08/24/2009
305,1519,06/19/2009
306,1444,03/30/2009
307,1467,09/13/2008
308,1403,07/10/2010
309,1630,05/05/2010
310,1369,12/14/2009
311,1390,05/01/2015
312,1319,04/12/2016
313,1535,08/28/2006
314,1535,03/01/2006
315,1483,09/06/2016
316,1490,10/11/2012
317,1455,04/16/2012
318,1410,06/23/2014
319,1105,02/05/2014
320,1518,07/06/2007
321,1410,02/12/2007
322,1507,12/18/2006
323,1355,03/27/2013
324,1632,01/23/2008
325,1461,11/29/2007
326,1567,10/07/2008
327,1304,07/10/2011
328,1492,05/05/2011
329,1416,12/22/2010
330,1220,06/27/2010
331,1306,02/09/2010
332,1299,09/13/2009
333,1477,06/27/2011
334,1338,02/09/2011
335,1511,09/21/2010
336,1546,10/11/2013
337,1422,04/16/2013
338,1497,01/23/2009
339,1274,11/29/2008
340,1542,10/07/2009
341,1176,04/23/2006
342,1221,07/06/2008
343,1235,02/12/2008
344,1601,12/18/2007
345,1344,03/27/2014
346,1625,08/28/2007
347,1549,03/01/2007
348,1326,09/17/2006
349,1512,06/23/2015
350,1232,02/05/2015
351,1587,07/10/2012
352,1345,05/05/2012
353,1487,12/22/2011
354,1005,05/01/2016
355,1420,01/27/2006
356,1032,01/31/2010
357,1224,11/29/2009
358,1547,04/23/2007
359,1680,06/27/2012
360,1465,02/09/2012
361,1267,03/27/2015
362,1484,06/23/2016
363,1240,02/05/2016
364,1523,07/10/2013
365,1191,05/05/2013
366,1185,12/22/2012
367,1230,10/11/2014
368,1407,04/16/2014
369,1574,09/21/2011
370,1517,10/15/2010
371,1425,07/06/2009
372,1536,02/12/2009
373,1553,12/18/2008
374,1622,08/28/2008
375,1263,03/01/2008
376,1536,09/17/2007
377,1302,01/27/2007
378,1502,04/23/2008
379,1597,07/10/2014
380,1395,05/05/2014
381,1304,12/22/2013
382,1412,08/28/2009
383,1143,03/01/2009
384,1651,09/17/2008
385,1636,02/16/2006
386,1248,10/11/2015
387,1454,04/16/2015
388,999,03/27/2016
389,1168,01/31/2011
390,1359,11/04/2010
391,1514,06/27/2013
392,879,02/09/2013
393,1542,09/21/2012
394,1147,10/15/2011
395,1501,07/14/2010
396,1109,05/09/2010
397,1321,02/20/2010
398,1356,12/18/2009
399,1633,07/14/2011
400,1467,05/09/2011
401,1049,02/20/2011
402,568,12/26/2010
403,1474,06/27/2014
404,1112,02/09/2014
405,1416,09/21/2013
406,1374,10/15/2012
407,1327,02/16/2007
408,1331,07/10/2015
409,1411,05/05/2015
410,1066,12/22/2014
411,1291,04/16/2016
412,1203,01/27/2008
413,1695,05/10/2006
414,1160,03/05/2006
415,1357,10/11/2016
416,1543,01/31/2012
417,1458,11/04/2011
418,1508,04/23/2009
419,1446,08/03/2010
420,1705,09/17/2009
421,1470,08/03/2011
422,1407,09/25/2010
423,1284,12/22/2015
424,1262,06/27/2015
425,1084,02/09/2015
426,1166,07/10/2016
427,1352,05/05/2016
428,1635,05/10/2007
429,1394,03/05/2007
430,1302,10/22/2006
431,1291,09/21/2014
432,1372,02/16/2008
433,1442,01/27/2009
434,1514,10/15/2013
435,1431,01/31/2013
436,1032,11/04/2012
437,1496,07/14/2012
438,1568,05/09/2012
439,1147,02/20/2012
440,1019,12/26/2011
441,1588,04/27/2006
442,1360,05/10/2008
443,1566,03/05/2008
444,1637,10/22/2007
445,1343,11/04/2013
446,1298,07/14/2013
447,1417,05/09/2013
448,1340,02/20/2013
449,1060,12/26/2012
450,1469,07/21/2006
451,1355,12/22/2016
452,1560,08/03/2012
453,1294,09/25/2011
454,1479,04/27/2007
455,1396,11/11/2006
456,1588,10/15/2014
457,1367,01/31/2014
458,1438,09/21/2015
459,1471,06/27/2016
460,1285,02/09/2016
461,1562,10/19/2010
462,1164,02/16/2009
463,1087,01/02/2010
464,1404,07/21/2007
465,985,01/02/2011
466,1314,11/08/2010
467,1556,09/25/2012
468,1409,10/19/2011
469,1679,08/10/2006
470,1392,09/21/2016
471,1188,04/27/2008
472,1305,11/11/2007
473,1530,10/15/2015
474,1062,01/31/2015
475,1428,11/04/2014
476,1146,05/10/2009
477,1493,03/05/2009
478,1478,10/22/2008
479,1397,07/14/2014
480,1478,05/09/2014
481,1379,02/20/2014
482,1228,12/26/2013
483,1427,08/03/2013
484,1276,07/18/2010
485,1479,02/24/2010
486,1371,08/07/2010
487,1027,03/13/2010
488,1577,10/22/2009
489,1565,11/04/2015
490,1392,07/14/2015
491,1266,05/09/2015
492,1103,02/20/2015
493,978,12/26/2014
494,1122,01/31/2016
495,1204,05/14/2006
496,1563,03/09/2006
497,1273,10/15/2016
498,1423,08/10/2007
499,1390,07/18/2011
500,1328,02/24/2011
501,1528,07/21/2008
502,1444,04/27/2009
503,1379,11/11/2008
504,1577,09/25/2013
505,1524,10/19/2012
506,1280,08/03/2014
507,1085,01/02/2012
508,1421,11/08/2011
509,1310,09/25/2014
510,1122,12/26/2015
511,1500,08/03/2015
512,1455,07/14/2016
513,1427,05/09/2016
514,1217,02/20/2016
515,1684,05/14/2007
516,1493,03/09/2007
517,1629,10/26/2006
518,1304,10/19/2013
519,1299,01/02/2013
520,1048,11/08/2012
521,1322,08/10/2008
522,1289,06/03/2006
523,1420,11/04/2016
524,1518,07/21/2009
525,1543,07/18/2012
526,1261,02/24/2012
527,1477,11/11/2009
528,1234,08/07/2011
529,1171,03/13/2011
530,1253,10/30/2010
531,1640,09/29/2010
532,1668,05/14/2008
533,1195,03/09/2008
534,1522,10/26/2007
535,1234,06/03/2007
536,1582,11/15/2006
537,1715,07/25/2006
538,1027,12/26/2016
539,1441,08/10/2009
540,1485,07/18/2013
541,1181,02/24/2013
542,1385,09/29/2011
543,1275,10/19/2014
544,1206,01/02/2014
545,1437,11/08/2013
546,1277,09/25/2015
547,1427,08/03/2016
548,1549,08/07/2012
549,1552,03/13/2012
550,992,10/30/2011
551,1498,01/06/2010
552,1326,11/08/2014
553,1443,07/18/2014
554,1252,02/24/2014
555,1464,05/14/2009
556,1415,03/09/2009
557,1231,10/26/2008
558,1492,01/06/2011
559,1756,07/25/2007
560,1686,08/14/2006
561,1477,08/07/2013
562,1506,03/13/2013
563,670,10/30/2012
564,1725,06/03/2008
565,1523,11/15/2007
566,1199,09/25/2016
567,1293,10/19/2015
568,1009,01/02/2015
569,1425,09/29/2012
570,972,02/28/2010
571,1590,07/25/2008
572,1673,08/14/2007
573,1457,01/06/2012
574,1279,02/28/2011
575,1591,05/18/2006
576,1525,10/19/2016
577,1533,06/03/2009
578,1300,11/15/2008
579,1136,11/08/2015
580,1324,07/18/2015
581,1094,02/24/2015
582,1072,01/02/2016
583,1559,10/30/2013
584,1336,09/29/2013
585,1477,08/07/2014
586,1333,03/13/2014
587,1412,05/22/2010
588,1546,03/17/2010
589,1492,10/26/2009
590,1466,02/28/2012
591,1425,06/07/2006
592,1617,01/13/2006
593,1265,11/08/2016
594,1509,08/07/2015
595,1290,03/13/2015
596,1409,07/18/2016
597,1202,02/24/2016
598,1517,08/14/2008
599,1612,05/18/2007
600,1358,12/02/2006
601,1414,10/30/2014
602,1495,09/29/2014
603,1142,01/06/2013
604,1365,07/25/2009
605,1173,05/22/2011
606,1455,03/17/2011
607,1408,10/01/2010
608,1560,06/11/2010
609,1223,11/15/2009
610,1259,01/06/2014
611,1409,02/28/2013
612,1597,06/07/2007
613,1390,01/13/2007
614,1216,11/19/2006
615,1611,05/22/2012
616,1325,03/17/2012
617,1307,10/30/2015
618,1415,09/29/2015
619,1256,08/07/2016
620,1132,03/13/2016
621,1605,08/14/2009
622,1253,10/01/2011
623,1287,06/11/2011
624,1520,11/23/2010
625,1501,09/01/2006
626,1396,07/29/2006
627,1313,05/18/2008
628,1080,12/02/2007
629,1587,05/22/2013
630,1175,03/17/2013
631,1050,04/04/2010
632,1276,02/28/2014
633,1327,10/01/2012
634,1466,06/11/2012
635,1372,11/23/2011
636,1325,06/07/2008
637,1274,01/13/2008
638,1368,11/19/2007
639,1326,07/29/2007
640,1059,01/06/2015
641,1408,09/01/2007
642,1443,05/18/2009
643,1658,12/02/2008
644,1545,08/18/2006
645,1234,10/30/2016
646,1325,09/29/2016
647,1122,02/28/2015
648,1320,01/06/2016
649,1556,05/26/2010
650,1540,12/02/2009
651,1791,07/29/2008
652,1349,04/04/2011
653,1491,05/22/2014
654,1255,03/17/2014
655,1381,08/18/2007
656,1503,10/01/2013
657,1409,06/11/2013
658,1197,11/23/2012
659,1236,06/07/2009
660,1612,01/13/2009
661,1538,11/19/2008
662,1238,09/01/2008
663,1445,10/01/2014
664,1571,06/11/2014
665,1415,11/23/2013
666,1614,03/22/2006
667,1480,01/17/2006
668,1548,12/06/2006
669,1606,09/01/2009
670,1507,07/29/2009
671,1558,08/18/2008
672,1512,05/26/2011
673,1353,12/10/2010
674,1527,10/05/2010
675,1583,04/04/2012
676,1415,05/22/2015
677,1342,03/17/2015
678,1047,02/28/2016
679,1498,08/20/2010
680,1516,06/15/2010
681,1556,11/19/2009
682,1394,05/26/2012
683,1340,12/10/2011
684,1511,10/05/2011
685,1333,10/01/2015
686,1486,06/11/2015
687,1214,05/22/2016
688,1298,03/17/2016
689,1204,11/23/2014
690,1549,09/05/2006
691,1574,04/11/2006
692,1463,12/06/2007
693,1581,03/22/2007
694,1435,01/17/2007
695,1481,03/19/2010
696,1501,08/18/2009
697,1322,04/04/2013
698,1360,08/20/2011
699,1650,06/15/2011
700,1292,11/27/2010
701,1176,10/01/2016
702,1332,03/19/2011
703,1601,10/05/2012
704,1490,08/20/2012
705,1559,06/15/2012
706,1285,11/27/2011
707,1415,04/04/2014
708,1295,12/06/2008
709,1266,11/23/2015
710,1306,06/11/2016
711,1689,09/05/2007
712,1568,04/11/2007
713,1394,03/22/2008
714,1543,01/17/2008
715,1132,05/26/2013
716,1406,12/10/2012
717,1588,04/08/2010
718,1147,05/26/2014
719,1378,12/10/2013
720,1455,10/05/2013
721,1492,04/08/2011
722,1170,03/22/2009
723,1248,01/17/2009
724,1622,09/05/2008
725,1423,07/02/2010
726,1097,12/06/2009
727,1742,06/22/2006
728,1335,02/04/2006
729,1209,11/23/2016
730,1469,08/20/2013
731,1430,06/15/2013
732,1228,11/27/2012
733,1421,03/19/2012
734,1218,04/04/2015
735,1601,04/11/2008
736,1519,05/26/2015
737,1251,12/10/2014
738,1226,04/04/2016
739,1240,03/19/2013
740,1228,03/26/2006
741,1450,08/24/2010
742,1429,06/19/2010
743,1128,03/30/2010
744,1003,04/08/2012
745,1431,09/05/2009
746,1206,04/11/2009
747,1272,10/05/2014
748,1645,08/20/2014
749,1229,06/15/2014
750,1229,11/27/2013
751,1237,07/02/2011
752,1300,12/14/2010
753,1476,06/22/2007
754,1018,02/04/2007
755,1539,03/26/2007
756,1652,10/10/2006
757,1383,12/10/2015
758,1357,10/05/2015
759,1456,08/20/2015
760,1427,06/15/2015
761,662,11/27/2014
762,1457,05/26/2016
763,1399,09/09/2006
764,1305,04/15/2006
765,1281,04/08/2013
766,1332,09/13/2010
767,1362,03/19/2014
768,1437,07/02/2012
769,1433,12/14/2011
770,1566,08/24/2011
771,1291,06/19/2011
772,1455,03/30/2011
773,1275,06/22/2008
774,1419,02/04/2008
775,946,04/15/2007
776,1436,01/23/2010
777,1507,07/02/2013
778,1404,12/14/2012
779,1614,03/26/2008
780,1750,10/10/2007
781,1445,09/09/2007
782,1627,06/22/2009
783,1370,02/04/2009
784,1575,08/24/2012
785,1569,06/19/2012
786,1417,03/30/2012
787,1426,09/13/2011
788,1601,10/07/2010
789,1458,04/08/2014
790,1240,11/27/2015
791,1320,03/19/2015
792,1317,08/20/2016
793,1543,06/15/2016
794,1607,05/04/2006
795,1188,12/10/2016
796,1399,10/05/2016
797,1565,05/04/2007
798,1510,12/21/2006
799,1560,08/31/2006
800,1564,04/15/2008
801,1027,01/23/2011
802,1402,11/29/2010
803,1655,06/26/2006
804,1547,02/08/2006
805,1076,11/27/2016
806,1370,07/02/2014
807,1103,12/14/2013
808,1501,07/06/2010
809,1306,02/12/2010
810,1428,08/24/2013
811,1473,06/19/2013
812,1221,03/30/2013
813,1463,09/13/2012
814,1445,10/07/2011
815,1429,03/26/2009
816,1464,09/09/2008
817,1684,10/10/2008
818,1378,04/08/2015
819,1275,03/19/2016
820,1386,08/24/2014
821,1581,06/19/2014
822,1034,03/30/2014
823,1183,10/07/2012
824,1425,01/23/2012
825,1503,11/29/2011
826,1309,08/28/2010
827,1281,03/01/2010
828,1390,10/10/2009
829,1463,09/09/2009
830,1186,05/04/2008
831,1588,12/21/2007
832,1511,07/06/2011
833,1353,02/12/2011
834,1308,12/18/2010
835,1372,07/02/2015
836,1203,12/14/2014
837,1383,04/08/2016
838,1585,08/31/2007
839,1715,06/26/2007
840,1448,02/08/2007
841,1735,09/20/2006
842,1474,09/13/2013
843,1305,04/15/2009
844,1581,04/19/2006
845,1557,01/30/2006
846,1457,07/06/2012
847,1049,02/12/2012
848,1014,12/18/2011
849,1279,05/04/2009
850,1062,12/21/2008
851,1249,08/31/2008
852,664,08/28/2011
853,1419,03/01/2011
854,1503,09/17/2010
855,1304,10/14/2006
856,1282,09/13/2014
857,1424,10/07/2013
858,1656,06/26/2008
859,1563,02/08/2008
860,1641,09/20/2007
861,1320,12/14/2015
862,1510,08/24/2015
863,1433,06/19/2015
864,1270,03/30/2015
865,1248,07/02/2016
866,1585,04/23/2010
867,1172,01/23/2013
868,1438,11/29/2012
869,1470,08/28/2012
870,1371,03/01/2012
871,1683,04/19/2007
872,1412,01/30/2007
873,1481,11/03/2006
874,1510,10/07/2014
875,1164,01/23/2014
876,1311,11/29/2013
877,1250,09/17/2011
878,1246,04/23/2011
879,1191,09/13/2015
880,1518,08/24/2016
881,1154,06/19/2016
882,1351,03/30/2016
883,1274,10/14/2007
884,1429,08/31/2009
885,1505,06/26/2009
886,1076,02/08/2009
887,1422,09/20/2008
888,1304,07/06/2013
889,1493,02/12/2013
890,1361,12/18/2012
891,1684,07/13/2006
892,1587,05/08/2006
893,1411,12/14/2016
894,1501,01/27/2010
895,1139,12/21/2009
896,1436,09/17/2012
897,1404,04/23/2012
898,1120,02/16/2010
899,1197,09/20/2009
900,1310,04/19/2008
901,1454,01/30/2008
902,1356,11/03/2007
903,1465,08/28/2013
904,1343,03/01/2013
905,1657,10/14/2008
906,1545,08/02/2006
907,1357,09/13/2016
908,1311,07/06/2014
909,1358,02/12/2014
910,1347,12/18/2013
911,1505,10/07/2015
912,1334,01/23/2015
913,1145,11/29/2014
914,1590,07/13/2007
915,1597,05/08/2007
916,706,12/25/2006
917,864,01/27/2011
918,1710,08/02/2007
919,1431,09/24/2006
920,1128,04/19/2009
921,1431,01/30/2009
922,1375,11/03/2008
923,1409,05/10/2010
924,1519,03/05/2010
925,1616,10/14/2009
926,1526,08/28/2014
927,1292,03/01/2014
928,1242,07/13/2008
929,1624,05/08/2008
930,817,12/25/2007
931,1122,11/29/2015
932,1370,07/06/2015
933,1295,02/12/2015
934,1315,12/18/2014
935,569,01/23/2016
936,1537,02/16/2011
937,1459,09/17/2013
938,1353,04/23/2013
939,1493,01/27/2012
940,1238,04/30/2006
941,1361,10/07/2016
942,1445,08/02/2008
943,1554,09/24/2007
944,1376,01/01/2006
945,1223,11/29/2016
946,1643,05/10/2011
947,1369,03/05/2011
948,1555,10/22/2010
949,1325,12/18/2015
950,1522,08/28/2015
951,914,03/01/2015
952,1423,07/06/2016
953,1246,02/12/2016
954,1618,04/30/2007
955,1683,10/18/2006
956,1584,04/27/2010
957,1367,11/03/2009
958,1565,09/17/2014
959,1525,04/23/2014
960,1483,07/13/2009
961,1620,05/08/2009
962,714,12/25/2008
963,1477,02/16/2012
964,1068,01/27/2013
965,1248,01/27/2014
966,1475,04/27/2011
967,1423,11/11/2010
968,1506,07/17/2006
969,1467,02/23/2006
970,1074,12/18/2016
971,1340,08/28/2016
972,1307,02/16/2013
973,1233,08/02/2009
974,1644,09/24/2008
975,1577,05/10/2012
976,1339,03/05/2012
977,1368,10/22/2011
978,1545,07/21/2010
979,695,12/25/2009
980,1448,09/17/2015
981,1362,04/23/2015
982,1279,03/01/2016
983,1377,01/01/2007
984,1440,11/07/2006
985,1472,04/30/2008
986,1716,10/18/2007
987,741,01/27/2015
988,1326,04/23/2016
989,1530,05/10/2013
990,1359,03/05/2013
991,1409,10/22/2012
992,1706,07/17/2007
993,1329,02/23/2007
994,1450,12/29/2006
995,1284,08/06/2006
996,1174,03/12/2006
997,1284,09/17/2016
998,1552,04/30/2009
999,1384,10/18/2008
1000,1553,08/10/2010
1001,1596,09/24/2009
1002,1527,07/21/2011
1003,1011,02/16/2014
1004,1439,01/01/2008
1005,1581,11/07/2007
1006,1546,04/27/2012
1007,1344,11/11/2011
1008,1578,08/06/2007
1009,1503,03/12/2007
1010,1734,09/28/2006
1011,1635,07/17/2008
1012,1227,02/23/2008
1013,1329,12/29/2007
1014,1553,08/10/2011
1015,1350,07/21/2012
1016,1465,10/22/2013
1017,1364,04/27/2013
1018,1066,11/11/2012
1019,1223,01/01/2009
1020,1577,11/07/2008
1021,1375,05/10/2014
1022,1394,03/05/2014
1023,997,02/16/2015
1024,1337,01/27/2016
1025,1593,05/14/2010
1026,1542,03/09/2010
1027,1123,10/18/2009
1028,1308,05/14/2011
1029,1483,03/09/2011
1030,1653,10/26/2010
1031,1337,10/22/2014
1032,1252,04/27/2014
1033,1201,11/11/2013
1034,1535,07/17/2009
1035,1264,02/23/2009
1036,1365,12/29/2008
1037,1486,08/10/2012
1038,1581,08/06/2008
1039,1639,03/12/2008
1040,1679,09/28/2007
1041,1666,01/05/2006
1042,1143,05/10/2015
1043,1029,03/05/2015
1044,1121,02/16/2016
1045,1352,07/21/2013
1046,1599,06/03/2010
1047,1362,11/07/2009
1048,1243,07/25/2010
1049,1340,12/29/2009
1050,1411,10/22/2015
1051,1347,04/27/2015
1052,1369,11/11/2014
1053,1440,05/10/2016
1054,1174,03/05/2016
1055,1687,01/05/2007
1056,1552,08/06/2009
1057,1548,03/12/2009
1058,1290,09/28/2008
1059,1347,02/27/2006
1060,1439,07/21/2014
1061,1351,08/10/2013
1062,1370,05/14/2012
1063,1475,03/09/2012
1064,1517,10/26/2011
1065,1536,06/03/2011
1066,1444,11/15/2010
1067,1422,05/14/2013
1068,1309,03/09/2013
1069,1441,10/26/2012
1070,1299,06/03/2012
1071,1474,11/15/2011
1072,1257,05/21/2006
1073,1537,03/16/2006
1074,1319,10/22/2016
1075,1429,08/14/2010
1076,1362,09/28/2009
1077,1390,11/11/2015
1078,1537,07/21/2015
1079,1279,04/27/2016
1080,1508,02/27/2007
1081,1456,07/25/2011
1082,1439,01/05/2008
1083,1374,08/10/2014
1084,1534,05/14/2014
1085,1107,03/09/2014
1086,1316,10/26/2013
1087,1616,05/21/2007
1088,1171,03/16/2007
1089,1413,01/05/2009
1090,1447,08/10/2015
1091,1454,07/21/2016
1092,1367,05/18/2010
1093,1301,06/10/2006
1094,1203,11/11/2016
1095,1650,07/25/2012
1096,1520,02/27/2008
1097,1372,06/03/2013
1098,1389,11/15/2012
1099,950,08/14/2011
1100,1340,10/26/2014
1101,1495,06/03/2014
1102,1517,11/15/2013
1103,1576,02/27/2009
1104,1550,01/09/2006
1105,1550,08/14/2012
1106,1642,05/21/2008
1107,1158,03/16/2008
1108,1480,05/18/2011
1109,1484,12/02/2010
1110,1442,05/14/2015
1111,1333,03/09/2015
1112,1453,08/10/2016
1113,1322,06/10/2007
1114,1416,11/22/2006
1115,1469,06/07/2010
1116,1439,01/13/2010
1117,1615,07/25/2013
1118,1207,11/15/2014
1119,1489,07/25/2014
1120,1544,09/01/2010
1121,1633,07/29/2010
1122,1584,05/18/2012
1123,1459,12/02/2011
1124,1307,10/26/2015
1125,1439,06/03/2015
1126,1388,05/14/2016
1127,1412,03/09/2016
1128,1596,01/09/2007
1129,1623,06/07/2011
1130,1262,01/13/2011
1131,1518,11/19/2010
1132,1564,05/21/2009
1133,1412,03/16/2009
1134,1658,08/14/2013
1135,1501,06/10/2008
1136,831,11/22/2007
1137,1423,04/03/2006
1138,1685,05/25/2006
1139,1340,10/26/2016
1140,1607,01/09/2008
1141,1617,08/14/2014
1142,1493,09/01/2011
1143,1415,07/29/2011
1144,1254,05/18/2013
1145,1189,12/02/2012
1146,1422,04/03/2007
1147,1487,06/07/2012
1148,1453,01/13/2012
1149,1368,11/19/2011
1150,1544,06/10/2009
1151,1245,11/22/2008
1152,1126,11/15/2015
1153,1427,07/25/2015
1154,1401,06/03/2016
1155,1550,08/18/2010
1156,1584,05/25/2007
1157,1654,10/04/2006
1158,1239,06/07/2013
1159,1216,01/13/2013
1160,1317,11/19/2012
1161,1170,11/22/2009
1162,1430,08/18/2011
1163,1584,08/14/2015
1164,1308,07/25/2016
1165,1710,06/14/2006
1166,1592,01/20/2006
1167,1209,11/15/2016
1168,1494,01/09/2009
1169,1348,09/01/2012
1170,1260,07/29/2012
1171,1522,04/03/2008
1172,1373,05/18/2014
1173,1389,12/02/2013
1174,1711,06/14/2007
1175,1281,01/20/2007
1176,1250,11/26/2006
1177,1277,12/06/2010
1178,1305,03/18/2006
1179,1326,08/18/2012
1180,1217,03/22/2010
1181,1142,01/17/2010
1182,1438,04/03/2009
1183,1283,06/07/2014
1184,1423,01/13/2014
1185,1386,11/19/2013
1186,1328,09/01/2013
1187,1419,07/29/2013
1188,1493,05/18/2015
1189,1263,12/02/2014
1190,1195,05/25/2008
1191,1679,10/04/2007
1192,1244,08/14/2016
1193,1412,06/14/2008
1194,1221,01/20/2008
1195,1451,11/26/2007
1196,1248,11/19/2014
1197,1291,09/01/2014
1198,1603,07/29/2014
1199,1184,05/25/2009
1200,1340,10/04/2008
1201,1328,08/18/2013
1202,1374,12/06/2011
1203,1326,12/02/2015
1204,1195,06/07/2015
1205,1344,01/13/2015
1206,1586,05/18/2016
1207,1133,03/18/2007
1208,1332,09/05/2010
1209,1256,04/11/2010
1210,1536,03/22/2011
1211,1110,01/17/2011
1212,1559,04/07/2006
1213,1532,03/18/2008
1214,1331,11/19/2015
1215,1524,09/01/2015
1216,1578,07/29/2015
1217,1449,06/07/2016
1218,1257,01/13/2016
1219,1434,08/18/2014
1220,1369,07/01/2006
1221,1215,05/29/2006
1222,1358,12/02/2016
1223,1280,04/07/2007
1224,1351,10/04/2009
1225,1555,03/22/2012
1226,1439,01/17/2012
1227,1230,06/14/2009
1228,1391,01/20/2009
1229,1446,11/26/2008
1230,1220,09/05/2011
1231,1436,04/11/2011
1232,1325,12/06/2012
1233,1329,07/01/2007
1234,1903,05/29/2007
1235,1480,12/13/2006
1236,1476,04/07/2008
1237,1464,09/05/2012
1238,1380,04/11/2012
1239,1468,12/06/2013
1240,1575,03/18/2009
1241,1328,03/22/2013
1242,1478,01/17/2013
1243,1617,08/23/2006
1244,1208,06/18/2006
1245,1274,11/19/2016
1246,1243,09/01/2016
1247,1505,08/18/2015
1248,1289,07/29/2016
1249,1553,06/22/2010
1250,1402,02/04/2010
1251,757,11/26/2009
1252,1640,08/23/2007
1253,1667,06/18/2007
1254,1453,09/12/2006
1255,1560,03/26/2010
1256,1529,09/05/2013
1257,1479,04/11/2013
1258,1553,06/22/2011
1259,1329,02/04/2011
1260,1518,04/07/2009
1261,1423,03/22/2014
1262,1487,01/17/2014
1263,1075,12/06/2014
1264,1453,08/18/2016
1265,1609,07/01/2008
1266,1560,05/29/2008
1267,1318,12/13/2007
1268,1343,08/23/2008
1269,1598,06/18/2008
1270,1760,09/12/2007
1271,1611,07/01/2009
1272,1573,05/29/2009
1273,1316,12/13/2008
1274,1191,03/26/2011
1275,1234,10/10/2010
1276,1612,09/09/2010
1277,1486,04/15/2010
1278,1189,01/22/2006
1279,1527,09/05/2014
1280,1469,04/11/2014
1281,1543,10/06/2006
1282,1148,12/06/2015
1283,1142,03/22/2015
1284,1157,01/17/2015
1285,1441,06/22/2012
1286,1388,02/04/2012
1287,1405,06/22/2013
1288,1193,02/04/2013
1289,1380,09/05/2015
1290,1208,04/11/2015
1291,1327,03/22/2016
1292,1180,01/17/2016
1293,1464,10/06/2007
1294,1428,01/22/2007
1295,1632,11/28/2006
1296,1366,03/26/2012
1297,1291,10/10/2011
1298,1594,05/04/2010
1299,1084,12/13/2009
1300,1315,08/23/2009
1301,1324,06/18/2009
1302,1547,09/12/2008
1303,1803,07/05/2006
1304,1284,02/11/2006
1305,1340,12/06/2016
1306,1377,09/09/2011
1307,1483,04/15/2011
1308,1702,07/05/2007
1309,1137,02/11/2007
1310,1214,12/17/2006
1311,1134,08/27/2006
1312,1392,05/04/2011
1313,1356,12/21/2010
1314,1232,09/05/2016
1315,1417,04/11/2016
1316,1486,08/31/2010
1317,1455,06/26/2010
1318,1239,02/08/2010
1319,1358,09/12/2009
1320,1503,01/22/2008
1321,1481,11/28/2007
1322,1511,10/10/2012
1323,1249,09/09/2012
1324,1256,04/15/2012
1325,1421,10/06/2008
1326,1261,06/22/2014
1327,1300,02/04/2014
1328,1380,03/26/2013
1329,1673,10/06/2009
1330,1672,08/27/2007
1331,1385,09/16/2006
1332,1485,01/22/2009
1333,1368,11/28/2008
1334,1157,04/22/2006
1335,1365,07/05/2008
1336,1199,02/11/2008
1337,1398,12/17/2007
1338,1479,08/31/2011
1339,1286,06/26/2011
1340,1377,02/08/2011
1341,1433,09/20/2010
1342,1387,03/26/2014
1343,1496,10/10/2013
1344,1355,09/09/2013
1345,1324,04/15/2013
1346,1471,06/22/2015
1347,1270,02/04/2015
1348,1536,05/04/2012
1349,1464,12/21/2011
1350,1256,05/04/2013
1351,1310,12/21/2012
1352,1452,04/19/2010
1353,1150,01/30/2010
1354,1251,11/28/2009
1355,1438,08/31/2012
1356,1427,06/26/2012
1357,1471,02/08/2012
1358,1300,07/05/2009
1359,1595,02/11/2009
1360,1454,12/17/2008
1361,1574,08/27/2008
1362,1286,03/26/2015
1363,1513,06/22/2016
1364,1425,02/04/2016
1365,1291,04/22/2007
1366,1375,10/10/2014
1367,1430,09/09/2014
1368,1248,04/15/2014
1369,1470,09/20/2011
1370,1574,10/14/2010
1371,1507,01/26/2006
1372,1351,09/16/2007
1373,1226,05/04/2014
1374,1376,12/21/2013
1375,1297,07/09/2006
1376,1550,02/15/2006
1377,1555,04/22/2008
1378,1229,01/26/2007
1379,1433,07/13/2010
1380,1352,05/08/2010
1381,1294,12/17/2009
1382,1387,08/31/2013
1383,1561,06/26/2013
1384,1041,02/08/2013
1385,1339,04/19/2011
1386,1022,01/30/2011
1387,1558,11/03/2010
1388,1225,10/10/2015
1389,1490,09/09/2015
1390,1582,04/15/2015
1391,1232,03/26/2016
1392,1513,09/20/2012
1393,1376,10/14/2011
1394,1674,08/27/2009
1395,1633,09/16/2008
1396,1335,01/26/2008
1397,1591,09/20/2013
1398,1214,10/14/2012
1399,1569,07/13/2011
1400,1036,05/08/2011
1401,677,12/25/2010
1402,1263,03/04/2006
1403,1202,10/10/2016
1404,1407,09/09/2016
1405,1187,08/31/2014
1406,1449,06/26/2014
1407,1230,02/08/2014
1408,1251,05/04/2015
1409,911,12/21/2014
1410,1473,04/15/2016
1411,1538,04/19/2012
1412,1307,01/30/2012
1413,1509,11/03/2011
1414,1557,04/22/2009
1415,1505,07/09/2007
1416,1188,02/15/2007
1417,1449,08/02/2010
1418,1619,09/16/2009
1419,1536,07/13/2012
1420,1628,05/08/2012
1421,675,12/25/2011
1422,1495,08/02/2011
1423,1657,09/24/2010
1424,1250,03/04/2007
1425,1367,10/21/2006
1426,1370,12/21/2015
1427,1378,08/31/2015
1428,1466,06/26/2015
1429,1053,02/08/2015
1430,1429,05/04/2016
1431,1546,04/26/2006
1432,1304,01/26/2009
1433,1603,04/30/2010
1434,1509,09/20/2014
1435,1586,07/09/2008
1436,1593,02/15/2008
1437,1280,10/14/2013
1438,1425,04/19/2013
1439,1394,01/30/2013
1440,916,11/03/2012
1441,1585,10/14/2014
1442,1267,04/19/2014
1443,1296,01/30/2014
1444,1497,03/04/2008
1445,1450,10/21/2007
1446,1308,09/24/2011
1447,1272,04/30/2011
1448,1424,10/18/2010
1449,1662,04/26/2007
1450,1586,11/10/2006
1451,1199,11/03/2013
1452,1256,07/13/2013
1453,1370,05/08/2013
1454,718,12/25/2012
1455,1556,07/09/2009
1456,1090,02/15/2009
1457,1427,01/01/2010
1458,1376,09/20/2015
1459,1458,08/31/2016
1460,1238,06/26/2016
1461,1161,02/08/2016
1462,1703,07/20/2006
1463,1416,12/21/2016
1464,1550,08/02/2012
1465,1297,11/03/2014
1466,1300,07/13/2014
1467,1426,05/08/2014
1468,805,12/25/2013
1469,1377,09/24/2012
1470,1519,04/30/2012
1471,1519,10/18/2011
1472,1065,02/19/2006
1473,1428,09/20/2016
1474,1378,03/04/2009
1475,1615,10/21/2008
1476,1489,10/14/2015
1477,1216,04/19/2015
1478,1159,01/30/2015
1479,1389,07/17/2010
1480,1256,02/23/2010
1481,1301,04/26/2008
1482,1304,11/10/2007
1483,1376,01/01/2011
1484,1181,11/07/2010
1485,1663,07/20/2007
1486,1456,08/02/2013
1487,1320,07/17/2011
1488,1318,02/23/2011
1489,1083,12/29/2010
1490,1323,11/03/2015
1491,1489,07/13/2015
1492,1312,05/08/2015
1493,700,12/25/2014
1494,1373,04/19/2016
1495,1282,01/30/2016
1496,1519,09/24/2013
1497,1458,04/30/2013
1498,1543,10/18/2012
1499,1137,02/19/2007
1500,1359,08/02/2014
1501,1270,04/26/2009
1502,1435,11/10/2008
1503,1572,08/06/2010
1504,1345,03/12/2010
1505,1711,10/21/2009
1506,1301,07/20/2008
1507,1309,05/13/2006
1508,1583,03/08/2006
1509,1342,10/14/2016
1510,1312,01/01/2012
1511,1472,11/07/2011
1512,1141,05/13/2007
1513,1436,03/08/2007
1514,1593,10/25/2006
1515,1466,09/24/2014
1516,1098,04/30/2014
1517,1504,07/17/2012
1518,1346,02/23/2012
1519,1330,12/29/2011
1520,1552,07/20/2009
1521,1432,10/18/2013
1522,1395,01/01/2013
1523,846,11/07/2012
1524,1452,06/02/2006
1525,1418,11/03/2016
1526,1626,11/10/2009
1527,1478,02/19/2008
1528,797,12/25/2015
1529,1313,08/02/2015
1530,1446,07/13/2016
1531,1107,05/08/2016
1532,1300,08/06/2011
1533,1419,03/12/2011
1534,1597,09/28/2010
1535,1512,07/17/2013
1536,1250,02/23/2013
1537,1222,12/29/2012
1538,1404,02/19/2009
1539,1642,07/24/2006
1540,764,12/25/2016
1541,1451,01/05/2010
1542,1521,09/28/2011
1543,1393,06/02/2007
1544,1646,11/14/2006
1545,1331,09/24/2015
1546,1474,04/30/2015
1547,1360,08/02/2016
1548,1457,08/06/2012
1549,1422,03/12/2012
1550,1606,05/13/2008
1551,1249,03/08/2008
1552,1633,10/25/2007
1553,1576,10/18/2014
1554,1501,01/01/2014
1555,1441,11/07/2013
1556,1732,07/24/2007
1557,1470,09/28/2012
1558,1457,08/06/2013
1559,1301,03/12/2013
1560,1600,06/02/2008
1561,1588,11/14/2007
1562,1242,08/13/2006
1563,1264,09/24/2016
1564,1409,11/07/2014
1565,1451,07/17/2014
1566,1240,02/23/2014
1567,1125,12/29/2013
1568,1723,05/13/2009
1569,1167,03/08/2009
1570,1403,10/25/2008
1571,1098,10/18/2015
1572,1040,01/01/2015
1573,1197,04/30/2016
1574,1178,02/27/2010
1575,1462,01/05/2011
1576,1597,08/13/2007
1577,1314,11/07/2015
1578,1404,07/17/2015
1579,1155,02/23/2015
1580,1141,12/29/2014
1581,1351,01/01/2016
1582,1505,08/06/2014
1583,1399,03/12/2014
1584,1557,06/02/2009
1585,1533,11/14/2008
1586,1639,05/17/2006
1587,1553,10/18/2016
1588,1640,05/21/2010
1589,1523,03/16/2010
1590,1281,10/25/2009
1591,1188,02/27/2011
1592,1425,01/05/2012
1593,1649,07/24/2008
1594,1436,09/28/2013
1595,1315,09/28/2014
1596,1221,12/29/2015
1597,1639,08/06/2015
1598,1403,03/12/2015
1599,1198,07/17/2016
1600,1171,02/23/2016
1601,1448,07/24/2009
1602,1578,06/10/2010
1603,1230,11/14/2009
1604,1682,05/17/2007
1605,1491,12/01/2006
1606,1354,10/29/2006
1607,1366,05/21/2011
1608,1437,03/16/2011
1609,1267,01/05/2013
1610,1599,06/06/2006
1611,1660,01/12/2006
1612,1257,11/07/2016
1613,1358,02/27/2012
1614,1621,08/13/2008
1615,956,01/05/2014
1616,1250,01/09/2010
1617,1477,06/10/2011
1618,1397,11/22/2010
1619,1737,06/06/2007
1620,1565,01/12/2007
1621,1293,11/18/2006
1622,1359,05/17/2008
1623,1282,12/01/2007
1624,1442,10/29/2007
1625,1376,09/28/2015
1626,1238,08/06/2016
1627,1239,03/12/2016
1628,1307,05/21/2012
1629,1414,03/16/2012
1630,1625,08/13/2009
1631,1342,02/27/2013
1632,1598,07/28/2006
1633,1183,12/29/2016
1634,1599,08/17/2006
1635,1453,09/28/2016
1636,1446,07/28/2007
1637,1259,02/27/2014
1638,1151,05/17/2009
1639,1449,12/01/2008
1640,1471,10/29/2008
1641,1229,04/03/2010
1642,1048,01/09/2011
1643,1272,06/10/2012
1644,1417,11/22/2011
1645,1152,01/05/2015
1646,1649,06/06/2008
1647,1501,01/12/2008
1648,1281,11/18/2007
1649,1555,05/21/2013
1650,1248,03/16/2013
1651,1254,02/27/2015
1652,1143,01/05/2016
1653,1494,08/17/2007
1654,1239,06/06/2009
1655,1290,01/12/2009
1656,1494,11/18/2008
1657,1572,07/28/2008
1658,1192,04/03/2011
1659,1646,05/25/2010
1660,1480,12/01/2009
1661,1473,10/29/2009
1662,1603,05/21/2014
1663,1226,03/16/2014
1664,1336,01/09/2012
1665,1219,06/10/2013
1666,754,11/22/2012
1667,1621,03/21/2006
1668,1197,01/16/2006
1669,1469,01/09/2013
1670,1458,06/14/2010
1671,1621,01/20/2010
1672,1552,11/18/2009
1673,1641,07/28/2009
1674,1363,08/17/2008
1675,1594,05/25/2011
1676,1302,10/04/2010
1677,1438,05/21/2015
1678,1319,03/16/2015
1679,1211,02/27/2016
1680,1513,12/05/2006
1681,1533,04/03/2012
1682,1451,06/10/2014
1683,1479,11/22/2013
1684,1471,12/05/2007
1685,1402,10/04/2011
1686,1483,06/14/2011
1687,1447,01/20/2011
1688,1362,11/26/2010
1689,1522,03/21/2007
1690,1636,01/16/2007
1691,1330,09/04/2006
1692,1382,04/03/2013
1693,1612,03/18/2010
1694,1286,11/22/2014
1695,1400,01/09/2014
1696,1499,06/10/2015
1697,1327,05/21/2016
1698,1378,03/16/2016
1699,1495,05/25/2012
1700,1532,04/10/2006
1701,1555,08/17/2009
1702,1173,11/22/2015
1703,1074,01/09/2015
1704,1412,06/10/2016
1705,1599,10/04/2012
1706,1496,06/14/2012
1707,1465,01/20/2012
1708,1277,11/26/2011
1709,1447,03/21/2008
1710,1593,01/16/2008
1711,1741,09/04/2007
1712,1536,04/07/2010
1713,1251,05/25/2013
1714,1408,04/03/2014
1715,1496,03/18/2011
1716,1508,12/05/2008
1717,1465,04/10/2007
1718,1177,05/25/2014
1719,1598,10/04/2013
1720,1576,04/10/2008
1721,1329,03/18/2012
1722,1340,04/03/2015
1723,1328,01/09/2016
1724,1539,07/01/2010
1725,1376,05/29/2010
1726,1237,12/05/2009
1727,1569,04/07/2011
1728,1841,06/21/2006
1729,1536,02/03/2006
1730,1291,11/22/2016
1731,1398,06/14/2013
1732,1115,01/20/2013
1733,1314,11/26/2012
1734,1362,03/21/2009
1735,1316,01/16/2009
1736,1612,09/04/2008
1737,1253,08/23/2010
1738,1577,06/18/2010
1739,1122,05/29/2011
1740,1458,07/01/2011
1741,1316,12/13/2010
1742,1278,10/04/2014
1743,1393,06/14/2014
1744,1300,01/20/2014
1745,1319,11/26/2013
1746,1329,03/25/2006
1747,1264,03/18/2013
1748,1503,09/04/2009
1749,1405,04/10/2009
1750,1629,06/21/2007
1751,1226,02/03/2007
1752,1272,12/09/2006
1753,1181,05/25/2015
1754,1069,04/03/2016
1755,1306,04/07/2012
1756,1573,09/08/2006
1757,1412,04/14/2006
1758,1229,10/04/2015
1759,1262,06/14/2015
1760,1349,01/20/2015
1761,1125,11/26/2014
1762,1440,05/25/2016
1763,1283,07/01/2012
1764,1635,05/29/2012
1765,1416,12/13/2011
1766,1216,09/12/2010
1767,1401,03/18/2014
1768,1270,03/25/2007
1769,1463,06/21/2008
1770,1267,02/03/2008
1771,1166,12/09/2007
1772,1103,04/07/2013
1773,1597,08/23/2011
1774,1356,06/18/2011
1775,1622,03/25/2008
1776,1503,09/08/2007
1777,1124,06/21/2009
1778,1205,02/03/2009
1779,1536,12/09/2008
1780,1607,05/03/2006
1781,1460,10/04/2016
1782,1360,04/14/2007
1783,1606,01/22/2010
1784,1166,04/07/2014
1785,1322,05/29/2013
1786,1346,07/01/2013
1787,1335,12/13/2012
1788,800,11/26/2015
1789,1460,03/18/2015
1790,1481,06/14/2016
1791,1373,01/20/2016
1792,1343,09/12/2011
1793,1679,10/06/2010
1794,1584,08/23/2012
1795,1488,06/18/2012
1796,1451,04/14/2008
1797,1529,07/01/2014
1798,1650,05/29/2014
1799,1336,12/13/2013
1800,1594,03/25/2009
1801,1548,09/08/2008
1802,1547,08/30/2006
1803,1288,06/25/2006
1804,1582,02/07/2006
1805,1194,11/26/2016
1806,1286,07/05/2010
1807,1214,02/11/2010
1808,1368,12/09/2009
1809,1184,01/22/2011
1810,1215,11/28/2010
1811,1618,05/03/2007
1812,1549,12/20/2006
1813,1571,09/12/2012
1814,1445,10/06/2011
1815,1354,04/07/2015
1816,1516,08/23/2013
1817,1420,06/18/2013
1818,1399,03/18/2016
1819,1365,05/03/2008
1820,1505,12/20/2007
1821,1604,08/30/2007
1822,1543,08/27/2010
1823,1594,09/08/2009
1824,1473,09/12/2013
1825,1532,03/29/2006
1826,1324,04/14/2009
1827,1605,06/25/2007
1828,1491,02/07/2007
1829,1362,08/23/2014
1830,1569,06/18/2014
1831,1464,07/01/2015
1832,1401,05/29/2015
1833,1205,12/13/2014
1834,1370,04/07/2016
1835,1530,10/06/2012
1836,1010,01/22/2012
1837,1446,11/28/2011
1838,1743,07/05/2011
1839,1463,02/11/2011
1840,1419,12/17/2010
1841,1470,09/12/2014
1842,1335,10/06/2013
1843,1532,03/29/2007
1844,1541,10/13/2006
1845,1519,04/18/2006
1846,1130,05/03/2009
1847,1166,12/20/2008
1848,1426,08/30/2008
1849,1261,12/13/2015
1850,1307,08/23/2015
1851,1544,06/18/2015
1852,1361,07/01/2016
1853,1164,05/29/2016
1854,1426,09/16/2010
1855,1595,04/22/2010
1856,1672,06/25/2008
1857,1552,02/07/2008
1858,1693,07/05/2012
1859,1305,02/11/2012
1860,1270,12/17/2011
1861,1223,01/22/2013
1862,1439,11/28/2012
1863,907,08/27/2011
1864,1535,07/05/2013
1865,1137,02/11/2013
1866,1304,12/17/2012
1867,1555,07/12/2006
1868,1290,05/07/2006
1869,1322,12/13/2016
1870,1452,10/06/2014
1871,1066,01/22/2014
1872,781,11/28/2013
1873,1361,08/27/2012
1874,1295,08/30/2009
1875,1559,06/25/2009
1876,1279,02/07/2009
1877,1675,04/18/2007
1878,1530,11/02/2006
1879,1537,01/26/2010
1880,801,12/20/2009
1881,1364,09/12/2015
1882,1456,08/23/2016
1883,1276,06/18/2016
1884,1370,03/29/2008
1885,1404,10/13/2007
1886,1415,09/16/2011
1887,1339,04/22/2011
1888,1535,08/01/2006
1889,1598,06/29/2006
1890,1297,09/12/2016
1891,1515,08/27/2013
1892,1511,04/18/2008
1893,1494,11/02/2007
1894,1671,07/12/2007
1895,1592,05/07/2007
1896,981,12/24/2006
1897,1188,09/16/2012
1898,1104,04/22/2012
1899,1529,07/09/2010
1900,965,02/15/2010
1901,1161,01/26/2011
1902,1449,07/05/2014
1903,1263,02/11/2014
1904,1220,12/17/2013
1905,1488,10/06/2015
1906,1383,01/22/2015
1907,1166,11/28/2014
1908,1156,03/29/2009
1909,1320,10/13/2008
1910,1200,11/28/2015
1911,1315,07/05/2015
1912,1307,02/11/2015
1913,1377,12/17/2014
1914,1350,01/22/2016
1915,1320,07/09/2011
1916,1439,02/15/2011
1917,1337,07/12/2008
1918,1609,05/07/2008
1919,1164,12/24/2007
1920,1556,03/04/2010
1921,1626,10/13/2009
1922,1464,10/06/2016
1923,1348,04/18/2009
1924,1223,11/02/2008
1925,1747,08/01/2007
1926,1503,06/29/2007
1927,1428,09/23/2006
1928,1485,01/26/2012
1929,1393,09/16/2013
1930,1344,04/22/2013
1931,1490,08/27/2014
1932,1301,11/28/2016
1933,1479,07/09/2012
1934,1495,02/15/2012
1935,1439,10/17/2006
1936,1442,03/04/2011
1937,1610,10/21/2010
1938,1145,07/12/2009
1939,1472,05/07/2009
1940,936,12/24/2008
1941,1465,09/16/2014
1942,1429,04/22/2014
1943,1243,12/17/2015
1944,1407,08/27/2015
1945,1492,07/05/2016
1946,1229,02/11/2016
1947,1590,08/01/2008
1948,1251,06/29/2008
1949,1485,09/23/2007
1950,1234,04/26/2010
1951,1529,11/02/2009
1952,1215,01/26/2013
1953,1478,04/26/2011
1954,1593,11/10/2010
1955,1619,07/20/2010
1956,960,12/24/2009
1957,1088,01/26/2014
1958,1448,09/16/2015
1959,1489,04/22/2015
1960,1259,08/27/2016
1961,1265,07/16/2006
1962,1500,02/22/2006
1963,1011,12/17/2016
1964,1688,10/17/2007
1965,1617,11/06/2006
1966,1231,03/04/2012
1967,1541,10/21/2011
1968,1367,08/01/2009
1969,1494,06/29/2009
1970,1577,09/23/2008
1971,1616,07/09/2013
1972,1475,02/15/2013
1973,1391,02/19/2010
1974,1622,09/23/2009
1975,1423,11/06/2007
1976,1175,03/04/2013
1977,1209,10/21/2012
1978,1406,08/05/2006
1979,1399,03/11/2006
1980,1397,09/16/2016
1981,1560,10/17/2008
1982,1562,07/20/2011
1983,1578,07/16/2007
1984,1415,02/22/2007
1985,1446,12/28/2006
1986,855,01/26/2015
1987,1418,04/22/2016
1988,1361,04/26/2012
1989,1541,11/10/2011
1990,1560,07/09/2014
1991,1157,02/15/2014
1992,1632,07/16/2008
1993,1121,02/22/2008
1994,1423,12/28/2007
1995,1328,08/05/2007
1996,1495,11/06/2008
1997,1411,07/20/2012
1998,1550,05/13/2010
1999,1390,03/08/2010
2000,1364,10/17/2009
2001,1278,03/04/2014
2002,1304,02/19/2011
2003,1178,03/11/2007
2004,1718,09/27/2006
2005,1473,07/09/2015
2006,965,02/15/2015
2007,1138,01/26/2016
2008,1445,10/21/2013
2009,1394,04/26/2013
2010,1258,11/10/2012
2011,1631,08/05/2008
2012,1571,03/11/2008
2013,1764,09/27/2007
2014,1498,10/21/2014
2015,1374,04/26/2014
2016,1242,11/10/2013
2017,1634,01/04/2006
2018,1514,07/16/2009
2019,1098,02/22/2009
2020,1216,12/28/2008
2021,1265,03/04/2015
2022,1176,07/09/2016
2023,966,02/15/2016
2024,1648,06/02/2010
2025,1416,11/06/2009
2026,1409,07/20/2013
2027,1591,05/13/2011
2028,1488,03/08/2011
2029,1479,10/25/2010
2030,1113,02/19/2012
2031,1362,07/24/2010
2032,1332,12/28/2009
2033,1655,08/05/2009
2034,1676,03/11/2009
2035,1400,09/27/2008
2036,1045,02/26/2006
2037,1493,10/21/2015
2038,1210,04/26/2015
2039,1252,03/04/2016
2040,1439,11/10/2014
2041,1340,07/20/2014
2042,1712,01/04/2007
2043,1227,02/19/2013
2044,1156,05/13/2012
2045,1558,03/08/2012
2046,1474,10/25/2011
2047,1513,06/02/2011
2048,1170,11/14/2010
2049,1766,08/09/2006
2050,1342,05/20/2006
2051,1660,03/15/2006
2052,1498,10/21/2016
2053,1347,02/26/2007
2054,1377,05/13/2013
2055,1197,03/08/2013
2056,1476,10/25/2012
2057,1326,06/02/2012
2058,1382,11/14/2011
2059,1499,08/13/2010
2060,1179,09/27/2009
2061,1467,01/04/2008
2062,1289,11/10/2015
2063,1444,07/20/2015
2064,1350,04/26/2016
2065,1226,02/19/2014
2066,1275,07/24/2011
2067,1544,07/24/2012
2068,1171,11/10/2016
2069,1429,02/26/2008
2070,1428,10/25/2013
2071,1230,06/02/2013
2072,1394,11/14/2012
2073,1552,05/13/2014
2074,1414,03/08/2014
2075,1455,05/17/2010
2076,1101,01/04/2009
2077,1394,08/13/2011
2078,1674,08/09/2007
2079,1297,05/20/2007
2080,1568,03/15/2007
2081,1127,02/19/2015
2082,1481,07/20/2016
2083,1372,05/17/2011
2084,1319,12/01/2010
2085,1649,10/29/2010
2086,1596,07/24/2013
2087,1552,02/26/2009
2088,1433,08/09/2008
2089,1238,06/06/2010
2090,1447,01/12/2010
2091,1437,05/20/2008
2092,1373,03/15/2008
2093,1600,05/13/2015
2094,1032,03/08/2015
2095,1172,02/19/2016
2096,1487,08/13/2012
2097,1557,11/21/2006
2098,1613,07/31/2006
2099,1282,01/08/2006
2100,1479,10/25/2014
2101,1486,06/02/2014
2102,1519,11/14/2013
2103,1517,07/28/2010
2104,1658,05/17/2012
2105,1524,12/01/2011
2106,1110,10/29/2011
2107,1232,04/02/2006
2108,1351,08/09/2009
2109,1629,05/20/2009
2110,1205,03/15/2009
2111,1783,07/31/2007
2112,1502,01/08/2007
2113,1284,11/14/2014
2114,1526,07/24/2014
2115,1178,10/25/2015
2116,1305,06/02/2015
2117,1350,05/13/2016
2118,1452,03/08/2016
2119,1480,11/21/2007
2120,1401,06/06/2011
2121,1044,01/12/2011
2122,1643,11/18/2010
2123,1490,08/13/2013
2124,1615,05/24/2006
2125,1314,10/25/2016
2126,1552,07/28/2011
2127,1524,08/17/2010
2128,1398,08/13/2014
2129,1182,11/14/2015
2130,1477,07/24/2015
2131,1512,06/02/2016
2132,1553,06/06/2012
2133,1384,01/12/2012
2134,1455,11/18/2011
2135,1397,04/02/2007
2136,1569,11/21/2008
2137,1492,05/17/2013
2138,1243,12/01/2012
2139,423,10/29/2012
2140,1559,07/31/2008
2141,1699,01/08/2008
2142,1563,08/13/2015
2143,1310,07/24/2016
2144,1426,07/28/2012
2145,1601,08/17/2011
2146,1614,05/24/2007
2147,1718,10/03/2006
2148,1368,05/17/2014
2149,1192,12/01/2013
2150,1462,10/29/2013
2151,1648,06/13/2006
2152,1275,11/14/2016
2153,1641,04/02/2008
2154,1468,07/31/2009
2155,1483,01/08/2009
2156,1390,06/06/2013
2157,1305,01/12/2013
2158,1142,11/18/2012
2159,1410,11/21/2009
2160,1061,12/05/2010
2161,1213,05/17/2015
2162,1464,10/29/2014
2163,1349,12/01/2014
2164,1264,08/13/2016
2165,1692,06/13/2007
2166,1408,11/25/2006
2167,1626,08/17/2012
2168,1532,06/06/2014
2169,1258,01/12/2014
2170,1507,11/18/2013
2171,1304,05/24/2008
2172,1700,10/03/2007
2173,1485,04/02/2009
2174,1280,07/28/2013
2175,1232,03/21/2010
2176,1361,01/16/2010
2177,1281,12/01/2015
2178,1412,10/29/2015
2179,1272,06/06/2015
2180,1133,01/12/2015
2181,1254,11/18/2014
2182,1570,05/17/2016
2183,1418,07/28/2014
2184,1590,04/06/2006
2185,1329,08/17/2013
2186,1659,06/13/2008
2187,1280,11/25/2007
2188,1165,05/24/2009
2189,1615,10/03/2008
2190,1265,03/21/2011
2191,1115,01/16/2011
2192,1444,09/04/2010
2193,1283,04/10/2010
2194,1400,12/05/2011
2195,1398,11/18/2015
2196,1437,07/28/2015
2197,1490,06/06/2016
2198,1301,01/12/2016
2199,1212,05/28/2006
2200,1426,12/01/2016
2201,1282,10/29/2016
2202,1429,12/05/2012
2203,1329,04/06/2007
2204,1390,06/13/2009
2205,1504,11/25/2008
2206,1586,03/21/2012
2207,1073,01/16/2012
2208,1393,10/03/2009
2209,1234,09/04/2011
2210,1200,04/10/2011
2211,1373,08/17/2014
2212,1511,12/05/2013
2213,1293,04/06/2008
2214,1508,06/21/2010
2215,1423,02/03/2010
2216,1429,11/25/2009
2217,1615,08/22/2006
2218,1376,06/17/2006
2219,1381,11/18/2016
2220,1255,05/28/2007
2221,1686,12/12/2006
2222,1468,08/17/2015
2223,1421,07/28/2016
2224,1307,03/21/2013
2225,1297,01/16/2013
2226,1481,09/04/2012
2227,1370,04/10/2012
2228,1590,06/21/2011
2229,1358,02/03/2011
2230,1295,12/09/2010
2231,1334,04/06/2009
2232,1467,09/04/2013
2233,1498,04/10/2013
2234,1580,08/22/2007
2235,1188,06/17/2007
2236,1627,09/11/2006
2237,1440,03/21/2014
2238,1491,01/16/2014
2239,1627,03/25/2010
2240,1194,12/05/2014
2241,1576,08/17/2016
2242,1685,05/28/2008
2243,1590,12/12/2007
2244,1428,01/21/2006
2245,1627,09/08/2010
2246,1542,04/14/2010
2247,1283,12/05/2015
2248,1185,03/21/2015
2249,1282,01/16/2015
2250,1447,05/28/2009
2251,1466,12/12/2008
2252,1622,08/22/2008
2253,1681,06/17/2008
2254,1525,09/11/2007
2255,1521,09/04/2014
2256,1383,04/10/2014
2257,1484,03/25/2011
2258,1459,06/21/2012
2259,1423,02/03/2012
2260,1494,12/09/2011
2261,1532,09/04/2015
2262,1225,04/10/2015
2263,1217,03/21/2016
2264,1305,01/16/2016
2265,1372,05/03/2010
2266,1302,12/12/2009
2267,1161,03/25/2012
2268,1130,01/21/2007
2269,1373,08/22/2009
2270,1526,06/17/2009
2271,1561,09/11/2008
2272,1295,07/04/2006
2273,1474,02/10/2006
2274,1308,12/05/2016
2275,1490,06/21/2013
2276,975,02/03/2013
2277,1203,12/09/2012
2278,1360,09/08/2011
2279,1609,04/14/2011
2280,1174,09/04/2016
2281,1153,04/10/2016
2282,1411,06/21/2014
2283,1105,02/03/2014
2284,1324,12/09/2013
2285,1388,09/08/2012
2286,1203,04/14/2012
2287,1167,03/25/2013
2288,1375,08/26/2006
2289,1183,01/21/2008
2290,1445,08/30/2010
2291,1562,06/25/2010
2292,1008,02/07/2010
2293,1242,09/11/2009
2294,1511,05/03/2011
2295,1245,12/20/2010
2296,1285,07/04/2007
2297,1258,02/10/2007
2298,1254,12/16/2006
2299,1194,03/29/2010
2300,1488,04/21/2006
2301,1530,05/03/2012
2302,1476,12/20/2011
2303,1358,03/25/2014
2304,1210,06/21/2015
2305,993,02/03/2015
2306,1069,12/09/2014
2307,1451,01/21/2009
2308,1342,08/26/2007
2309,1437,09/15/2006
2310,1534,08/30/2011
2311,1443,06/25/2011
2312,1347,02/07/2011
2313,1313,09/08/2013
2314,1176,04/14/2013
2315,1102,07/04/2008
2316,1169,02/10/2008
2317,1046,12/16/2007
2318,1524,08/30/2012
2319,1386,06/25/2012
2320,1459,02/07/2012
2321,1380,04/21/2007
2322,1488,10/09/2006
2323,1619,01/25/2006
2324,1389,09/08/2014
2325,1238,04/14/2014
2326,1236,07/04/2009
2327,1467,02/10/2009
2328,1496,12/16/2008
2329,1156,04/18/2010
2330,1589,08/26/2008
2331,1474,09/15/2007
2332,1318,03/29/2011
2333,1613,10/13/2010
2334,1423,05/03/2013
2335,1399,12/20/2012
2336,1324,12/09/2015
2337,1304,03/25/2015
2338,1598,06/21/2016
2339,1352,02/03/2016
2340,1364,04/18/2011
2341,1261,11/02/2010
2342,1481,08/30/2013
2343,1482,06/25/2013
2344,1313,02/07/2013
2345,1661,08/26/2009
2346,1578,09/15/2008
2347,1476,09/08/2015
2348,1387,04/14/2015
2349,1269,03/25/2016
2350,1381,07/08/2006
2351,1311,02/14/2006
2352,1264,12/09/2016
2353,1347,05/03/2014
2354,1428,12/20/2013
2355,1489,01/25/2007
2356,1403,04/21/2008
2357,1729,10/09/2007
2358,1466,07/12/2010
2359,1615,05/07/2010
2360,1478,12/16/2009
2361,1453,03/29/2012
2362,1423,10/13/2011
2363,1153,05/03/2015
2364,1146,12/20/2014
2365,1390,04/14/2016
2366,1279,10/13/2012
2367,1553,04/18/2012
2368,1470,11/02/2011
2369,1291,07/08/2007
2370,978,02/14/2007
2371,1349,08/30/2014
2372,1522,06/25/2014
2373,1389,02/07/2014
2374,1310,08/01/2010
2375,1579,06/29/2010
2376,1515,09/15/2009
2377,1427,03/03/2006
2378,1396,09/08/2016
2379,1508,04/21/2009
2380,1579,10/09/2008
2381,1636,07/12/2011
2382,1235,05/07/2011
2383,981,12/24/2010
2384,1458,01/25/2008
2385,1298,03/29/2013
2386,1090,12/20/2015
2387,1252,08/30/2015
2388,1534,06/25/2015
2389,1098,02/07/2015
2390,1370,05/03/2016
2391,1459,08/01/2011
2392,1526,06/29/2011
2393,1628,09/23/2010
2394,1252,10/13/2013
2395,1457,04/18/2013
2396,963,11/02/2012
2397,1395,06/30/2006
2398,1579,04/25/2006
2399,1512,07/08/2008
2400,1352,02/14/2008
2401,1154,03/29/2014
2402,1292,03/03/2007
2403,1567,10/20/2006
2404,1635,09/19/2006
2405,1615,07/12/2012
2406,1356,05/07/2012
2407,981,12/24/2011
2408,1506,10/09/2009
2409,1038,01/25/2009
2410,1364,09/23/2011
2411,1307,10/17/2010
2412,1242,10/13/2014
2413,1384,04/18/2014
2414,1407,11/02/2013
2415,1420,08/01/2012
2416,1505,06/29/2012
2417,1382,06/30/2007
2418,1654,04/25/2007
2419,1197,01/29/2006
2420,1289,12/20/2016
2421,1444,08/30/2016
2422,1457,03/03/2008
2423,1521,10/20/2007
2424,1737,09/19/2007
2425,1103,03/29/2015
2426,1265,06/25/2016
2427,1068,02/07/2016
2428,1577,07/08/2009
2429,1227,02/14/2009
2430,1453,07/12/2013
2431,1579,05/07/2013
2432,973,12/24/2012
2433,1483,10/13/2015
2434,1355,04/18/2015
2435,1365,03/29/2016
2436,1485,06/30/2008
2437,1406,04/25/2008
2438,1546,07/16/2010
2439,1285,02/22/2010
2440,1235,02/18/2006
2441,1101,11/02/2014
2442,1399,07/12/2014
2443,1538,05/07/2014
2444,1129,12/24/2013
2445,1333,01/29/2007
2446,951,12/31/2006
2447,1307,08/01/2013
2448,1382,06/29/2013
2449,1374,11/06/2010
2450,1305,09/23/2012
2451,1357,10/17/2011
2452,1203,03/03/2009
2453,1513,10/20/2008
2454,1606,09/19/2008
2455,1431,09/23/2013
2456,1532,10/17/2012
2457,1517,08/05/2010
2458,1515,03/11/2010
2459,1484,10/20/2009
2460,1392,09/19/2009
2461,1120,11/06/2011
2462,1499,06/30/2009
2463,1250,04/25/2009
2464,1485,01/29/2008
2465,1200,12/31/2007
2466,1110,02/18/2007
2467,1443,09/30/2006
2468,1524,05/12/2006
2469,1522,03/07/2006
2470,1397,10/13/2016
2471,1482,08/01/2014
2472,1235,06/29/2014
2473,1429,11/02/2015
2474,1297,07/12/2015
2475,1426,05/07/2015
2476,851,12/24/2014
2477,1442,04/18/2016
2478,1391,07/16/2011
2479,1335,02/22/2011
2480,826,12/28/2010
2481,1046,12/24/2015
2482,1341,08/01/2015
2483,1383,06/29/2015
2484,1332,07/12/2016
2485,1209,05/07/2016
2486,1474,08/05/2011
2487,1366,03/11/2011
2488,1438,09/27/2010
2489,1427,07/16/2012
2490,1448,02/22/2012
2491,1372,12/28/2011
2492,1438,05/12/2007
2493,1411,03/07/2007
2494,1574,10/24/2006
2495,1656,06/01/2006
2496,1332,04/29/2006
2497,1506,11/02/2016
2498,1492,09/23/2014
2499,1579,10/17/2013
2500,970,11/06/2012
2501,1193,02/18/2008
2502,1314,09/30/2007
2503,1404,01/29/2009
2504,1038,12/31/2008
2505,1292,07/23/2006
2506,1008,12/24/2016
2507,1333,02/18/2009
2508,1540,09/30/2008
2509,1271,01/04/2010
2510,1094,12/31/2009
2511,1458,11/06/2013
2512,1477,07/16/2013
2513,1383,02/22/2013
2514,1314,12/28/2012
2515,1615,10/17/2014
2516,1580,06/01/2007
2517,1311,04/29/2007
2518,1540,11/13/2006
2519,1548,09/27/2011
2520,1310,08/05/2012
2521,1097,03/11/2012
2522,1489,09/23/2015
2523,1328,08/01/2016
2524,1527,06/29/2016
2525,1388,05/12/2008
2526,1467,03/07/2008
2527,1627,10/24/2007
2528,1244,06/01/2008
2529,1460,04/29/2008
2530,1599,11/13/2007
2531,1349,11/06/2014
2532,1547,07/16/2014
2533,1423,02/22/2014
2534,1294,12/28/2013
2535,1469,09/27/2012
2536,1496,01/04/2011
2537,1360,08/05/2013
2538,1273,03/11/2013
2539,1433,08/12/2006
2540,1481,09/23/2016
2541,1202,10/17/2015
2542,1412,07/23/2007
2543,788,02/26/2010
2544,1522,09/30/2009
2545,1672,05/12/2009
2546,1457,03/07/2009
2547,1609,10/24/2008
2548,1462,08/09/2010
2549,1625,05/20/2010
2550,1326,03/15/2010
2551,1262,10/24/2009
2552,1566,05/16/2006
2553,1399,10/17/2016
2554,1276,01/04/2012
2555,1446,06/01/2009
2556,1650,04/29/2009
2557,1372,11/13/2008
2558,1519,09/27/2013
2559,1725,07/23/2008
2560,1347,08/12/2007
2561,1476,08/05/2014
2562,1400,03/11/2014
2563,1284,02/26/2011
2564,1412,11/06/2015
2565,1558,07/16/2015
2566,945,02/22/2015
2567,939,12/28/2014
2568,1267,12/28/2015
2569,1617,08/05/2015
2570,1329,03/11/2015
2571,1276,07/16/2016
2572,1347,02/22/2016
2573,1414,08/09/2011
2574,1559,05/20/2011
2575,1529,03/15/2011
2576,1598,06/05/2006
2577,1593,01/11/2006
2578,1098,11/06/2016
2579,1646,05/16/2007
2580,1288,10/28/2006
2581,1491,11/13/2009
2582,1438,07/23/2009
2583,1414,09/27/2014
2584,1418,01/04/2013
2585,1131,02/26/2012
2586,1619,08/12/2008
2587,1323,07/31/2010
2588,1444,01/08/2010
2589,1829,06/05/2007
2590,1574,01/11/2007
2591,1585,11/17/2006
2592,1177,11/21/2010
2593,1595,07/27/2006
2594,1236,12/28/2016
2595,1616,08/12/2009
2596,1418,05/16/2008
2597,1360,10/28/2007
2598,1021,01/04/2014
2599,1189,09/27/2015
2600,1459,08/05/2016
2601,1442,03/11/2016
2602,1352,02/26/2013
2603,1608,08/09/2012
2604,1321,05/20/2012
2605,1461,03/15/2012
2606,1250,02/26/2014
2607,1484,08/09/2013
2608,1385,05/20/2013
2609,1349,03/15/2013
2610,1375,05/16/2009
2611,1292,10/28/2008
2612,1618,07/27/2007
2613,1612,06/05/2008
2614,1572,01/11/2008
2615,1377,11/17/2007
2616,878,01/04/2015
2617,1358,04/02/2010
2618,1257,07/31/2011
2619,1081,01/08/2011
2620,1733,08/16/2006
2621,1338,09/27/2016
2622,1446,11/21/2011
2623,1243,02/26/2015
2624,1202,01/04/2016
2625,1395,04/02/2011
2626,1321,06/05/2009
2627,1002,01/11/2009
2628,1423,11/17/2008
2629,1341,11/21/2012
2630,1340,08/09/2014
2631,1476,05/20/2014
2632,1505,03/15/2014
2633,1510,05/24/2010
2634,1441,10/28/2009
2635,1624,08/16/2007
2636,1540,07/31/2012
2637,1124,01/08/2012
2638,1322,07/27/2008
2639,1426,08/16/2008
2640,1453,04/02/2012
2641,1463,07/27/2009
2642,1555,07/31/2013
2643,1425,01/08/2013
2644,1227,06/13/2010
2645,1646,11/17/2009
2646,1629,06/09/2006
2647,1531,03/20/2006
2648,1018,01/15/2006
2649,1461,12/04/2006
2650,1280,08/09/2015
2651,1515,05/20/2015
2652,1130,03/15/2015
2653,1311,02/26/2016
2654,1637,05/24/2011
2655,1246,10/03/2010
2656,1453,11/21/2013
2657,1314,06/09/2007
2658,1551,03/20/2007
2659,1372,01/15/2007
2660,1292,10/03/2011
2661,1471,06/13/2011
2662,796,11/25/2010
2663,1457,12/04/2007
2664,1295,08/16/2009
2665,1440,05/24/2012
2666,1228,04/02/2013
2667,1211,09/03/2006
2668,1299,11/21/2014
2669,1453,08/09/2016
2670,1444,05/20/2016
2671,1412,03/15/2016
2672,1532,07/31/2014
2673,1297,01/08/2014
2674,1553,10/03/2012
2675,1526,06/13/2012
2676,1420,11/25/2011
2677,1420,06/09/2008
2678,1553,03/20/2008
2679,1603,01/15/2008
2680,1160,09/03/2007
2681,1440,04/02/2014
2682,1232,11/21/2015
2683,1418,07/31/2015
2684,1035,01/08/2015
2685,1433,05/24/2013
2686,1406,12/04/2008
2687,1631,05/31/2006
2688,1475,04/06/2010
2689,1312,05/24/2014
2690,1545,05/28/2010
2691,1484,12/04/2009
2692,1820,06/20/2006
2693,1604,02/02/2006
2694,1219,11/21/2016
2695,1622,05/31/2007
2696,1438,04/02/2015
2697,1139,07/31/2016
2698,1414,01/08/2016
2699,1610,10/03/2013
2700,1406,06/13/2013
2701,997,11/25/2012
2702,1496,04/06/2011
2703,1482,06/09/2009
2704,1505,03/20/2009
2705,1284,01/15/2009
2706,1649,09/03/2008
2707,1507,03/24/2006
2708,1638,01/19/2006
2709,1511,09/03/2009
2710,1391,10/03/2014
2711,1421,06/13/2014
2712,1338,11/25/2013
2713,1191,05/24/2015
2714,1243,04/02/2016
2715,1195,08/22/2010
2716,1591,06/17/2010
2717,1342,05/28/2011
2718,999,12/12/2010
2719,1374,04/06/2012
2720,1697,06/20/2007
2721,1462,02/02/2007
2722,1377,12/08/2006
2723,1283,05/31/2008
2724,1299,03/24/2007
2725,1554,01/19/2007
2726,1623,09/07/2006
2727,1351,11/25/2014
2728,1238,04/06/2013
2729,1395,09/11/2010
2730,1619,06/20/2008
2731,1403,02/02/2008
2732,1383,12/08/2007
2733,1210,05/31/2009
2734,1458,08/22/2011
2735,1445,06/17/2011
2736,1090,05/28/2012
2737,1338,12/12/2011
2738,1124,10/03/2015
2739,1271,06/13/2015
2740,1437,05/24/2016
2741,1604,04/13/2006
2742,1500,04/13/2007
2743,1655,11/30/2006
2744,1660,05/02/2006
2745,1249,10/03/2016
2746,1353,06/20/2009
2747,1397,02/02/2009
2748,1322,12/08/2008
2749,1258,11/25/2015
2750,1457,06/13/2016
2751,1581,01/21/2010
2752,1131,04/06/2014
2753,1142,09/11/2011
2754,1399,03/24/2008
2755,1401,01/19/2008
2756,1622,09/07/2007
2757,1449,05/28/2013
2758,1411,12/12/2012
2759,1525,08/22/2012
2760,1162,06/17/2012
2761,1456,09/11/2012
2762,1718,05/02/2007
2763,1420,01/21/2011
2764,1149,07/04/2010
2765,740,02/10/2010
2766,1493,12/08/2009
2767,1453,03/24/2009
2768,1018,01/19/2009
2769,1345,09/07/2008
2770,1351,04/13/2008
2771,1484,11/30/2007
2772,1231,04/06/2015
2773,1292,06/24/2006
2774,1528,02/06/2006
2775,1270,11/25/2016
2776,1417,08/22/2013
2777,1499,06/17/2013
2778,1549,05/28/2014
2779,1290,12/12/2013
2780,1312,08/22/2014
2781,1504,06/17/2014
2782,1492,09/11/2013
2783,1484,08/26/2010
2784,1196,09/07/2009
2785,1563,03/28/2006
2786,1324,04/13/2009
2787,1085,11/30/2008
2788,1395,06/24/2007
2789,1328,02/06/2007
2790,1108,01/21/2012
2791,1526,05/02/2008
2792,1438,05/28/2015
2793,1276,12/12/2014
2794,1354,04/06/2016
2795,1145,07/04/2011
2796,1470,02/10/2011
2797,1294,12/16/2010
2798,1528,09/11/2014
2799,1737,06/24/2008
2800,1642,02/06/2008
2801,1115,01/21/2013
2802,1624,03/28/2007
2803,1722,10/12/2006
2804,1428,05/02/2009
2805,1579,09/15/2010
2806,1659,04/21/2010
2807,1377,11/30/2009
2808,1291,07/04/2012
2809,1528,02/10/2012
2810,1481,12/16/2011
2811,1499,04/17/2006
2812,1360,12/12/2015
2813,1424,08/22/2015
2814,1501,06/17/2015
2815,1239,05/28/2016
2816,1351,08/26/2011
2817,1382,09/15/2011
2818,1453,04/21/2011
2819,1464,10/09/2010
2820,1323,08/26/2012
2821,1643,07/11/2006
2822,1380,05/06/2006
2823,1231,12/12/2016
2824,1416,08/22/2016
2825,1200,07/04/2013
2826,969,02/10/2013
2827,1117,12/16/2012
2828,1241,01/25/2010
2829,1435,09/11/2015
2830,1396,06/17/2016
2831,1613,04/17/2007
2832,1889,11/01/2006
2833,1526,03/28/2008
2834,1604,10/12/2007
2835,1520,06/24/2009
2836,1355,02/06/2009
2837,930,01/21/2014
2838,1304,07/04/2014
2839,1219,02/10/2014
2840,1310,12/16/2013
2841,1362,01/25/2011
2842,1364,03/28/2009
2843,1222,10/12/2008
2844,1729,06/28/2006
2845,1245,09/11/2016
2846,1333,01/21/2015
2847,1640,07/11/2007
2848,1270,05/06/2007
2849,1286,12/23/2006
2850,1427,08/26/2013
2851,1410,09/15/2012
2852,1519,04/17/2008
2853,1700,11/01/2007
2854,1544,07/08/2010
2855,941,02/14/2010
2856,1401,04/21/2012
2857,1209,10/09/2011
2858,1489,03/03/2010
2859,1242,10/12/2009
2860,1620,07/11/2008
2861,1676,05/06/2008
2862,1230,12/23/2007
2863,1208,07/04/2015
2864,1197,02/10/2015
2865,1315,12/16/2014
2866,1362,01/21/2016
2867,1467,06/28/2007
2868,1577,09/22/2006
2869,1426,04/17/2009
2870,1452,11/01/2008
2871,1480,08/26/2014
2872,1475,07/08/2011
2873,1208,02/14/2011
2874,1489,10/09/2012
2875,1506,01/25/2012
2876,1324,09/15/2013
2877,1196,04/21/2013
2878,1600,06/30/2010
2879,1099,04/25/2010
2880,1405,11/01/2009
2881,1313,03/03/2011
2882,1639,10/20/2010
2883,1329,09/19/2010
2884,1552,10/16/2006
2885,1245,07/08/2012
2886,1273,02/14/2012
2887,1540,10/09/2013
2888,1259,01/25/2013
2889,1370,06/28/2008
2890,1483,09/22/2007
2891,1296,12/16/2015
2892,1562,08/26/2015
2893,1116,07/04/2016
2894,1376,02/10/2016
2895,1348,07/11/2009
2896,1596,05/06/2009
2897,1335,12/23/2008
2898,1491,09/15/2014
2899,1277,04/21/2014
2900,1308,09/19/2011
2901,1556,06/30/2011
2902,1281,04/25/2011
2903,1281,06/28/2009
2904,1549,09/22/2008
2905,1278,03/03/2012
2906,1563,10/20/2011
2907,1410,07/08/2013
2908,1345,02/14/2013
2909,1380,07/15/2006
2910,1504,02/21/2006
2911,1125,12/16/2016
2912,1392,08/26/2016
2913,1200,11/05/2006
2914,1320,01/29/2010
2915,1249,12/23/2009
2916,1498,10/09/2014
2917,1205,01/25/2014
2918,1432,09/15/2015
2919,1486,04/21/2015
2920,1711,10/16/2007
2921,1582,11/05/2007
2922,1479,07/08/2014
2923,1057,02/14/2014
2924,1086,03/03/2013
2925,1483,10/20/2012
2926,1518,09/19/2012
2927,1324,06/30/2012
2928,1631,04/25/2012
2929,1384,02/18/2010
2930,1634,09/22/2009
2931,1271,07/15/2007
2932,1518,02/21/2007
2933,1481,12/27/2006
2934,1646,10/16/2008
2935,1406,10/09/2015
2936,1081,01/25/2015
2937,1473,04/21/2016
2938,1567,08/04/2006
2939,1587,03/10/2006
2940,1471,09/15/2016
2941,1220,01/29/2011
2942,1017,12/31/2010
2943,1241,10/20/2013
2944,1525,09/19/2013
2945,1311,06/30/2013
2946,1488,04/25/2013
2947,1116,10/09/2016
2948,1367,08/04/2007
2949,1377,03/10/2007
2950,1749,09/26/2006
2951,1451,11/05/2008
2952,1188,03/03/2014
2953,1582,07/15/2008
2954,1450,02/21/2008
2955,1392,12/27/2007
2956,1484,07/08/2015
2957,1109,02/14/2015
2958,1067,01/25/2016
2959,1533,02/18/2011
2960,1555,09/30/2010
2961,1159,01/29/2012
2962,1118,12/31/2011
2963,1493,05/12/2010
2964,1209,03/07/2010
2965,1388,10/16/2009
2966,1457,10/20/2014
2967,1531,09/19/2014
2968,1393,06/30/2014
2969,1439,04/25/2014
2970,1555,08/04/2008
2971,1466,03/10/2008
2972,1653,09/26/2007
2973,1395,01/03/2006
2974,1144,03/03/2015
2975,1214,07/08/2016
2976,815,02/14/2016
2977,1360,01/29/2013
2978,1099,12/31/2012
2979,1628,07/15/2009
2980,1318,02/21/2009
2981,1275,12/27/2008
2982,1408,09/30/2011
2983,1651,05/12/2011
2984,1257,03/07/2011
2985,1278,10/24/2010
2986,1338,02/18/2012
2987,1575,06/01/2010
2988,1550,04/29/2010
2989,1538,11/05/2009
2990,1714,07/19/2006
2991,1230,02/25/2006
2992,1102,02/18/2013
2993,1463,07/23/2010
2994,1132,12/27/2009
2995,1604,08/04/2009
2996,1521,03/10/2009
2997,1472,09/26/2008
2998,1412,10/20/2015
2999,1433,09/19/2015
3000,1412,06/30/2015
3001,1241,04/25/2015
3002,1350,03/03/2016
3003,1279,01/29/2014
3004,1079,12/31/2013
3005,1667,01/03/2007
3006,1688,11/09/2006
3007,1616,06/01/2011
3008,1543,04/29/2011
3009,1457,11/13/2010
3010,1218,09/30/2012
3011,1395,05/12/2012
3012,1491,03/07/2012
3013,1359,10/24/2011
3014,1336,01/03/2008
3015,1535,11/09/2007
3016,1271,02/18/2014
3017,1520,07/19/2007
3018,1153,02/25/2007
3019,1159,01/29/2015
3020,875,12/31/2014
3021,1440,06/30/2016
3022,1354,04/25/2016
3023,1762,08/08/2006
3024,1601,03/14/2006
3025,1477,10/20/2016
3026,1162,09/19/2016
3027,1506,08/12/2010
3028,1373,09/26/2009
3029,1535,06/01/2012
3030,1270,04/29/2012
3031,1209,11/13/2011
3032,1554,09/30/2013
3033,1181,05/12/2013
3034,1236,03/07/2013
3035,1463,10/24/2012
3036,1340,07/23/2011
3037,1086,12/31/2015
3038,1232,02/18/2015
3039,1261,01/29/2016
3040,1406,07/23/2012
3041,1387,07/19/2008
3042,1361,02/25/2008
3043,1199,05/16/2010
3044,1565,08/08/2007
3045,1680,03/14/2007
3046,1597,10/31/2006
3047,1484,09/30/2014
3048,1439,05/12/2014
3049,1390,03/07/2014
3050,1402,10/24/2013
3051,1242,06/01/2013
3052,1339,04/29/2013
3053,1273,11/13/2012
3054,1469,08/12/2011
3055,1281,01/03/2009
3056,1257,11/09/2008
3057,1504,08/08/2008
3058,1526,03/14/2008
3059,1530,10/31/2007
3060,1379,05/16/2011
3061,1636,10/28/2010
3062,1511,10/24/2014
3063,1365,04/29/2014
3064,1212,06/01/2014
3065,1455,11/13/2013
3066,1446,09/30/2015
3067,1464,05/12/2015
3068,1185,03/07/2015
3069,1251,02/18/2016
3070,1537,11/20/2006
3071,1356,07/19/2009
3072,1533,02/25/2009
3073,1428,08/12/2012
3074,1303,07/30/2006
3075,1316,01/07/2006
3076,1029,12/31/2016
3077,1418,06/05/2010
3078,1329,01/11/2010
3079,1411,11/09/2009
3080,1473,07/23/2013
3081,1216,10/24/2015
3082,1276,06/01/2015
3083,1419,04/29/2015
3084,1269,11/13/2014
3085,1562,05/12/2016
3086,1255,03/07/2016
3087,1167,06/05/2011
3088,1376,01/11/2011
3089,1545,11/17/2010
3090,1632,07/30/2007
3091,1252,01/07/2007
3092,1526,07/27/2010
3093,1513,07/23/2014
3094,1449,11/20/2007
3095,1422,08/08/2009
3096,1359,03/14/2009
3097,1473,10/31/2008
3098,1416,08/12/2013
3099,1612,05/16/2012
3100,1352,10/28/2011
3101,1359,04/01/2006
3102,1224,09/30/2016
3103,1353,11/13/2015
3104,1696,07/23/2015
3105,1537,06/01/2016
3106,1356,04/29/2016
3107,1532,05/16/2013
3108,1128,10/28/2012
3109,1421,08/16/2010
3110,1363,10/31/2009
3111,1739,05/23/2006
3112,1331,10/24/2016
3113,1525,11/20/2008
3114,1699,07/30/2008
3115,1564,01/07/2008
3116,1559,06/05/2012
3117,1468,01/11/2012
3118,1440,11/17/2011
3119,1517,08/12/2014
3120,1158,04/01/2007
3121,1611,07/27/2011
3122,1438,05/16/2014
3123,1701,06/12/2006
3124,1183,11/13/2016
3125,1548,08/16/2011
3126,1637,11/20/2009
3127,1594,08/12/2015
3128,1349,07/23/2016
3129,1717,05/23/2007
3130,1631,10/02/2006
3131,1494,07/27/2012
3132,1363,10/28/2013
3133,1561,06/05/2013
3134,1384,01/11/2013
3135,1182,11/17/2012
3136,1580,07/30/2009
3137,1400,01/07/2009
3138,1583,04/01/2008
3139,1378,02/29/2008
3140,1558,08/16/2012
3141,1563,04/01/2009
3142,1416,07/27/2013
3143,1631,05/23/2008
3144,1683,10/02/2007
3145,1298,12/04/2010
3146,1386,06/09/2010
3147,1395,03/20/2010
3148,1661,01/15/2010
3149,1574,10/28/2014
3150,1410,06/05/2014
3151,1251,01/11/2014
3152,1283,11/17/2013
3153,1268,05/16/2015
3154,1659,06/12/2007
3155,1319,11/24/2006
3156,1391,08/12/2016
3157,1135,10/28/2015
3158,1448,06/05/2015
3159,1007,01/11/2015
3160,1151,11/17/2014
3161,1418,05/16/2016
3162,1427,07/27/2014
3163,1400,05/23/2009
3164,1554,10/02/2008
3165,1614,04/05/2006
3166,1549,09/03/2010
3167,1347,06/09/2011
3168,1176,03/20/2011
3169,1296,01/15/2011
3170,1624,06/12/2008
3171,1256,11/24/2007
3172,1135,12/04/2011
3173,1541,08/16/2013
3174,1407,11/17/2015
3175,1485,07/27/2015
3176,1170,06/05/2016
3177,1340,01/11/2016
3178,1365,04/05/2007
3179,1184,05/31/2010
3180,1539,10/02/2009
3181,1406,12/04/2012
3182,1518,06/12/2009
3183,1408,11/24/2008
3184,1363,09/03/2011
3185,1457,08/16/2014
3186,1370,06/09/2012
3187,1541,03/20/2012
3188,957,01/15/2012
3189,1336,05/27/2006
3190,1343,10/28/2016
3191,1341,08/16/2015
3192,1492,07/27/2016
3193,1431,12/04/2013
3194,1173,05/27/2007
3195,1582,12/11/2006
3196,1326,09/03/2012
3197,1677,08/21/2006
3198,1618,06/16/2006
3199,1398,11/17/2016
3200,1560,05/31/2011
3201,1170,06/20/2010
3202,1453,02/02/2010
3203,1561,11/24/2009
3204,1343,04/05/2008
3205,1305,06/09/2013
3206,1393,03/20/2013
3207,1379,01/15/2013
3208,1555,03/24/2010
3209,1568,01/19/2010
3210,1778,05/27/2008
3211,1585,12/11/2007
3212,1377,08/21/2007
3213,1360,06/09/2014
3214,1488,03/20/2014
3215,1490,01/15/2014
3216,1163,04/05/2009
3217,1581,09/03/2013
3218,1447,06/20/2011
3219,1174,02/02/2011
3220,1416,12/08/2010
3221,1516,05/31/2012
3222,1320,06/16/2007
3223,1299,09/10/2006
3224,1202,12/04/2014
3225,1503,08/16/2016
3226,1479,03/24/2011
3227,1524,01/19/2011
3228,1529,09/07/2010
3229,1522,04/13/2010
3230,1335,05/31/2013
3231,1533,05/27/2009
3232,1362,12/11/2008
3233,1238,04/09/2006
3234,1392,12/04/2015
3235,1433,06/09/2015
3236,1154,03/20/2015
3237,1331,01/15/2015
3238,1592,08/21/2008
3239,1604,06/16/2008
3240,1616,09/10/2007
3241,1500,06/20/2012
3242,1535,02/02/2012
3243,1361,12/08/2011
3244,1612,09/03/2014
3245,1283,05/02/2010
3246,1323,12/11/2009
3247,1329,04/09/2007
3248,1430,07/03/2006
3249,1078,12/04/2016
3250,1249,09/07/2011
3251,1433,04/13/2011
3252,1435,11/30/2010
3253,1444,09/03/2015
3254,1477,06/09/2016
3255,1065,03/20/2016
3256,1417,01/15/2016
3257,1436,06/20/2013
3258,1272,02/02/2013
3259,1253,12/08/2012
3260,1467,08/21/2009
3261,1620,06/16/2009
3262,1639,09/10/2008
3263,1358,05/31/2014
3264,1355,03/24/2012
3265,1347,01/19/2012
3266,1507,08/25/2006
3267,1460,03/31/2006
3268,1261,09/03/2016
3269,1522,06/24/2010
3270,1251,02/06/2010
3271,1456,09/10/2009
3272,1486,09/07/2012
3273,1434,04/13/2012
3274,1482,11/30/2011
3275,1513,06/20/2014
3276,1237,02/02/2014
3277,1139,12/08/2013
3278,1565,07/03/2007
3279,1550,12/15/2006
3280,1122,03/24/2013
3281,1262,01/19/2013
3282,1362,05/02/2011
3283,1196,05/31/2015
3284,1565,04/09/2008
3285,1456,06/24/2011
3286,978,02/06/2011
3287,1556,05/02/2012
3288,1482,04/09/2009
3289,1426,09/07/2013
3290,1278,04/13/2013
3291,1438,11/30/2012
3292,1290,03/24/2014
3293,1181,01/19/2014
3294,1583,04/20/2006
3295,1140,03/28/2010
3296,1289,06/20/2015
3297,893,02/02/2015
3298,1163,12/08/2014
3299,1590,05/31/2016
3300,1421,08/25/2007
3301,1299,03/31/2007
3302,1553,09/14/2006
3303,1490,07/03/2008
3304,1390,12/15/2007
3305,1333,04/17/2010
3306,1327,03/28/2011
3307,1611,10/12/2010
3308,1519,08/25/2008
3309,1378,03/31/2008
3310,1597,09/14/2007
3311,1516,07/03/2009
3312,1374,12/15/2008
3313,1330,09/07/2014
3314,1230,04/13/2014
3315,1176,11/30/2013
3316,1576,04/20/2007
3317,1290,10/08/2006
3318,1345,12/08/2015
3319,1285,03/24/2015
3320,1118,01/19/2015
3321,1397,06/20/2016
3322,1446,02/02/2016
3323,1350,06/24/2012
3324,1345,02/06/2012
3325,1458,05/02/2013
3326,1632,01/24/2006
3327,1603,07/07/2006
3328,1093,02/13/2006
3329,1403,12/08/2016
3330,1411,06/24/2013
3331,1428,02/06/2013
3332,1529,03/28/2012
3333,1443,10/12/2011
3334,1182,09/07/2015
3335,1333,04/13/2015
3336,1134,11/30/2014
3337,1343,03/24/2016
3338,1244,01/19/2016
3339,1630,08/25/2009
3340,1592,03/31/2009
3341,1349,09/14/2008
3342,1526,05/02/2014
3343,1612,01/24/2007
3344,1119,04/17/2011
3345,1415,11/01/2010
3346,1160,04/20/2008
3347,1365,10/08/2007
3348,1188,07/11/2010
3349,1639,05/06/2010
3350,1515,12/15/2009
3351,1503,10/12/2012
3352,1592,04/17/2012
3353,1540,11/01/2011
3354,1430,08/29/2006
3355,1333,03/02/2006
3356,1378,09/07/2016
3357,1206,04/20/2009
3358,1551,10/08/2008
3359,1366,03/28/2013
3360,1498,01/24/2008
3361,1541,06/28/2010
3362,1395,09/14/2009
3363,1471,06/24/2014
3364,1259,02/06/2014
3365,1284,11/30/2015
3366,1181,05/02/2015
3367,1480,04/13/2016
3368,1357,07/07/2007
3369,1478,02/13/2007
3370,1519,12/19/2006
3371,1422,07/11/2011
3372,1517,05/06/2011
3373,1291,12/23/2010
3374,1494,04/24/2006
3375,1304,11/30/2016
3376,1435,03/28/2014
3377,1467,10/12/2013
3378,1615,10/08/2009
3379,1472,04/17/2013
3380,994,11/01/2012
3381,1613,08/29/2007
3382,1420,03/02/2007
3383,1550,09/18/2006
3384,1329,01/24/2009
3385,1559,07/11/2012
3386,1253,05/06/2012
3387,1332,12/23/2011
3388,1640,06/28/2011
3389,1517,09/22/2010
3390,1437,06/24/2015
3391,1198,02/06/2015
3392,1252,05/02/2016
3393,1402,07/07/2008
3394,1266,02/13/2008
3395,1461,12/19/2007
3396,1262,10/12/2014
3397,1323,04/17/2014
3398,1516,07/07/2009
3399,1493,02/13/2009
3400,1118,12/19/2008
3401,1543,08/29/2008
3402,1171,03/28/2015
3403,1400,06/24/2016
3404,1214,02/06/2016
3405,1191,03/02/2008
3406,1594,09/18/2007
3407,1581,11/01/2013
3408,1559,07/11/2013
3409,1325,05/06/2013
3410,1181,12/23/2012
3411,1672,04/24/2007
3412,1546,09/22/2011
3413,1388,10/16/2010
3414,1481,06/28/2012
3415,1299,01/28/2006
3416,1473,06/28/2013
3417,1498,04/24/2008
3418,1290,01/28/2007
3419,1151,12/30/2006
3420,1311,08/29/2009
3421,863,03/02/2009
3422,1619,09/18/2008
3423,1578,07/15/2010
3424,1179,02/21/2010
3425,1079,12/19/2009
3426,1299,10/12/2015
3427,1444,04/17/2015
3428,1233,03/28/2016
3429,1531,11/05/2010
3430,1207,11/01/2014
3431,1421,07/11/2014
3432,1568,05/06/2014
3433,1280,12/23/2013
3434,1609,02/17/2006
3435,1475,09/22/2012
3436,1191,10/16/2011
3437,1375,11/01/2015
3438,1283,07/11/2015
3439,1462,05/06/2015
3440,1140,12/23/2014
3441,1183,04/17/2016
3442,1455,08/04/2010
3443,1591,03/10/2010
3444,1588,09/18/2009
3445,1579,04/24/2009
3446,1391,01/28/2008
3447,1199,12/30/2007
3448,1163,02/17/2007
3449,1562,07/15/2011
3450,1090,02/21/2011
3451,334,12/27/2010
3452,1294,09/22/2013
3453,1484,10/16/2012
3454,1374,11/05/2011
3455,1339,06/28/2014
3456,1648,05/11/2006
3457,1535,03/06/2006
3458,1433,10/12/2016
3459,1645,04/28/2006
3460,1533,11/01/2016
3461,1465,09/22/2014
3462,1478,08/04/2011
3463,1313,03/10/2011
3464,1344,09/26/2010
3465,1410,10/16/2013
3466,1083,11/05/2012
3467,1114,02/17/2008
3468,1516,05/11/2007
3469,1297,03/06/2007
3470,1601,10/23/2006
3471,1323,07/15/2012
3472,1298,02/21/2012
3473,1294,12/27/2011
3474,1210,12/23/2015
3475,1089,06/28/2015
3476,1325,07/11/2016
3477,1400,05/06/2016
3478,1182,01/28/2009
3479,1367,12/30/2008
3480,1519,10/16/2014
3481,1314,11/05/2013
3482,1395,04/28/2007
3483,1251,11/12/2006
3484,1351,02/17/2009
3485,1401,07/15/2013
3486,1403,02/21/2013
3487,1200,12/27/2012
3488,1527,09/22/2015
3489,1415,06/28/2016
3490,1559,09/26/2011
3491,1384,08/04/2012
3492,1215,03/10/2012
3493,1140,05/11/2008
3494,1568,03/06/2008
3495,1854,10/23/2007
3496,1371,07/22/2006
3497,1264,12/23/2016
3498,994,01/03/2010
3499,1466,12/30/2009
3500,1523,09/26/2012
3501,1244,04/28/2008
3502,1283,11/12/2007
3503,1489,11/05/2014
3504,1333,07/15/2014
3505,1366,02/21/2014
3506,1348,12/27/2013
3507,1299,08/04/2013
3508,1091,03/10/2013
3509,1214,01/03/2011
3510,1463,11/09/2010
3511,1611,08/11/2006
3512,1497,09/22/2016
3513,1458,07/19/2010
3514,1109,02/25/2010
3515,1522,10/16/2015
3516,1423,07/22/2007
3517,1445,05/11/2009
3518,1528,03/06/2009
3519,1489,10/23/2008
3520,1478,08/04/2014
3521,1333,03/10/2014
3522,1514,09/26/2013
3523,1636,07/22/2008
3524,1318,01/03/2012
3525,1586,11/09/2011
3526,1524,05/15/2006
3527,1232,10/16/2016
3528,1541,04/28/2009
3529,1473,11/12/2008
3530,1396,08/11/2007
3531,1549,07/19/2011
3532,1276,02/25/2011
3533,1453,11/05/2015
3534,1565,07/15/2015
3535,1086,02/21/2015
3536,925,12/27/2014
3537,1323,08/08/2010
3538,996,03/14/2010
3539,1623,10/23/2009
3540,1161,12/27/2015
3541,1476,08/04/2015
3542,1397,03/10/2015
3543,1372,07/15/2016
3544,1131,02/21/2016
3545,1369,01/03/2013
3546,1306,11/09/2012
3547,1558,07/19/2012
3548,1253,02/25/2012
3549,1421,11/12/2009
3550,1388,09/26/2014
3551,1323,06/04/2006
3552,1733,01/10/2006
3553,1300,11/05/2016
3554,1382,08/08/2011
3555,1381,03/14/2011
3556,1195,10/31/2010
3557,1628,07/22/2009
3558,1747,05/15/2007
3559,1523,10/27/2006
3560,1501,08/11/2008
3561,836,01/03/2014
3562,1416,11/09/2013
3563,1735,07/26/2006
3564,1347,12/27/2016
3565,1425,11/20/2010
3566,1562,07/30/2010
3567,1581,01/07/2010
3568,1528,05/15/2008
3569,1285,10/27/2007
3570,1320,09/26/2015
3571,1363,08/04/2016
3572,1461,03/10/2016
3573,1574,08/11/2009
3574,1421,06/04/2007
3575,1586,01/10/2007
3576,1552,11/16/2006
3577,1661,08/08/2012
3578,1562,03/14/2012
3579,1321,10/31/2011
3580,1452,07/19/2013
3581,1262,02/25/2013
3582,1176,11/20/2011
3583,1339,07/30/2011
3584,1299,01/07/2011
3585,1631,06/04/2008
3586,1699,01/10/2008
3587,1511,11/16/2007
3588,1615,07/26/2007
3589,1458,08/08/2013
3590,1390,03/14/2013
3591,1027,10/31/2012
3592,1455,04/01/2010
3593,1241,11/09/2014
3594,1389,07/19/2014
3595,1385,02/25/2014
3596,931,01/03/2015
3597,1670,08/15/2006
3598,1295,09/26/2016
3599,1574,05/15/2009
3600,1539,10/27/2008
3601,1381,11/09/2015
3602,1212,07/19/2015
3603,1273,02/25/2015
3604,1068,01/03/2016
3605,1517,07/30/2012
3606,1376,01/07/2012
3607,1518,08/08/2014
3608,1378,03/14/2014
3609,1274,05/23/2010
3610,1456,10/27/2009
3611,1717,08/15/2007
3612,1439,07/26/2008
3613,1308,04/01/2011
3614,1333,06/04/2009
3615,1136,01/10/2009
3616,1140,11/16/2008
3617,1440,05/19/2006
3618,1513,10/31/2013
3619,1368,11/20/2012
3620,1408,08/08/2015
3621,1215,03/14/2015
3622,1385,10/31/2014
3623,1484,07/19/2016
3624,1301,02/25/2016
3625,1476,05/23/2011
3626,1508,10/02/2010
3627,1093,04/01/2012
3628,1365,02/29/2012
3629,1559,08/15/2008
3630,1317,06/12/2010
3631,1500,11/16/2009
3632,1407,11/20/2013
3633,1496,07/30/2013
3634,1289,01/07/2013
3635,1516,06/08/2006
3636,1306,01/14/2006
3637,1295,11/09/2016
3638,1280,05/19/2007
3639,1271,12/03/2006
3640,1224,07/26/2009
3641,1262,10/31/2015
3642,1360,11/20/2014
3643,1491,08/08/2016
3644,1146,03/14/2016
3645,1542,06/08/2007
3646,1243,01/14/2007
3647,1161,04/01/2013
3648,1463,05/19/2008
3649,1388,12/03/2007
3650,1573,07/30/2014
3651,1091,01/07/2014
3652,1476,08/15/2009
3653,1638,05/23/2012
3654,1139,10/02/2011
3655,1109,09/02/2006
3656,1201,06/12/2011
3657,1440,11/24/2010
3658,1401,08/19/2006
3659,1785,05/30/2006
3660,1409,10/31/2016
3661,1343,04/05/2010
3662,1435,04/01/2014
3663,1510,05/19/2009
3664,1525,12/03/2008
3665,1281,09/02/2007
3666,1442,05/23/2013
3667,1273,06/08/2008
3668,1482,01/14/2008
3669,1434,11/20/2015
3670,1439,07/30/2015
3671,1027,01/07/2015
3672,1419,10/02/2012
3673,1466,06/12/2012
3674,751,11/24/2011
3675,1598,10/02/2013
3676,1565,06/12/2013
3677,1205,11/24/2012
3678,1432,05/23/2014
3679,1562,02/01/2006
3680,1023,11/20/2016
3681,1291,08/19/2007
3682,1698,05/30/2007
3683,1406,04/01/2015
3684,1224,07/30/2016
3685,1393,01/07/2016
3686,1512,05/27/2010
3687,1504,12/03/2009
3688,1459,04/05/2011
3689,1513,06/08/2009
3690,1475,01/14/2009
3691,1583,09/02/2008
3692,1535,09/02/2009
3693,1523,05/27/2011
3694,1325,12/11/2010
3695,1484,02/01/2007
3696,1528,12/07/2006
3697,1246,05/23/2015
3698,1406,04/01/2016
3699,1260,02/29/2016
3700,1689,08/19/2008
3701,1577,05/30/2008
3702,1326,08/21/2010
3703,1568,06/16/2010
3704,1516,10/02/2014
3705,1602,06/12/2014
3706,1058,11/24/2013
3707,1441,04/05/2012
3708,1631,03/23/2006
3709,1522,01/18/2006
3710,1581,09/06/2006
3711,1719,04/12/2006
3712,1340,02/01/2008
3713,1507,12/07/2007
3714,1289,08/21/2011
3715,1589,06/16/2011
3716,1591,03/23/2007
3717,1578,01/18/2007
3718,1635,08/19/2009
3719,1333,05/30/2009
3720,1355,11/24/2014
3721,1375,04/05/2013
3722,1142,10/02/2015
3723,1467,06/12/2015
3724,1389,05/23/2016
3725,1484,09/10/2010
3726,1123,05/27/2012
3727,1055,12/11/2011
3728,1189,05/27/2013
3729,1501,12/11/2012
3730,1656,09/06/2007
3731,1330,04/12/2007
3732,1088,03/23/2008
3733,1620,01/18/2008
3734,1543,04/09/2010
3735,1109,02/01/2009
3736,1082,12/07/2008
3737,1637,05/01/2006
3738,1111,10/02/2016
3739,1321,11/24/2015
3740,1195,06/12/2016
3741,1301,09/10/2011
3742,1342,04/05/2014
3743,1575,08/21/2012
3744,1343,06/16/2012
3745,1365,04/09/2011
3746,1479,08/21/2013
3747,1197,06/16/2013
3748,1396,09/10/2012
3749,1652,05/01/2007
3750,1265,07/03/2010
3751,1407,12/07/2009
3752,1683,06/23/2006
3753,1139,02/05/2006
3754,759,11/24/2016
3755,1337,03/23/2009
3756,1051,01/18/2009
3757,1217,09/06/2008
3758,892,04/05/2015
3759,1540,05/27/2014
3760,1360,12/11/2013
3761,1441,04/12/2008
3762,1513,08/21/2014
3763,1462,06/16/2014
3764,1403,09/10/2013
3765,1295,04/09/2012
3766,1538,05/01/2008
3767,1504,06/23/2007
3768,1234,02/05/2007
3769,1628,03/27/2006
3770,1276,09/06/2009
3771,937,04/12/2009
3772,1171,07/03/2011
3773,1243,12/15/2010
3774,1498,05/27/2015
3775,1299,12/11/2014
3776,1212,04/05/2016
3777,1456,08/25/2010
3778,1394,03/31/2010
3779,1435,09/14/2010
3780,1648,04/20/2010
3781,1116,04/16/2006
3782,1596,03/27/2007
3783,1469,10/11/2006
3784,1510,09/10/2014
3785,1508,04/09/2013
3786,1513,08/25/2011
3787,1387,03/31/2011
3788,1518,05/01/2009
3789,1461,12/11/2015
3790,1547,08/21/2015
3791,1518,06/16/2015
3792,1395,05/27/2016
3793,1547,07/03/2012
3794,1573,12/15/2011
3795,1530,06/23/2008
3796,1507,02/05/2008
3797,1313,09/10/2015
3798,1269,08/21/2016
3799,1527,06/16/2016
3800,1540,09/14/2011
3801,1478,04/20/2011
3802,1489,10/08/2010
3803,1647,07/10/2006
3804,1639,05/05/2006
3805,1068,12/11/2016
3806,1465,07/03/2013
3807,1303,12/15/2012
3808,1630,03/27/2008
3809,1588,10/11/2007
3810,1180,01/24/2010
3811,1400,04/16/2007
3812,1709,06/23/2009
3813,1285,02/05/2009
3814,1394,08/25/2012
3815,1225,03/31/2012
3816,1449,04/09/2014
3817,1284,04/09/2015
3818,1569,09/14/2012
3819,1565,04/20/2012
3820,1319,10/08/2011
3821,1484,07/03/2014
3822,1013,12/15/2013
3823,1296,08/25/2013
3824,964,03/31/2013
3825,1540,03/27/2009
3826,1404,10/11/2008
3827,1518,07/07/2010
3828,1258,02/13/2010
3829,1570,04/16/2008
3830,1096,01/24/2011
3831,1522,07/10/2007
3832,1369,05/05/2007
3833,1439,12/22/2006
3834,1640,06/27/2006
3835,1495,02/09/2006
3836,1238,09/10/2016
3837,1608,06/27/2007
3838,1406,02/09/2007
3839,1630,09/21/2006
3840,1344,08/29/2010
3841,1492,03/02/2010
3842,1220,10/11/2009
3843,1226,10/08/2012
3844,1608,01/24/2012
3845,1372,08/25/2014
3846,1261,03/31/2014
3847,1341,09/14/2013
3848,1294,04/20/2013
3849,1340,04/16/2009
3850,1503,07/07/2011
3851,1146,02/13/2011
3852,1158,12/19/2010
3853,1431,07/03/2015
3854,1234,12/15/2014
3855,1302,04/09/2016
3856,1499,07/10/2008
3857,1471,05/05/2008
3858,1283,12/22/2007
3859,1389,04/24/2010
3860,1236,09/14/2014
3861,1008,04/20/2014
3862,1417,01/31/2006
3863,1445,07/10/2009
3864,1501,05/05/2009
3865,1245,12/22/2008
3866,1314,07/07/2012
3867,1354,02/13/2012
3868,1192,12/19/2011
3869,1556,06/27/2008
3870,1387,02/09/2008
3871,1662,09/21/2007
3872,1457,12/15/2015
3873,1485,08/25/2015
3874,1257,03/31/2015
3875,1232,07/03/2016
3876,1284,10/15/2006
3877,1511,10/08/2013
3878,1207,01/24/2013
3879,1328,08/29/2011
3880,1517,03/02/2011
3881,1438,09/18/2010
3882,1353,01/28/2010
3883,1344,12/22/2009
3884,1501,10/15/2007
3885,1357,06/27/2009
3886,1331,02/09/2009
3887,1280,09/21/2008
3888,1326,09/14/2015
3889,1221,04/20/2015
3890,1456,08/25/2016
3891,1418,03/31/2016
3892,1419,01/31/2007
3893,1287,11/04/2006
3894,1161,09/18/2011
3895,1050,04/24/2011
3896,1508,10/08/2014
3897,1273,01/24/2014
3898,1585,07/14/2006
3899,1624,05/09/2006
3900,1259,02/20/2006
3901,1181,12/15/2016
3902,1544,08/29/2012
3903,1440,03/02/2012
3904,1325,07/07/2013
3905,1432,02/13/2013
3906,1416,12/19/2012
3907,1378,07/14/2007
3908,1635,05/09/2007
3909,1572,02/20/2007
3910,1342,12/26/2006
3911,1736,10/15/2008
3912,1459,08/29/2013
3913,1254,03/02/2013
3914,1429,10/08/2015
3915,1059,01/24/2015
3916,1476,04/20/2016
3917,1518,01/31/2008
3918,1327,11/04/2007
3919,1587,08/03/2006
3920,1407,09/14/2016
3921,1279,02/17/2010
3922,1502,09/21/2009
3923,1207,01/28/2011
3924,1123,12/30/2010
3925,1328,09/18/2012
3926,1409,04/24/2012
3927,1426,07/07/2014
3928,898,02/13/2014
3929,1394,12/19/2013
3930,1497,07/14/2008
3931,1360,05/09/2008
3932,1485,02/20/2008
3933,1412,12/26/2007
3934,1633,08/03/2007
3935,1759,09/25/2006
3936,1481,08/29/2014
3937,1110,03/02/2014
3938,1441,01/28/2012
3939,1394,12/30/2011
3940,1249,10/08/2016
3941,1501,09/18/2013
3942,1555,04/24/2013
3943,1531,07/07/2015
3944,1107,02/13/2015
3945,1267,12/19/2014
3946,635,01/24/2016
3947,1470,05/11/2010
3948,1398,03/06/2010
3949,1270,10/15/2009
3950,1243,01/31/2009
3951,1297,11/04/2008
3952,1570,02/17/2011
3953,1262,12/19/2015
3954,1349,08/29/2015
3955,1160,03/02/2015
3956,1435,07/07/2016
3957,1050,02/13/2016
3958,1174,01/28/2013
3959,1031,12/30/2012
3960,1326,01/02/2006
3961,1552,04/28/2010
3962,1497,11/04/2009
3963,1566,07/14/2009
3964,1436,05/09/2009
3965,1398,02/20/2009
3966,1295,12/26/2008
3967,1602,05/11/2011
3968,1005,03/06/2011
3969,1428,10/23/2010
3970,1656,10/19/2006
3971,1558,09/18/2014
3972,1415,04/24/2014
3973,1526,02/17/2012
3974,1392,08/03/2008
3975,1753,09/25/2007
3976,1428,04/28/2011
3977,1546,11/12/2010
3978,1639,07/18/2006
3979,1299,02/24/2006
3980,1273,12/19/2016
3981,1416,08/29/2016
3982,1630,01/02/2007
3983,1353,11/08/2006
3984,1478,08/03/2009
3985,1484,09/25/2008
3986,1622,07/22/2010
3987,938,12/26/2009
3988,1071,02/17/2013
3989,1608,10/19/2007
3990,1599,09/18/2015
3991,1359,04/24/2015
3992,1334,03/02/2016
3993,1510,05/11/2012
3994,1487,03/06/2012
3995,1248,10/23/2011
3996,1325,01/28/2014
3997,1308,12/30/2013
3998,1153,01/28/2015
3999,1085,12/30/2014
4000,1139,04/24/2016
4001,1632,08/07/2006
4002,1536,03/13/2006
4003,1225,09/18/2016
4004,1404,07/22/2011
4005,1649,08/11/2010
4006,1565,09/25/2009
4007,1218,10/19/2008
4008,1309,04/28/2012
4009,1305,11/12/2011
4010,1409,01/02/2008
4011,1565,11/08/2007
4012,1060,02/17/2014
4013,1447,07/18/2007
4014,1292,02/24/2007
4015,1357,05/11/2013
4016,1277,03/06/2013
4017,1491,10/23/2012
