,MONTH,DAY,YEAR,_c3
0,01,02,2009,1370
1,11,08,2008,1410
2,05,15,2010,1341
3,10,19,2009,1341
4,08,07,2007,1695
5,03,13,2007,1605
6,10,30,2006,1575
7,09,29,2006,1590
8,07,22,2012,1345
9,01,28,2016,1406
10,10,23,2013,1457
11,04,28,2013,1187
12,11,12,2012,1221
13,12,30,2015,1265
14,02,17,2015,1117
15,08,11,2011,1621
16,07,18,2008,1587
17,02,24,2008,1129
18,05,11,2014,1178
19,03,06,2014,1367
20,07,18,2009,1406
21,02,24,2009,1481
22,05,11,2015,1448
23,03,06,2015,1180
24,05,15,2011,1138
25,10,27,2010,1579
26,07,22,2013,1498
27,08,11,2012,1476
28,08,07,2008,1682
29,03,13,2008,1560
30,10,30,2007,1603
31,09,29,2007,1552
32,01,06,2006,1563
33,12,30,2016,1308
34,10,23,2014,1286
35,04,28,2014,1304
36,11,12,2013,1296
37,02,17,2016,1315
38,06,04,2010,1624
39,01,10,2010,1108
40,11,08,2009,1278
41,02,28,2006,1460
42,11,12,2014,1464
43,07,22,2014,1517
44,07,26,2010,1446
45,05,11,2016,1495
46,03,06,2016,1137
47,05,15,2012,1364
48,10,27,2011,1303
49,08,11,2013,1380
50,01,06,2007,1365
51,10,23,2015,1377
52,04,28,2015,1383
53,08,07,2009,1590
54,03,13,2009,1483
55,10,30,2008,1472
56,09,29,2008,1574
57,06,04,2011,1435
58,01,10,2011,1264
59,11,16,2010,1444
60,08,11,2014,1490
61,02,28,2007,1645
62,07,26,2011,1551
63,04,28,2016,1324
64,08,15,2010,1302
65,10,30,2009,1519
66,09,29,2009,1463
67,05,22,2006,1580
68,03,17,2006,1490
69,10,23,2016,1180
70,06,04,2012,1312
71,01,10,2012,1556
72,11,16,2011,1355
73,01,06,2008,1241
74,05,15,2013,1547
75,10,27,2012,1305
76,11,12,2015,1392
77,07,22,2015,1574
78,07,26,2012,1457
79,02,28,2008,1441
80,05,19,2010,1503
81,05,15,2014,1483
82,10,27,2013,1246
83,06,04,2013,1557
84,01,10,2013,1503
85,11,16,2012,1371
86,06,11,2006,1257
87,11,12,2016,1158
88,05,22,2007,1712
89,03,17,2007,903
90,10,01,2006,1317
91,08,15,2011,1453
92,01,06,2009,1481
93,08,11,2015,1354
94,07,22,2016,1365
95,06,11,2007,1637
96,11,23,2006,802
97,05,19,2011,1534
98,12,03,2010,1396
99,05,22,2008,1539
100,03,17,2008,1463
101,10,01,2007,1658
102,08,15,2012,1404
103,10,27,2014,1399
104,06,04,2014,1530
105,01,10,2014,1378
106,11,16,2013,1442
107,08,11,2016,1346
108,06,08,2010,1611
109,01,14,2010,1564
110,02,28,2009,1292
111,05,15,2015,1533
112,07,26,2013,1456
113,05,15,2016,1268
114,04,04,2006,1618
115,06,11,2008,1682
116,11,23,2007,1283
117,06,08,2011,1562
118,01,14,2011,1325
119,11,16,2014,1186
120,07,26,2014,1347
121,10,27,2015,1338
122,06,04,2015,1402
123,01,10,2015,988
124,08,15,2013,1501
125,09,02,2010,1532
126,05,19,2012,1342
127,12,03,2011,1231
128,05,22,2009,1512
129,03,17,2009,1459
130,10,01,2008,1582
131,06,08,2012,1511
132,01,14,2012,1215
133,05,26,2006,1538
134,10,27,2016,1276
135,08,19,2010,1540
136,05,30,2010,1200
137,10,01,2009,1486
138,05,19,2013,1096
139,12,03,2012,1289
140,06,11,2009,1516
141,11,23,2008,1107
142,04,04,2007,1303
143,11,16,2015,1409
144,07,26,2015,1364
145,08,15,2014,1441
146,09,02,2011,1412
147,06,04,2016,1264
148,01,10,2016,1113
149,02,01,2010,1281
150,11,23,2009,1426
151,05,26,2007,1331
152,12,10,2006,1258
153,10,05,2006,1599
154,06,08,2013,1197
155,01,14,2013,1366
156,05,19,2014,1395
157,12,03,2013,1461
158,04,04,2008,1495
159,08,19,2011,1390
160,05,30,2011,1126
161,08,15,2015,1397
162,07,26,2016,1489
163,08,20,2006,1358
164,06,15,2006,1608
165,11,16,2016,1431
166,09,02,2012,1236
167,09,02,2013,1274
168,03,23,2010,1454
169,01,18,2010,1235
170,06,08,2014,1200
171,01,14,2014,1436
172,02,01,2011,1222
173,12,07,2010,1390
174,08,15,2016,1426
175,03,19,2006,1158
176,05,26,2008,1164
177,12,10,2007,1458
178,10,05,2007,1698
179,08,20,2007,1515
180,06,15,2007,1582
181,11,27,2006,1590
182,08,19,2012,1286
183,05,30,2012,1616
184,05,19,2015,1426
185,12,03,2014,1240
186,04,04,2009,1268
187,05,19,2016,1493
188,09,02,2014,1558
189,09,06,2010,1243
190,04,12,2010,1428
191,02,01,2012,1596
192,12,07,2011,1355
193,12,03,2015,1305
194,06,08,2015,1419
195,01,14,2015,1305
196,05,26,2009,1611
197,12,10,2008,1571
198,10,05,2008,1234
199,03,23,2011,1311
200,01,18,2011,1238
201,08,20,2008,1618
202,06,15,2008,1133
203,11,27,2007,1653
204,03,19,2007,1345
205,08,19,2013,1429
206,05,30,2013,1415
207,04,08,2006,1301
208,02,01,2013,1440
209,12,07,2012,1310
210,03,23,2012,1532
211,01,18,2012,1417
212,07,02,2006,1251
213,12,03,2016,1266
214,06,08,2016,1332
215,01,14,2016,1353
216,08,19,2014,1507
217,05,30,2014,1461
218,03,19,2008,1399
219,09,06,2011,1252
220,04,12,2011,1381
221,04,08,2007,1001
222,09,02,2015,1499
223,08,20,2009,1639
224,06,15,2009,1468
225,11,27,2008,768
226,05,01,2010,1319
227,12,10,2009,1485
228,10,05,2009,1418
229,03,19,2009,1488
230,05,01,2011,1135
231,07,02,2007,1554
232,12,14,2006,1542
233,09,02,2016,1367
234,09,06,2012,1416
235,04,12,2012,1339
236,08,24,2006,1691
237,06,19,2006,1602
238,03,30,2006,1517
239,04,08,2008,1530
240,02,01,2014,1332
241,12,07,2013,1316
242,03,23,2013,1224
243,01,18,2013,1361
244,08,19,2015,1561
245,05,30,2015,1401
246,06,23,2010,1574
247,02,05,2010,1526
248,11,27,2009,1256
249,03,23,2014,1149
250,01,18,2014,1381
251,03,27,2010,1241
252,08,19,2016,1461
253,05,30,2016,1169
254,09,06,2013,1389
255,04,12,2013,1340
256,02,01,2015,991
257,12,07,2014,1073
258,05,01,2012,1421
259,06,23,2011,1531
260,02,05,2011,1264
261,04,08,2009,1587
262,08,24,2007,1560
263,06,19,2007,1749
264,03,30,2007,1517
265,09,13,2006,1671
266,07,02,2008,1618
267,12,14,2007,1477
268,05,01,2013,1500
269,10,07,2006,1407
270,03,27,2011,1110
271,10,11,2010,1312
272,08,24,2008,1306
273,06,19,2008,1612
274,03,30,2008,1107
275,09,13,2007,1624
276,04,16,2010,1521
277,12,07,2015,1300
278,03,23,2015,1152
279,01,18,2015,995
280,07,02,2009,1473
281,12,14,2008,1109
282,01,23,2006,1622
283,02,01,2016,1250
284,09,06,2014,1406
285,04,12,2014,1338
286,06,23,2012,1352
287,02,05,2012,1034
288,08,24,2009,1509
289,06,19,2009,1519
290,03,30,2009,1444
291,09,13,2008,1467
292,06,23,2013,1249
293,02,05,2013,1343
294,07,10,2010,1403
295,05,05,2010,1630
296,12,14,2009,1369
297,04,16,2011,1133
298,01,23,2007,1557
299,11,29,2006,1520
300,03,27,2012,1349
301,10,11,2011,1550
302,05,01,2014,1419
303,07,06,2006,1609
304,02,12,2006,612
305,12,07,2016,1344
306,03,23,2016,1372
307,01,18,2016,1136
308,10,07,2007,1376
309,09,06,2015,1242
310,04,12,2015,1110
311,06,27,2010,1220
312,02,09,2010,1306
313,09,13,2009,1299
314,06,23,2014,1410
315,02,05,2014,1105
316,10,11,2012,1490
317,04,16,2012,1455
318,07,06,2007,1518
319,02,12,2007,1410
320,12,18,2006,1507
321,08,28,2006,1535
322,05,01,2015,1390
323,04,12,2016,1319
324,07,10,2011,1304
325,05,05,2011,1492
326,12,22,2010,1416
327,03,27,2013,1355
328,03,01,2006,1535
329,09,06,2016,1483
330,01,23,2008,1632
331,11,29,2007,1461
332,10,07,2008,1567
333,08,28,2007,1625
334,03,01,2007,1549
335,09,17,2006,1326
336,05,01,2016,1005
337,01,23,2009,1497
338,11,29,2008,1274
339,04,23,2006,1176
340,07,06,2008,1221
341,02,12,2008,1235
342,12,18,2007,1601
343,07,10,2012,1587
344,05,05,2012,1345
345,12,22,2011,1487
346,10,07,2009,1542
347,03,27,2014,1344
348,10,11,2013,1546
349,04,16,2013,1422
350,06,27,2011,1477
351,02,09,2011,1338
352,09,21,2010,1511
353,06,23,2015,1512
354,02,05,2015,1232
355,07,10,2013,1523
356,05,05,2013,1191
357,12,22,2012,1185
358,03,27,2015,1267
359,09,21,2011,1574
360,10,15,2010,1517
361,10,11,2014,1230
362,04,16,2014,1407
363,01,27,2006,1420
364,07,06,2009,1425
365,02,12,2009,1536
366,12,18,2008,1553
367,04,23,2007,1547
368,08,28,2008,1622
369,03,01,2008,1263
370,09,17,2007,1536
371,06,27,2012,1680
372,02,09,2012,1465
373,01,31,2010,1032
374,11,29,2009,1224
375,06,23,2016,1484
376,02,05,2016,1240
377,01,31,2011,1168
378,11,04,2010,1359
379,02,16,2006,1636
380,08,28,2009,1412
381,03,01,2009,1143
382,09,17,2008,1651
383,06,27,2013,1514
384,02,09,2013,879
385,01,27,2007,1302
386,09,21,2012,1542
387,10,15,2011,1147
388,03,27,2016,999
389,04,23,2008,1502
390,10,11,2015,1248
391,04,16,2015,1454
392,07,10,2014,1597
393,05,05,2014,1395
394,12,22,2013,1304
395,07,14,2010,1501
396,05,09,2010,1109
397,02,20,2010,1321
398,12,18,2009,1356
399,04,16,2016,1291
400,01,27,2008,1203
401,05,10,2006,1695
402,03,05,2006,1160
403,10,11,2016,1357
404,02,16,2007,1327
405,01,31,2012,1543
406,11,04,2011,1458
407,06,27,2014,1474
408,02,09,2014,1112
409,09,21,2013,1416
410,10,15,2012,1374
411,07,14,2011,1633
412,05,09,2011,1467
413,02,20,2011,1049
414,12,26,2010,568
415,08,03,2010,1446
416,09,17,2009,1705
417,04,23,2009,1508
418,07,10,2015,1331
419,05,05,2015,1411
420,12,22,2014,1066
421,12,22,2015,1284
422,06,27,2015,1262
423,02,09,2015,1084
424,01,27,2009,1442
425,05,10,2007,1635
426,03,05,2007,1394
427,10,22,2006,1302
428,04,27,2006,1588
429,10,15,2013,1514
430,01,31,2013,1431
431,11,04,2012,1032
432,08,03,2011,1470
433,09,25,2010,1407
434,07,14,2012,1496
435,05,09,2012,1568
436,02,20,2012,1147
437,12,26,2011,1019
438,02,16,2008,1372
439,07,10,2016,1166
440,05,05,2016,1352
441,09,21,2014,1291
442,04,27,2007,1479
443,11,11,2006,1396
444,08,03,2012,1560
445,09,25,2011,1294
446,06,27,2016,1471
447,02,09,2016,1285
448,02,16,2009,1164
449,09,21,2015,1438
450,11,04,2013,1343
451,07,14,2013,1298
452,05,09,2013,1417
453,02,20,2013,1340
454,12,26,2012,1060
455,01,02,2010,1087
456,10,15,2014,1588
457,01,31,2014,1367
458,10,19,2010,1562
459,07,21,2006,1469
460,12,22,2016,1355
461,05,10,2008,1360
462,03,05,2008,1566
463,10,22,2007,1637
464,07,21,2007,1404
465,01,02,2011,985
466,11,08,2010,1314
467,09,25,2012,1556
468,10,19,2011,1409
469,04,27,2008,1188
470,11,11,2007,1305
471,10,15,2015,1530
472,01,31,2015,1062
473,11,04,2014,1428
474,07,14,2014,1397
475,05,09,2014,1478
476,02,20,2014,1379
477,12,26,2013,1228
478,08,03,2013,1427
479,08,10,2006,1679
480,09,21,2016,1392
481,07,18,2010,1276
482,02,24,2010,1479
483,05,10,2009,1146
484,03,05,2009,1493
485,10,22,2008,1478
486,09,25,2013,1577
487,10,19,2012,1524
488,08,03,2014,1280
489,08,07,2010,1371
490,03,13,2010,1027
491,10,22,2009,1577
492,01,02,2012,1085
493,11,08,2011,1421
494,11,04,2015,1565
495,07,14,2015,1392
496,05,09,2015,1266
497,02,20,2015,1103
498,12,26,2014,978
499,07,18,2011,1390
500,02,24,2011,1328
501,01,31,2016,1122
502,05,14,2006,1204
503,03,09,2006,1563
504,10,15,2016,1273
505,07,21,2008,1528
506,08,10,2007,1423
507,04,27,2009,1444
508,11,11,2008,1379
509,06,03,2006,1289
510,11,04,2016,1420
511,10,19,2013,1304
512,01,02,2013,1299
513,11,08,2012,1048
514,07,21,2009,1518
515,08,07,2011,1234
516,03,13,2011,1171
517,10,30,2010,1253
518,09,29,2010,1640
519,07,14,2016,1455
520,05,09,2016,1427
521,02,20,2016,1217
522,11,11,2009,1477
523,09,25,2014,1310
524,08,10,2008,1322
525,12,26,2015,1122
526,08,03,2015,1500
527,07,18,2012,1543
528,02,24,2012,1261
529,05,14,2007,1684
530,03,09,2007,1493
531,10,26,2006,1629
532,06,03,2007,1234
533,11,15,2006,1582
534,08,03,2016,1427
535,01,06,2010,1498
536,10,19,2014,1275
537,01,02,2014,1206
538,11,08,2013,1437
539,09,25,2015,1277
540,05,14,2008,1668
541,03,09,2008,1195
542,10,26,2007,1522
543,08,07,2012,1549
544,03,13,2012,1552
545,10,30,2011,992
546,09,29,2011,1385
547,07,25,2006,1715
548,12,26,2016,1027
549,08,10,2009,1441
550,07,18,2013,1485
551,02,24,2013,1181
552,11,08,2014,1326
553,07,18,2014,1443
554,02,24,2014,1252
555,07,25,2007,1756
556,08,14,2006,1686
557,01,06,2011,1492
558,09,25,2016,1199
559,08,07,2013,1477
560,03,13,2013,1506
561,10,30,2012,670
562,09,29,2012,1425
563,02,28,2010,972
564,05,14,2009,1464
565,03,09,2009,1415
566,10,26,2008,1231
567,06,03,2008,1725
568,11,15,2007,1523
569,10,19,2015,1293
570,01,02,2015,1009
571,02,28,2011,1279
572,11,08,2015,1136
573,07,18,2015,1324
574,02,24,2015,1094
575,08,07,2014,1477
576,03,13,2014,1333
577,10,30,2013,1559
578,09,29,2013,1336
579,01,06,2012,1457
580,05,22,2010,1412
581,03,17,2010,1546
582,10,26,2009,1492
583,01,02,2016,1072
584,06,03,2009,1533
585,11,15,2008,1300
586,05,18,2006,1591
587,10,19,2016,1525
588,07,25,2008,1590
589,08,14,2007,1673
590,01,06,2013,1142
591,06,11,2010,1560
592,11,15,2009,1223
593,07,25,2009,1365
594,05,22,2011,1173
595,03,17,2011,1455
596,10,01,2010,1408
597,08,14,2008,1517
598,08,07,2015,1509
599,03,13,2015,1290
600,02,28,2012,1466
601,06,07,2006,1425
602,01,13,2006,1617
603,11,08,2016,1265
604,07,18,2016,1409
605,02,24,2016,1202
606,05,18,2007,1612
607,12,02,2006,1358
608,10,30,2014,1414
609,09,29,2014,1495
610,01,06,2014,1259
611,09,01,2006,1501
612,07,29,2006,1396
613,08,14,2009,1605
614,08,07,2016,1256
615,03,13,2016,1132
616,10,01,2011,1253
617,06,11,2011,1287
618,11,23,2010,1520
619,05,22,2012,1611
620,03,17,2012,1325
621,10,30,2015,1307
622,09,29,2015,1415
623,02,28,2013,1409
624,06,07,2007,1597
625,01,13,2007,1390
626,11,19,2006,1216
627,05,18,2008,1313
628,12,02,2007,1080
629,01,06,2015,1059
630,06,07,2008,1325
631,01,13,2008,1274
632,11,19,2007,1368
633,07,29,2007,1326
634,05,22,2013,1587
635,03,17,2013,1175
636,08,18,2006,1545
637,10,30,2016,1234
638,09,29,2016,1325
639,09,01,2007,1408
640,04,04,2010,1050
641,10,01,2012,1327
642,06,11,2012,1466
643,11,23,2011,1372
644,05,18,2009,1443
645,12,02,2008,1658
646,02,28,2014,1276
647,06,07,2009,1236
648,01,13,2009,1612
649,11,19,2008,1538
650,09,01,2008,1238
651,07,29,2008,1791
652,08,18,2007,1381
653,05,26,2010,1556
654,12,02,2009,1540
655,01,06,2016,1320
656,04,04,2011,1349
657,02,28,2015,1122
658,10,01,2013,1503
659,06,11,2013,1409
660,11,23,2012,1197
661,05,22,2014,1491
662,03,17,2014,1255
663,03,22,2006,1614
664,01,17,2006,1480
665,04,04,2012,1583
666,05,22,2015,1415
667,03,17,2015,1342
668,05,26,2011,1512
669,12,10,2010,1353
670,10,05,2010,1527
671,08,20,2010,1498
672,06,15,2010,1516
673,11,19,2009,1556
674,12,06,2006,1548
675,02,28,2016,1047
676,09,01,2009,1606
677,07,29,2009,1507
678,08,18,2008,1558
679,10,01,2014,1445
680,06,11,2014,1571
681,11,23,2013,1415
682,10,01,2015,1333
683,06,11,2015,1486
684,08,20,2011,1360
685,06,15,2011,1650
686,11,27,2010,1292
687,03,19,2010,1481
688,11,23,2014,1204
689,05,22,2016,1214
690,03,17,2016,1298
691,03,22,2007,1581
692,01,17,2007,1435
693,05,26,2012,1394
694,12,10,2011,1340
695,10,05,2011,1511
696,09,05,2006,1549
697,04,11,2006,1574
698,08,18,2009,1501
699,12,06,2007,1463
700,04,04,2013,1322
701,06,11,2016,1306
702,04,04,2014,1415
703,03,22,2008,1394
704,01,17,2008,1543
705,10,01,2016,1176
706,12,06,2008,1295
707,04,08,2010,1588
708,03,19,2011,1332
709,05,26,2013,1132
710,12,10,2012,1406
711,10,05,2012,1601
712,08,20,2012,1490
713,06,15,2012,1559
714,11,27,2011,1285
715,09,05,2007,1689
716,04,11,2007,1568
717,11,23,2015,1266
718,10,05,2013,1455
719,08,20,2013,1469
720,06,15,2013,1430
721,11,27,2012,1228
722,04,04,2015,1218
723,06,22,2006,1742
724,02,04,2006,1335
725,11,23,2016,1209
726,07,02,2010,1423
727,12,06,2009,1097
728,03,19,2012,1421
729,03,22,2009,1170
730,01,17,2009,1248
731,09,05,2008,1622
732,04,08,2011,1492
733,04,11,2008,1601
734,05,26,2014,1147
735,12,10,2013,1378
736,08,24,2010,1450
737,06,19,2010,1429
738,03,30,2010,1128
739,03,19,2013,1240
740,03,26,2006,1228
741,06,22,2007,1476
742,02,04,2007,1018
743,07,02,2011,1237
744,12,14,2010,1300
745,04,04,2016,1226
746,04,08,2012,1003
747,09,05,2009,1431
748,04,11,2009,1206
749,05,26,2015,1519
750,12,10,2014,1251
751,10,05,2014,1272
752,08,20,2014,1645
753,06,15,2014,1229
754,11,27,2013,1229
755,12,10,2015,1383
756,10,05,2015,1357
757,08,20,2015,1456
758,06,15,2015,1427
759,11,27,2014,662
760,08,24,2011,1566
761,06,19,2011,1291
762,03,30,2011,1455
763,03,19,2014,1362
764,09,09,2006,1399
765,04,15,2006,1305
766,05,26,2016,1457
767,07,02,2012,1437
768,12,14,2011,1433
769,09,13,2010,1332
770,06,22,2008,1275
771,02,04,2008,1419
772,04,08,2013,1281
773,03,26,2007,1539
774,10,10,2006,1652
775,06,22,2009,1627
776,02,04,2009,1370
777,04,15,2007,946
778,05,04,2006,1607
779,12,10,2016,1188
780,10,05,2016,1399
781,07,02,2013,1507
782,12,14,2012,1404
783,03,26,2008,1614
784,10,10,2007,1750
785,09,09,2007,1445
786,01,23,2010,1436
787,08,24,2012,1575
788,06,19,2012,1569
789,03,30,2012,1417
790,08,20,2016,1317
791,06,15,2016,1543
792,11,27,2015,1240
793,03,19,2015,1320
794,04,08,2014,1458
795,09,13,2011,1426
796,10,07,2010,1601
797,08,24,2013,1428
798,06,19,2013,1473
799,03,30,2013,1221
800,08,31,2006,1560
801,06,26,2006,1655
802,02,08,2006,1547
803,11,27,2016,1076
804,03,26,2009,1429
805,09,09,2008,1464
806,10,10,2008,1684
807,01,23,2011,1027
808,11,29,2010,1402
809,03,19,2016,1275
810,04,15,2008,1564
811,07,02,2014,1370
812,12,14,2013,1103
813,05,04,2007,1565
814,12,21,2006,1510
815,09,13,2012,1463
816,10,07,2011,1445
817,07,06,2010,1501
818,02,12,2010,1306
819,04,08,2015,1378
820,04,15,2009,1305
821,08,28,2010,1309
822,03,01,2010,1281
823,10,10,2009,1390
824,09,09,2009,1463
825,10,07,2012,1183
826,01,23,2012,1425
827,11,29,2011,1503
828,05,04,2008,1186
829,12,21,2007,1588
830,07,02,2015,1372
831,12,14,2014,1203
832,08,31,2007,1585
833,06,26,2007,1715
834,02,08,2007,1448
835,09,20,2006,1735
836,04,08,2016,1383
837,07,06,2011,1511
838,02,12,2011,1353
839,12,18,2010,1308
840,09,13,2013,1474
841,08,24,2014,1386
842,06,19,2014,1581
843,03,30,2014,1034
844,04,23,2010,1585
845,06,26,2008,1656
846,02,08,2008,1563
847,09,20,2007,1641
848,08,28,2011,664
849,03,01,2011,1419
850,09,17,2010,1503
851,07,06,2012,1457
852,02,12,2012,1049
853,12,18,2011,1014
854,09,13,2014,1282
855,10,07,2013,1424
856,04,19,2006,1581
857,01,30,2006,1557
858,07,02,2016,1248
859,10,14,2006,1304
860,05,04,2009,1279
861,12,21,2008,1062
862,08,31,2008,1249
863,01,23,2013,1172
864,11,29,2012,1438
865,12,14,2015,1320
866,08,24,2015,1510
867,06,19,2015,1433
868,03,30,2015,1270
869,01,27,2010,1501
870,12,21,2009,1139
871,08,28,2012,1470
872,03,01,2012,1371
873,08,31,2009,1429
874,06,26,2009,1505
875,02,08,2009,1076
876,09,20,2008,1422
877,07,06,2013,1304
878,02,12,2013,1493
879,12,18,2012,1361
880,09,17,2011,1250
881,04,23,2011,1246
882,10,14,2007,1274
883,10,07,2014,1510
884,01,23,2014,1164
885,11,29,2013,1311
886,07,13,2006,1684
887,05,08,2006,1587
888,12,14,2016,1411
889,08,24,2016,1518
890,06,19,2016,1154
891,03,30,2016,1351
892,09,13,2015,1191
893,04,19,2007,1683
894,01,30,2007,1412
895,11,03,2006,1481
896,02,16,2010,1120
897,09,20,2009,1197
898,09,17,2012,1436
899,04,23,2012,1404
900,10,07,2015,1505
901,01,23,2015,1334
902,11,29,2014,1145
903,07,06,2014,1311
904,02,12,2014,1358
905,12,18,2013,1347
906,07,13,2007,1590
907,05,08,2007,1597
908,12,25,2006,706
909,04,19,2008,1310
910,01,30,2008,1454
911,11,03,2007,1356
912,08,28,2013,1465
913,03,01,2013,1343
914,08,02,2006,1545
915,09,13,2016,1357
916,01,27,2011,864
917,10,14,2008,1657
918,01,23,2016,569
919,02,16,2011,1537
920,01,27,2012,1493
921,08,02,2007,1710
922,09,24,2006,1431
923,09,17,2013,1459
924,04,23,2013,1353
925,08,28,2014,1526
926,03,01,2014,1292
927,04,19,2009,1128
928,01,30,2009,1431
929,11,03,2008,1375
930,04,30,2006,1238
931,10,07,2016,1361
932,05,10,2010,1409
933,03,05,2010,1519
934,10,14,2009,1616
935,11,29,2015,1122
936,07,06,2015,1370
937,02,12,2015,1295
938,12,18,2014,1315
939,07,13,2008,1242
940,05,08,2008,1624
941,12,25,2007,817
942,07,13,2009,1483
943,05,08,2009,1620
944,12,25,2008,714
945,09,17,2014,1565
946,04,23,2014,1525
947,12,18,2015,1325
948,08,28,2015,1522
949,03,01,2015,914
950,05,10,2011,1643
951,03,05,2011,1369
952,10,22,2010,1555
953,04,27,2010,1584
954,11,03,2009,1367
955,01,27,2013,1068
956,07,06,2016,1423
957,02,12,2016,1246
958,04,30,2007,1618
959,10,18,2006,1683
960,01,01,2006,1376
961,11,29,2016,1223
962,02,16,2012,1477
963,08,02,2008,1445
964,09,24,2007,1554
965,09,17,2015,1448
966,04,23,2015,1362
967,05,10,2012,1577
968,03,05,2012,1339
969,10,22,2011,1368
970,02,16,2013,1307
971,08,28,2016,1340
972,03,01,2016,1279
973,01,27,2014,1248
974,04,30,2008,1472
975,10,18,2007,1716
976,01,01,2007,1377
977,11,07,2006,1440
978,07,21,2010,1545
979,12,25,2009,695
980,08,02,2009,1233
981,09,24,2008,1644
982,04,27,2011,1475
983,11,11,2010,1423
984,07,17,2006,1506
985,02,23,2006,1467
986,12,18,2016,1074
987,01,27,2015,741
988,04,23,2016,1326
989,02,16,2014,1011
990,07,17,2007,1706
991,02,23,2007,1329
992,12,29,2006,1450
993,04,27,2012,1546
994,11,11,2011,1344
995,08,10,2010,1553
996,09,24,2009,1596
997,05,10,2013,1530
998,03,05,2013,1359
999,10,22,2012,1409
1000,08,06,2006,1284
1001,03,12,2006,1174
1002,09,17,2016,1284
1003,07,21,2011,1527
1004,04,30,2009,1552
1005,10,18,2008,1384
1006,01,01,2008,1439
1007,11,07,2007,1581
1008,08,10,2011,1553
1009,08,06,2007,1578
1010,03,12,2007,1503
1011,09,28,2006,1734
1012,05,10,2014,1375
1013,03,05,2014,1394
1014,01,27,2016,1337
1015,05,14,2010,1593
1016,03,09,2010,1542
1017,10,18,2009,1123
1018,02,16,2015,997
1019,07,17,2008,1635
1020,02,23,2008,1227
1021,12,29,2007,1329
1022,10,22,2013,1465
1023,04,27,2013,1364
1024,11,11,2012,1066
1025,07,21,2012,1350
1026,01,01,2009,1223
1027,11,07,2008,1577
1028,02,16,2016,1121
1029,08,10,2012,1486
1030,01,05,2006,1666
1031,06,03,2010,1599
1032,11,07,2009,1362
1033,08,06,2008,1581
1034,03,12,2008,1639
1035,09,28,2007,1679
1036,10,22,2014,1337
1037,04,27,2014,1252
1038,11,11,2013,1201
1039,05,14,2011,1308
1040,03,09,2011,1483
1041,10,26,2010,1653
1042,07,21,2013,1352
1043,05,10,2015,1143
1044,03,05,2015,1029
1045,07,17,2009,1535
1046,02,23,2009,1264
1047,12,29,2008,1365
1048,11,11,2014,1369
1049,07,21,2014,1439
1050,08,06,2009,1552
1051,03,12,2009,1548
1052,09,28,2008,1290
1053,07,25,2010,1243
1054,12,29,2009,1340
1055,10,22,2015,1411
1056,04,27,2015,1347
1057,08,10,2013,1351
1058,06,03,2011,1536
1059,11,15,2010,1444
1060,05,10,2016,1440
1061,03,05,2016,1174
1062,02,27,2006,1347
1063,05,14,2012,1370
1064,03,09,2012,1475
1065,10,26,2011,1517
1066,01,05,2007,1687
1067,11,11,2015,1390
1068,07,21,2015,1537
1069,05,21,2006,1257
1070,03,16,2006,1537
1071,10,22,2016,1319
1072,08,10,2014,1374
1073,06,03,2012,1299
1074,11,15,2011,1474
1075,08,14,2010,1429
1076,09,28,2009,1362
1077,04,27,2016,1279
1078,02,27,2007,1508
1079,05,14,2013,1422
1080,03,09,2013,1309
1081,10,26,2012,1441
1082,01,05,2008,1439
1083,07,25,2011,1456
1084,02,27,2008,1520
1085,07,21,2016,1454
1086,08,14,2011,950
1087,01,05,2009,1413
1088,10,26,2013,1316
1089,06,03,2013,1372
1090,11,15,2012,1389
1091,06,10,2006,1301
1092,11,11,2016,1203
1093,05,21,2007,1616
1094,03,16,2007,1171
1095,05,18,2010,1367
1096,07,25,2012,1650
1097,08,10,2015,1447
1098,05,14,2014,1534
1099,03,09,2014,1107
1100,01,09,2006,1550
1101,02,27,2009,1576
1102,05,21,2008,1642
1103,03,16,2008,1158
1104,06,07,2010,1469
1105,01,13,2010,1439
1106,05,18,2011,1480
1107,12,02,2010,1484
1108,05,14,2015,1442
1109,03,09,2015,1333
1110,10,26,2014,1340
1111,07,25,2013,1615
1112,06,10,2007,1322
1113,11,22,2006,1416
1114,08,14,2012,1550
1115,06,03,2014,1495
1116,11,15,2013,1517
1117,08,10,2016,1453
1118,04,03,2006,1423
1119,10,26,2015,1307
1120,06,03,2015,1439
1121,05,18,2012,1584
1122,12,02,2011,1459
1123,01,09,2007,1596
1124,05,14,2016,1388
1125,03,09,2016,1412
1126,06,10,2008,1501
1127,11,22,2007,831
1128,05,21,2009,1564
1129,03,16,2009,1412
1130,08,14,2013,1658
1131,09,01,2010,1544
1132,07,29,2010,1633
1133,11,15,2014,1207
1134,07,25,2014,1489
1135,06,07,2011,1623
1136,01,13,2011,1262
1137,11,19,2010,1518
1138,11,15,2015,1126
1139,07,25,2015,1427
1140,09,01,2011,1493
1141,07,29,2011,1415
1142,08,14,2014,1617
1143,06,03,2016,1401
1144,04,03,2007,1422
1145,05,25,2006,1685
1146,10,26,2016,1340
1147,01,09,2008,1607
1148,05,18,2013,1254
1149,12,02,2012,1189
1150,06,07,2012,1487
1151,01,13,2012,1453
1152,11,19,2011,1368
1153,08,18,2010,1550
1154,06,10,2009,1544
1155,11,22,2008,1245
1156,06,07,2013,1239
1157,01,13,2013,1216
1158,11,19,2012,1317
1159,05,18,2014,1373
1160,12,02,2013,1389
1161,08,14,2015,1584
1162,07,25,2016,1308
1163,05,25,2007,1584
1164,10,04,2006,1654
1165,08,18,2011,1430
1166,09,01,2012,1348
1167,07,29,2012,1260
1168,06,14,2006,1710
1169,01,20,2006,1592
1170,11,15,2016,1209
1171,04,03,2008,1522
1172,11,22,2009,1170
1173,01,09,2009,1494
1174,03,18,2006,1305
1175,09,01,2013,1328
1176,07,29,2013,1419
1177,06,14,2007,1711
1178,01,20,2007,1281
1179,11,26,2006,1250
1180,05,18,2015,1493
1181,12,02,2014,1263
1182,12,06,2010,1277
1183,04,03,2009,1438
1184,05,25,2008,1195
1185,10,04,2007,1679
1186,08,14,2016,1244
1187,06,07,2014,1283
1188,01,13,2014,1423
1189,11,19,2013,1386
1190,08,18,2012,1326
1191,03,22,2010,1217
1192,01,17,2010,1142
1193,05,25,2009,1184
1194,10,04,2008,1340
1195,03,18,2007,1133
1196,05,18,2016,1586
1197,09,05,2010,1332
1198,04,11,2010,1256
1199,11,19,2014,1248
1200,09,01,2014,1291
1201,07,29,2014,1603
1202,08,18,2013,1328
1203,04,07,2006,1559
1204,12,06,2011,1374
1205,12,02,2015,1326
1206,06,07,2015,1195
1207,01,13,2015,1344
1208,06,14,2008,1412
1209,01,20,2008,1221
1210,11,26,2007,1451
1211,03,22,2011,1536
1212,01,17,2011,1110
1213,10,04,2009,1351
1214,07,01,2006,1369
1215,05,29,2006,1215
1216,12,02,2016,1358
1217,03,22,2012,1555
1218,01,17,2012,1439
1219,12,06,2012,1325
1220,11,19,2015,1331
1221,09,01,2015,1524
1222,07,29,2015,1578
1223,03,18,2008,1532
1224,06,07,2016,1449
1225,01,13,2016,1257
1226,06,14,2009,1230
1227,01,20,2009,1391
1228,11,26,2008,1446
1229,08,18,2014,1434
1230,09,05,2011,1220
1231,04,11,2011,1436
1232,04,07,2007,1280
1233,09,05,2012,1464
1234,04,11,2012,1380
1235,06,22,2010,1553
1236,02,04,2010,1402
1237,11,26,2009,757
1238,09,01,2016,1243
1239,07,29,2016,1289
1240,04,07,2008,1476
1241,12,06,2013,1468
1242,08,23,2006,1617
1243,06,18,2006,1208
1244,11,19,2016,1274
1245,03,22,2013,1328
1246,01,17,2013,1478
1247,03,18,2009,1575
1248,08,18,2015,1505
1249,07,01,2007,1329
1250,05,29,2007,1903
1251,12,13,2006,1480
1252,03,22,2014,1423
1253,01,17,2014,1487
1254,08,23,2007,1640
1255,06,18,2007,1667
1256,09,12,2006,1453
1257,07,01,2008,1609
1258,05,29,2008,1560
1259,12,13,2007,1318
1260,08,18,2016,1453
1261,04,07,2009,1518
1262,09,05,2013,1529
1263,04,11,2013,1479
1264,12,06,2014,1075
1265,06,22,2011,1553
1266,02,04,2011,1329
1267,03,26,2010,1560
1268,09,09,2010,1612
1269,04,15,2010,1486
1270,08,23,2008,1343
1271,06,18,2008,1598
1272,09,12,2007,1760
1273,06,22,2012,1441
1274,02,04,2012,1388
1275,09,05,2014,1527
1276,04,11,2014,1469
1277,01,22,2006,1189
1278,10,06,2006,1543
1279,12,06,2015,1148
1280,03,22,2015,1142
1281,01,17,2015,1157
1282,07,01,2009,1611
1283,05,29,2009,1573
1284,12,13,2008,1316
1285,03,26,2011,1191
1286,10,10,2010,1234
1287,09,09,2011,1377
1288,04,15,2011,1483
1289,09,05,2015,1380
1290,04,11,2015,1208
1291,03,26,2012,1366
1292,10,10,2011,1291
1293,10,06,2007,1464
1294,07,05,2006,1803
1295,02,11,2006,1284
1296,12,06,2016,1340
1297,01,22,2007,1428
1298,11,28,2006,1632
1299,08,23,2009,1315
1300,06,18,2009,1324
1301,09,12,2008,1547
1302,06,22,2013,1405
1303,02,04,2013,1193
1304,05,04,2010,1594
1305,12,13,2009,1084
1306,03,22,2016,1327
1307,01,17,2016,1180
1308,08,27,2006,1134
1309,09,05,2016,1232
1310,10,06,2008,1421
1311,04,11,2016,1417
1312,07,05,2007,1702
1313,02,11,2007,1137
1314,12,17,2006,1214
1315,06,22,2014,1261
1316,02,04,2014,1300
1317,10,10,2012,1511
1318,09,09,2012,1249
1319,04,15,2012,1256
1320,08,31,2010,1486
1321,06,26,2010,1455
1322,02,08,2010,1239
1323,09,12,2009,1358
1324,01,22,2008,1503
1325,11,28,2007,1481
1326,05,04,2011,1392
1327,12,21,2010,1356
1328,03,26,2013,1380
1329,10,10,2013,1496
1330,09,09,2013,1355
1331,04,15,2013,1324
1332,05,04,2012,1536
1333,12,21,2011,1464
1334,08,27,2007,1672
1335,09,16,2006,1385
1336,07,05,2008,1365
1337,02,11,2008,1199
1338,12,17,2007,1398
1339,03,26,2014,1387
1340,08,31,2011,1479
1341,06,26,2011,1286
1342,02,08,2011,1377
1343,09,20,2010,1433
1344,06,22,2015,1471
1345,02,04,2015,1270
1346,04,22,2006,1157
1347,01,22,2009,1485
1348,11,28,2008,1368
1349,10,06,2009,1673
1350,05,04,2013,1256
1351,12,21,2012,1310
1352,09,20,2011,1470
1353,10,14,2010,1574
1354,04,22,2007,1291
1355,04,19,2010,1452
1356,01,30,2010,1150
1357,11,28,2009,1251
1358,03,26,2015,1286
1359,10,10,2014,1375
1360,09,09,2014,1430
1361,04,15,2014,1248
1362,08,31,2012,1438
1363,06,26,2012,1427
1364,02,08,2012,1471
1365,08,27,2008,1574
1366,09,16,2007,1351
1367,01,26,2006,1507
1368,07,05,2009,1300
1369,02,11,2009,1595
1370,12,17,2008,1454
1371,06,22,2016,1513
1372,02,04,2016,1425
1373,01,26,2007,1229
1374,05,04,2014,1226
1375,12,21,2013,1376
1376,04,22,2008,1555
1377,07,09,2006,1297
1378,02,15,2006,1550
1379,08,27,2009,1674
1380,09,16,2008,1633
1381,09,20,2012,1513
1382,10,14,2011,1376
1383,07,13,2010,1433
1384,05,08,2010,1352
1385,12,17,2009,1294
1386,10,10,2015,1225
1387,09,09,2015,1490
1388,04,15,2015,1582
1389,03,26,2016,1232
1390,04,19,2011,1339
1391,01,30,2011,1022
1392,11,03,2010,1558
1393,08,31,2013,1387
1394,06,26,2013,1561
1395,02,08,2013,1041
1396,08,02,2010,1449
1397,09,16,2009,1619
1398,07,13,2011,1569
1399,05,08,2011,1036
1400,12,25,2010,677
1401,04,15,2016,1473
1402,01,26,2008,1335
1403,04,19,2012,1538
1404,01,30,2012,1307
1405,11,03,2011,1509
1406,05,04,2015,1251
1407,12,21,2014,911
1408,08,31,2014,1187
1409,06,26,2014,1449
1410,02,08,2014,1230
1411,09,20,2013,1591
1412,10,14,2012,1214
1413,03,04,2006,1263
1414,10,10,2016,1202
1415,09,09,2016,1407
1416,07,09,2007,1505
1417,02,15,2007,1188
1418,04,22,2009,1557
1419,05,04,2016,1429
1420,10,14,2013,1280
1421,04,19,2013,1425
1422,01,30,2013,1394
1423,11,03,2012,916
1424,03,04,2007,1250
1425,10,21,2006,1367
1426,01,26,2009,1304
1427,08,02,2011,1495
1428,09,24,2010,1657
1429,09,20,2014,1509
1430,07,09,2008,1586
1431,02,15,2008,1593
1432,07,13,2012,1536
1433,05,08,2012,1628
1434,12,25,2011,675
1435,12,21,2015,1370
1436,08,31,2015,1378
1437,06,26,2015,1466
1438,02,08,2015,1053
1439,04,26,2006,1546
1440,04,30,2010,1603
1441,10,14,2014,1585
1442,04,19,2014,1267
1443,01,30,2014,1296
1444,01,01,2010,1427
1445,07,09,2009,1556
1446,02,15,2009,1090
1447,08,02,2012,1550
1448,09,24,2011,1308
1449,08,31,2016,1458
1450,06,26,2016,1238
1451,02,08,2016,1161
1452,07,20,2006,1703
1453,12,21,2016,1416
1454,11,03,2013,1199
1455,07,13,2013,1256
1456,05,08,2013,1370
1457,12,25,2012,718
1458,09,20,2015,1376
1459,03,04,2008,1497
1460,10,21,2007,1450
1461,04,30,2011,1272
1462,10,18,2010,1424
1463,04,26,2007,1662
1464,11,10,2006,1586
1465,02,19,2006,1065
1466,09,20,2016,1428
1467,11,03,2014,1297
1468,07,13,2014,1300
1469,05,08,2014,1426
1470,12,25,2013,805
1471,01,01,2011,1376
1472,11,07,2010,1181
1473,08,02,2013,1456
1474,09,24,2012,1377
1475,10,14,2015,1489
1476,04,19,2015,1216
1477,01,30,2015,1159
1478,04,30,2012,1519
1479,10,18,2011,1519
1480,07,20,2007,1663
1481,04,26,2008,1301
1482,11,10,2007,1304
1483,07,17,2010,1389
1484,02,23,2010,1256
1485,03,04,2009,1378
1486,10,21,2008,1615
1487,04,26,2009,1270
1488,11,10,2008,1435
1489,02,19,2007,1137
1490,08,02,2014,1359
1491,07,20,2008,1301
1492,04,19,2016,1373
1493,01,30,2016,1282
1494,08,06,2010,1572
1495,03,12,2010,1345
1496,10,21,2009,1711
1497,01,01,2012,1312
1498,11,07,2011,1472
1499,11,03,2015,1323
1500,07,13,2015,1489
1501,05,08,2015,1312
1502,12,25,2014,700
1503,09,24,2013,1519
1504,04,30,2013,1458
1505,10,18,2012,1543
1506,07,17,2011,1320
1507,02,23,2011,1318
1508,12,29,2010,1083
1509,05,13,2006,1309
1510,03,08,2006,1583
1511,10,14,2016,1342
1512,07,20,2009,1552
1513,02,19,2008,1478
1514,09,24,2014,1466
1515,04,30,2014,1098
1516,07,17,2012,1504
1517,02,23,2012,1346
1518,12,29,2011,1330
1519,08,06,2011,1300
1520,03,12,2011,1419
1521,09,28,2010,1597
1522,06,02,2006,1452
1523,11,03,2016,1418
1524,07,13,2016,1446
1525,05,08,2016,1107
1526,10,18,2013,1432
1527,01,01,2013,1395
1528,11,07,2012,846
1529,05,13,2007,1141
1530,03,08,2007,1436
1531,10,25,2006,1593
1532,11,10,2009,1626
1533,12,25,2015,797
1534,08,02,2015,1313
1535,08,06,2012,1457
1536,03,12,2012,1422
1537,09,24,2015,1331
1538,04,30,2015,1474
1539,05,13,2008,1606
1540,03,08,2008,1249
1541,10,25,2007,1633
1542,09,28,2011,1521
1543,01,05,2010,1451
1544,07,24,2006,1642
1545,12,25,2016,764
1546,06,02,2007,1393
1547,11,14,2006,1646
1548,07,17,2013,1512
1549,02,23,2013,1250
1550,12,29,2012,1222
1551,10,18,2014,1576
1552,01,01,2014,1501
1553,11,07,2013,1441
1554,02,19,2009,1404
1555,08,02,2016,1360
1556,07,24,2007,1732
1557,05,13,2009,1723
1558,03,08,2009,1167
1559,10,25,2008,1403
1560,02,27,2010,1178
1561,09,28,2012,1470
1562,01,05,2011,1462
1563,10,18,2015,1098
1564,01,01,2015,1040
1565,08,13,2006,1242
1566,09,24,2016,1264
1567,06,02,2008,1600
1568,11,14,2007,1588
1569,04,30,2016,1197
1570,11,07,2014,1409
1571,07,17,2014,1451
1572,02,23,2014,1240
1573,12,29,2013,1125
1574,08,06,2013,1457
1575,03,12,2013,1301
1576,02,27,2011,1188
1577,01,05,2012,1425
1578,08,13,2007,1597
1579,07,24,2008,1649
1580,08,06,2014,1505
1581,03,12,2014,1399
1582,05,17,2006,1639
1583,10,18,2016,1553
1584,06,02,2009,1557
1585,11,14,2008,1533
1586,11,07,2015,1314
1587,07,17,2015,1404
1588,02,23,2015,1155
1589,12,29,2014,1141
1590,01,01,2016,1351
1591,09,28,2013,1436
1592,05,21,2010,1640
1593,03,16,2010,1523
1594,10,25,2009,1281
1595,07,17,2016,1198
1596,02,23,2016,1171
1597,09,28,2014,1315
1598,12,29,2015,1221
1599,08,06,2015,1639
1600,03,12,2015,1403
1601,02,27,2012,1358
1602,07,24,2009,1448
1603,06,10,2010,1578
1604,11,14,2009,1230
1605,06,06,2006,1599
1606,01,12,2006,1660
1607,11,07,2016,1257
1608,05,21,2011,1366
1609,03,16,2011,1437
1610,01,05,2013,1267
1611,05,17,2007,1682
1612,12,01,2006,1491
1613,10,29,2006,1354
1614,08,13,2008,1621
1615,02,27,2013,1342
1616,06,10,2011,1477
1617,11,22,2010,1397
1618,09,28,2015,1376
1619,08,13,2009,1625
1620,01,05,2014,956
1621,05,21,2012,1307
1622,03,16,2012,1414
1623,08,06,2016,1238
1624,03,12,2016,1239
1625,07,28,2006,1598
1626,12,29,2016,1183
1627,06,06,2007,1737
1628,01,12,2007,1565
1629,11,18,2006,1293
1630,05,17,2008,1359
1631,12,01,2007,1282
1632,10,29,2007,1442
1633,01,09,2010,1250
1634,04,03,2010,1229
1635,05,17,2009,1151
1636,12,01,2008,1449
1637,10,29,2008,1471
1638,05,21,2013,1555
1639,03,16,2013,1248
1640,02,27,2014,1259
1641,06,10,2012,1272
1642,11,22,2011,1417
1643,06,06,2008,1649
1644,01,12,2008,1501
1645,11,18,2007,1281
1646,07,28,2007,1446
1647,01,09,2011,1048
1648,01,05,2015,1152
1649,08,17,2006,1599
1650,09,28,2016,1453
1651,01,09,2012,1336
1652,04,03,2011,1192
1653,06,10,2013,1219
1654,11,22,2012,754
1655,05,25,2010,1646
1656,12,01,2009,1480
1657,10,29,2009,1473
1658,08,17,2007,1494
1659,01,05,2016,1143
1660,06,06,2009,1239
1661,01,12,2009,1290
1662,11,18,2008,1494
1663,07,28,2008,1572
1664,05,21,2014,1603
1665,03,16,2014,1226
1666,02,27,2015,1254
1667,12,05,2006,1513
1668,06,14,2010,1458
1669,01,20,2010,1621
1670,11,18,2009,1552
1671,03,21,2006,1621
1672,01,16,2006,1197
1673,05,25,2011,1594
1674,10,04,2010,1302
1675,04,03,2012,1533
1676,08,17,2008,1363
1677,01,09,2013,1469
1678,07,28,2009,1641
1679,02,27,2016,1211
1680,06,10,2014,1451
1681,11,22,2013,1479
1682,05,21,2015,1438
1683,03,16,2015,1319
1684,08,17,2009,1555
1685,09,04,2006,1330
1686,04,10,2006,1532
1687,05,21,2016,1327
1688,03,16,2016,1378
1689,12,05,2007,1471
1690,03,21,2007,1522
1691,01,16,2007,1636
1692,11,22,2014,1286
1693,01,09,2014,1400
1694,04,03,2013,1382
1695,05,25,2012,1495
1696,10,04,2011,1402
1697,06,10,2015,1499
1698,03,18,2010,1612
1699,06,14,2011,1483
1700,01,20,2011,1447
1701,11,26,2010,1362
1702,05,25,2013,1251
1703,10,04,2012,1599
1704,09,04,2007,1741
1705,04,10,2007,1465
1706,04,07,2010,1536
1707,03,21,2008,1447
1708,01,16,2008,1593
1709,11,22,2015,1173
1710,01,09,2015,1074
1711,06,10,2016,1412
1712,03,18,2011,1496
1713,06,14,2012,1496
1714,01,20,2012,1465
1715,11,26,2011,1277
1716,04,03,2014,1408
1717,12,05,2008,1508
1718,06,21,2006,1841
1719,02,03,2006,1536
1720,11,22,2016,1291
1721,04,10,2008,1576
1722,10,04,2013,1598
1723,06,14,2013,1398
1724,01,20,2013,1115
1725,11,26,2012,1314
1726,04,07,2011,1569
1727,01,09,2016,1328
1728,03,18,2012,1329
1729,03,21,2009,1362
1730,01,16,2009,1316
1731,09,04,2008,1612
1732,05,25,2014,1177
1733,07,01,2010,1539
1734,05,29,2010,1376
1735,12,05,2009,1237
1736,04,03,2015,1340
1737,03,25,2006,1329
1738,05,25,2015,1181
1739,06,21,2007,1629
1740,02,03,2007,1226
1741,12,09,2006,1272
1742,04,03,2016,1069
1743,03,18,2013,1264
1744,05,29,2011,1122
1745,07,01,2011,1458
1746,12,13,2010,1316
1747,08,23,2010,1253
1748,06,18,2010,1577
1749,04,07,2012,1306
1750,10,04,2014,1278
1751,06,14,2014,1393
1752,01,20,2014,1300
1753,11,26,2013,1319
1754,09,04,2009,1503
1755,04,10,2009,1405
1756,08,23,2011,1597
1757,06,18,2011,1356
1758,05,25,2016,1440
1759,03,25,2007,1270
1760,09,08,2006,1573
1761,07,01,2012,1283
1762,05,29,2012,1635
1763,12,13,2011,1416
1764,04,14,2006,1412
1765,06,21,2008,1463
1766,02,03,2008,1267
1767,12,09,2007,1166
1768,09,12,2010,1216
1769,04,07,2013,1103
1770,10,04,2015,1229
1771,06,14,2015,1262
1772,01,20,2015,1349
1773,11,26,2014,1125
1774,03,18,2014,1401
1775,05,29,2013,1322
1776,07,01,2013,1346
1777,12,13,2012,1335
1778,08,23,2012,1584
1779,06,18,2012,1488
1780,11,26,2015,800
1781,03,18,2015,1460
1782,06,21,2009,1124
1783,02,03,2009,1205
1784,12,09,2008,1536
1785,09,12,2011,1343
1786,10,06,2010,1679
1787,06,14,2016,1481
1788,01,20,2016,1373
1789,03,25,2008,1622
1790,09,08,2007,1503
1791,04,07,2014,1166
1792,04,14,2007,1360
1793,05,03,2006,1607
1794,10,04,2016,1460
1795,01,22,2010,1606
1796,09,12,2012,1571
1797,10,06,2011,1445
1798,07,01,2014,1529
1799,05,29,2014,1650
1800,12,13,2013,1336
1801,07,05,2010,1286
1802,02,11,2010,1214
1803,12,09,2009,1368
1804,03,18,2016,1399
1805,08,23,2013,1516
1806,06,18,2013,1420
1807,05,03,2007,1618
1808,12,20,2006,1549
1809,04,07,2015,1354
1810,04,14,2008,1451
1811,08,30,2006,1547
1812,06,25,2006,1288
1813,02,07,2006,1582
1814,11,26,2016,1194
1815,01,22,2011,1184
1816,11,28,2010,1215
1817,03,25,2009,1594
1818,09,08,2008,1548
1819,04,14,2009,1324
1820,07,05,2011,1743
1821,02,11,2011,1463
1822,12,17,2010,1419
1823,08,30,2007,1604
1824,06,25,2007,1605
1825,02,07,2007,1491
1826,04,07,2016,1370
1827,07,01,2015,1464
1828,05,29,2015,1401
1829,12,13,2014,1205
1830,10,06,2012,1530
1831,01,22,2012,1010
1832,11,28,2011,1446
1833,03,29,2006,1532
1834,05,03,2008,1365
1835,12,20,2007,1505
1836,08,27,2010,1543
1837,09,08,2009,1594
1838,08,23,2014,1362
1839,06,18,2014,1569
1840,09,12,2013,1473
1841,03,29,2007,1532
1842,10,13,2006,1541
1843,07,01,2016,1361
1844,05,29,2016,1164
1845,07,05,2012,1693
1846,02,11,2012,1305
1847,12,17,2011,1270
1848,08,30,2008,1426
1849,06,25,2008,1672
1850,02,07,2008,1552
1851,10,06,2013,1335
1852,01,22,2013,1223
1853,11,28,2012,1439
1854,12,13,2015,1261
1855,08,23,2015,1307
1856,06,18,2015,1544
1857,04,18,2006,1519
1858,09,12,2014,1470
1859,08,27,2011,907
1860,09,16,2010,1426
1861,05,03,2009,1130
1862,12,20,2008,1166
1863,04,22,2010,1595
1864,07,12,2006,1555
1865,05,07,2006,1290
1866,12,13,2016,1322
1867,07,05,2013,1535
1868,02,11,2013,1137
1869,12,17,2012,1304
1870,10,06,2014,1452
1871,01,22,2014,1066
1872,11,28,2013,781
1873,04,18,2007,1675
1874,11,02,2006,1530
1875,01,26,2010,1537
1876,12,20,2009,801
1877,08,30,2009,1295
1878,06,25,2009,1559
1879,02,07,2009,1279
1880,08,23,2016,1456
1881,06,18,2016,1276
1882,09,16,2011,1415
1883,04,22,2011,1339
1884,08,27,2012,1361
1885,03,29,2008,1370
1886,10,13,2007,1404
1887,09,12,2015,1364
1888,01,26,2011,1161
1889,07,09,2010,1529
1890,02,15,2010,965
1891,07,05,2014,1449
1892,02,11,2014,1263
1893,12,17,2013,1220
1894,10,06,2015,1488
1895,01,22,2015,1383
1896,11,28,2014,1166
1897,09,16,2012,1188
1898,04,22,2012,1104
1899,08,27,2013,1515
1900,07,12,2007,1671
1901,05,07,2007,1592
1902,12,24,2006,981
1903,04,18,2008,1511
1904,11,02,2007,1494
1905,03,29,2009,1156
1906,10,13,2008,1320
1907,08,01,2006,1535
1908,06,29,2006,1598
1909,09,12,2016,1297
1910,01,26,2012,1485
1911,10,06,2016,1464
1912,01,22,2016,1350
1913,08,01,2007,1747
1914,06,29,2007,1503
1915,09,23,2006,1428
1916,07,12,2008,1337
1917,05,07,2008,1609
1918,12,24,2007,1164
1919,07,09,2011,1320
1920,02,15,2011,1439
1921,11,28,2015,1200
1922,07,05,2015,1315
1923,02,11,2015,1307
1924,12,17,2014,1377
1925,09,16,2013,1393
1926,04,22,2013,1344
1927,08,27,2014,1490
1928,03,04,2010,1556
1929,10,13,2009,1626
1930,04,18,2009,1348
1931,11,02,2008,1223
1932,09,16,2014,1465
1933,04,22,2014,1429
1934,10,17,2006,1439
1935,07,05,2016,1492
1936,02,11,2016,1229
1937,11,28,2016,1301
1938,04,26,2010,1234
1939,11,02,2009,1529
1940,07,09,2012,1479
1941,02,15,2012,1495
1942,03,04,2011,1442
1943,10,21,2010,1610
1944,01,26,2013,1215
1945,07,12,2009,1145
1946,05,07,2009,1472
1947,12,24,2008,936
1948,12,17,2015,1243
1949,08,27,2015,1407
1950,08,01,2008,1590
1951,06,29,2008,1251
1952,09,23,2007,1485
1953,08,27,2016,1259
1954,01,26,2014,1088
1955,10,17,2007,1688
1956,07,20,2010,1619
1957,12,24,2009,960
1958,07,09,2013,1616
1959,02,15,2013,1475
1960,08,01,2009,1367
1961,06,29,2009,1494
1962,09,23,2008,1577
1963,03,04,2012,1231
1964,10,21,2011,1541
1965,07,16,2006,1265
1966,02,22,2006,1500
1967,12,17,2016,1011
1968,11,06,2006,1617
1969,04,26,2011,1478
1970,11,10,2010,1593
1971,09,16,2015,1448
1972,04,22,2015,1489
1973,07,20,2011,1562
1974,04,22,2016,1418
1975,01,26,2015,855
1976,02,19,2010,1391
1977,09,23,2009,1622
1978,07,09,2014,1560
1979,02,15,2014,1157
1980,03,04,2013,1175
1981,10,21,2012,1209
1982,11,06,2007,1423
1983,08,05,2006,1406
1984,03,11,2006,1399
1985,09,16,2016,1397
1986,07,16,2007,1578
1987,02,22,2007,1415
1988,12,28,2006,1446
1989,04,26,2012,1361
1990,11,10,2011,1541
1991,10,17,2008,1560
1992,07,20,2012,1411
1993,11,06,2008,1495
1994,08,05,2007,1328
1995,03,11,2007,1178
1996,09,27,2006,1718
1997,01,26,2016,1138
1998,05,13,2010,1550
1999,03,08,2010,1390
2000,10,17,2009,1364
2001,07,16,2008,1632
2002,02,22,2008,1121
2003,12,28,2007,1423
2004,02,19,2011,1304
2005,10,21,2013,1445
2006,04,26,2013,1394
2007,11,10,2012,1258
2008,07,09,2015,1473
2009,02,15,2015,965
2010,03,04,2014,1278
2011,10,21,2014,1498
2012,04,26,2014,1374
2013,11,10,2013,1242
2014,02,19,2012,1113
2015,07,16,2009,1514
2016,02,22,2009,1098
2017,12,28,2008,1216
2018,03,04,2015,1265
2019,07,09,2016,1176
2020,02,15,2016,966
2021,05,13,2011,1591
2022,03,08,2011,1488
2023,10,25,2010,1479
2024,07,20,2013,1409
2025,06,02,2010,1648
2026,11,06,2009,1416
2027,01,04,2006,1634
2028,08,05,2008,1631
2029,03,11,2008,1571
2030,09,27,2007,1764
2031,07,24,2010,1362
2032,12,28,2009,1332
2033,06,02,2011,1513
2034,11,14,2010,1170
2035,08,05,2009,1655
2036,03,11,2009,1676
2037,09,27,2008,1400
2038,01,04,2007,1712
2039,03,04,2016,1252
2040,02,19,2013,1227
2041,11,10,2014,1439
2042,07,20,2014,1340
2043,10,21,2015,1493
2044,04,26,2015,1210
2045,05,13,2012,1156
2046,03,08,2012,1558
2047,10,25,2011,1474
2048,02,26,2006,1045
2049,02,26,2007,1347
2050,04,26,2016,1350
2051,08,13,2010,1499
2052,09,27,2009,1179
2053,05,13,2013,1377
2054,03,08,2013,1197
2055,10,25,2012,1476
2056,07,24,2011,1275
2057,01,04,2008,1467
2058,06,02,2012,1326
2059,11,14,2011,1382
2060,08,09,2006,1766
2061,05,20,2006,1342
2062,03,15,2006,1660
2063,10,21,2016,1498
2064,11,10,2015,1289
2065,07,20,2015,1444
2066,02,19,2014,1226
2067,05,13,2014,1552
2068,03,08,2014,1414
2069,10,25,2013,1428
2070,06,02,2013,1230
2071,11,14,2012,1394
2072,08,09,2007,1674
2073,05,20,2007,1297
2074,03,15,2007,1568
2075,08,13,2011,1394
2076,05,17,2010,1455
2077,01,04,2009,1101
2078,07,20,2016,1481
2079,11,10,2016,1171
2080,07,24,2012,1544
2081,02,26,2008,1429
2082,02,19,2015,1127
2083,06,06,2010,1238
2084,01,12,2010,1447
2085,10,25,2014,1479
2086,06,02,2014,1486
2087,11,14,2013,1519
2088,05,13,2015,1600
2089,03,08,2015,1032
2090,02,26,2009,1552
2091,08,09,2008,1433
2092,11,21,2006,1557
2093,07,31,2006,1613
2094,01,08,2006,1282
2095,05,20,2008,1437
2096,03,15,2008,1373
2097,05,17,2011,1372
2098,12,01,2010,1319
2099,10,29,2010,1649
2100,08,13,2012,1487
2101,07,24,2013,1596
2102,02,19,2016,1172
2103,07,28,2010,1517
2104,04,02,2006,1232
2105,10,25,2015,1178
2106,06,02,2015,1305
2107,11,14,2014,1284
2108,05,17,2012,1658
2109,12,01,2011,1524
2110,10,29,2011,1110
2111,07,31,2007,1783
2112,01,08,2007,1502
2113,07,24,2014,1526
2114,06,06,2011,1401
2115,01,12,2011,1044
2116,11,18,2010,1643
2117,08,13,2013,1490
2118,05,13,2016,1350
2119,03,08,2016,1452
2120,08,09,2009,1351
2121,05,20,2009,1629
2122,03,15,2009,1205
2123,11,21,2007,1480
2124,11,21,2008,1569
2125,08,17,2010,1524
2126,07,28,2011,1552
2127,06,02,2016,1512
2128,05,17,2013,1492
2129,12,01,2012,1243
2130,10,29,2012,423
2131,04,02,2007,1397
2132,06,06,2012,1553
2133,01,12,2012,1384
2134,11,18,2011,1455
2135,05,24,2006,1615
2136,10,25,2016,1314
2137,07,31,2008,1559
2138,01,08,2008,1699
2139,08,13,2014,1398
2140,11,14,2015,1182
2141,07,24,2015,1477
2142,07,28,2012,1426
2143,05,24,2007,1614
2144,10,03,2006,1718
2145,08,13,2015,1563
2146,11,21,2009,1410
2147,08,17,2011,1601
2148,04,02,2008,1641
2149,07,31,2009,1468
2150,01,08,2009,1483
2151,06,13,2006,1648
2152,11,14,2016,1275
2153,10,29,2013,1462
2154,06,06,2013,1390
2155,01,12,2013,1305
2156,11,18,2012,1142
2157,05,17,2014,1368
2158,12,01,2013,1192
2159,07,24,2016,1310
2160,10,29,2014,1464
2161,06,06,2014,1532
2162,01,12,2014,1258
2163,11,18,2013,1507
2164,05,24,2008,1304
2165,10,03,2007,1700
2166,04,02,2009,1485
2167,08,13,2016,1264
2168,06,13,2007,1692
2169,11,25,2006,1408
2170,03,21,2010,1232
2171,01,16,2010,1361
2172,12,05,2010,1061
2173,08,17,2012,1626
2174,07,28,2013,1280
2175,05,17,2015,1213
2176,12,01,2014,1349
2177,09,04,2010,1444
2178,04,10,2010,1283
2179,12,01,2015,1281
2180,10,29,2015,1412
2181,06,06,2015,1272
2182,01,12,2015,1133
2183,11,18,2014,1254
2184,05,24,2009,1165
2185,10,03,2008,1615
2186,03,21,2011,1265
2187,01,16,2011,1115
2188,07,28,2014,1418
2189,05,17,2016,1570
2190,04,06,2006,1590
2191,06,13,2008,1659
2192,11,25,2007,1280
2193,12,05,2011,1400
2194,08,17,2013,1329
2195,06,06,2016,1490
2196,01,12,2016,1301
2197,06,13,2009,1390
2198,11,25,2008,1504
2199,08,17,2014,1373
2200,03,21,2012,1586
2201,01,16,2012,1073
2202,09,04,2011,1234
2203,04,10,2011,1200
2204,12,05,2012,1429
2205,11,18,2015,1398
2206,07,28,2015,1437
2207,05,28,2006,1212
2208,12,01,2016,1426
2209,10,29,2016,1282
2210,10,03,2009,1393
2211,04,06,2007,1329
2212,09,04,2012,1481
2213,04,10,2012,1370
2214,05,28,2007,1255
2215,12,12,2006,1686
2216,08,22,2006,1615
2217,04,06,2008,1293
2218,06,17,2006,1376
2219,11,18,2016,1381
2220,12,05,2013,1511
2221,08,17,2015,1468
2222,03,21,2013,1307
2223,01,16,2013,1297
2224,07,28,2016,1421
2225,06,21,2010,1508
2226,02,03,2010,1423
2227,11,25,2009,1429
2228,08,22,2007,1580
2229,06,17,2007,1188
2230,09,11,2006,1627
2231,06,21,2011,1590
2232,02,03,2011,1358
2233,12,09,2010,1295
2234,12,05,2014,1194
2235,04,06,2009,1334
2236,03,21,2014,1440
2237,01,16,2014,1491
2238,09,04,2013,1467
2239,04,10,2013,1498
2240,08,17,2016,1576
2241,03,25,2010,1627
2242,05,28,2008,1685
2243,12,12,2007,1590
2244,09,04,2014,1521
2245,04,10,2014,1383
2246,03,25,2011,1484
2247,12,05,2015,1283
2248,03,21,2015,1185
2249,01,16,2015,1282
2250,06,21,2012,1459
2251,02,03,2012,1423
2252,12,09,2011,1494
2253,01,21,2006,1428
2254,05,28,2009,1447
2255,12,12,2008,1466
2256,08,22,2008,1622
2257,06,17,2008,1681
2258,09,11,2007,1525
2259,09,08,2010,1627
2260,04,14,2010,1542
2261,03,25,2012,1161
2262,06,21,2013,1490
2263,02,03,2013,975
2264,12,09,2012,1203
2265,07,04,2006,1295
2266,02,10,2006,1474
2267,12,05,2016,1308
2268,09,08,2011,1360
2269,04,14,2011,1609
2270,03,21,2016,1217
2271,01,16,2016,1305
2272,08,22,2009,1373
2273,06,17,2009,1526
2274,09,11,2008,1561
2275,01,21,2007,1130
2276,05,03,2010,1372
2277,12,12,2009,1302
2278,09,04,2015,1532
2279,04,10,2015,1225
2280,08,30,2010,1445
2281,06,25,2010,1562
2282,02,07,2010,1008
2283,09,11,2009,1242
2284,01,21,2008,1183
2285,09,08,2012,1388
2286,04,14,2012,1203
2287,09,04,2016,1174
2288,04,10,2016,1153
2289,06,21,2014,1411
2290,02,03,2014,1105
2291,12,09,2013,1324
2292,05,03,2011,1511
2293,12,20,2010,1245
2294,07,04,2007,1285
2295,02,10,2007,1258
2296,12,16,2006,1254
2297,08,26,2006,1375
2298,03,25,2013,1167
2299,05,03,2012,1530
2300,12,20,2011,1476
2301,04,21,2006,1488
2302,03,29,2010,1194
2303,03,25,2014,1358
2304,08,30,2011,1534
2305,06,25,2011,1443
2306,02,07,2011,1347
2307,09,08,2013,1313
2308,04,14,2013,1176
2309,06,21,2015,1210
2310,02,03,2015,993
2311,12,09,2014,1069
2312,01,21,2009,1451
2313,07,04,2008,1102
2314,02,10,2008,1169
2315,12,16,2007,1046
2316,08,26,2007,1342
2317,09,15,2006,1437
2318,05,03,2013,1423
2319,12,20,2012,1399
2320,04,21,2007,1380
2321,10,09,2006,1488
2322,03,29,2011,1318
2323,10,13,2010,1613
2324,04,18,2010,1156
2325,08,30,2012,1524
2326,06,25,2012,1386
2327,02,07,2012,1459
2328,01,25,2006,1619
2329,08,26,2008,1589
2330,09,15,2007,1474
2331,12,09,2015,1324
2332,03,25,2015,1304
2333,07,04,2009,1236
2334,02,10,2009,1467
2335,12,16,2008,1496
2336,09,08,2014,1389
2337,04,14,2014,1238
2338,06,21,2016,1598
2339,02,03,2016,1352
2340,07,12,2010,1466
2341,05,07,2010,1615
2342,12,16,2009,1478
2343,05,03,2014,1347
2344,12,20,2013,1428
2345,07,08,2006,1381
2346,02,14,2006,1311
2347,12,09,2016,1264
2348,04,21,2008,1403
2349,10,09,2007,1729
2350,08,26,2009,1661
2351,09,15,2008,1578
2352,03,25,2016,1269
2353,08,30,2013,1481
2354,06,25,2013,1482
2355,02,07,2013,1313
2356,01,25,2007,1489
2357,03,29,2012,1453
2358,10,13,2011,1423
2359,04,18,2011,1364
2360,11,02,2010,1261
2361,09,08,2015,1476
2362,04,14,2015,1387
2363,07,12,2011,1636
2364,05,07,2011,1235
2365,12,24,2010,981
2366,05,03,2015,1153
2367,12,20,2014,1146
2368,04,14,2016,1390
2369,03,29,2013,1298
2370,10,13,2012,1279
2371,08,30,2014,1349
2372,06,25,2014,1522
2373,02,07,2014,1389
2374,08,01,2010,1310
2375,06,29,2010,1579
2376,09,15,2009,1515
2377,04,21,2009,1508
2378,10,09,2008,1579
2379,04,18,2012,1553
2380,11,02,2011,1470
2381,03,03,2006,1427
2382,09,08,2016,1396
2383,07,08,2007,1291
2384,02,14,2007,978
2385,01,25,2008,1458
2386,01,25,2009,1038
2387,07,08,2008,1512
2388,02,14,2008,1352
2389,06,30,2006,1395
2390,04,25,2006,1579
2391,03,03,2007,1292
2392,10,20,2006,1567
2393,09,19,2006,1635
2394,08,01,2011,1459
2395,06,29,2011,1526
2396,09,23,2010,1628
2397,10,09,2009,1506
2398,07,12,2012,1615
2399,05,07,2012,1356
2400,12,24,2011,981
2401,12,20,2015,1090
2402,08,30,2015,1252
2403,06,25,2015,1534
2404,02,07,2015,1098
2405,03,29,2014,1154
2406,10,13,2013,1252
2407,04,18,2013,1457
2408,11,02,2012,963
2409,05,03,2016,1370
2410,09,23,2011,1364
2411,10,17,2010,1307
2412,07,08,2009,1577
2413,02,14,2009,1227
2414,01,29,2006,1197
2415,12,20,2016,1289
2416,08,30,2016,1444
2417,10,13,2014,1242
2418,04,18,2014,1384
2419,11,02,2013,1407
2420,06,25,2016,1265
2421,02,07,2016,1068
2422,03,29,2015,1103
2423,07,12,2013,1453
2424,05,07,2013,1579
2425,12,24,2012,973
2426,08,01,2012,1420
2427,06,29,2012,1505
2428,03,03,2008,1457
2429,10,20,2007,1521
2430,09,19,2007,1737
2431,06,30,2007,1382
2432,04,25,2007,1654
2433,11,02,2014,1101
2434,07,12,2014,1399
2435,05,07,2014,1538
2436,12,24,2013,1129
2437,09,23,2012,1305
2438,10,17,2011,1357
2439,03,03,2009,1203
2440,10,20,2008,1513
2441,09,19,2008,1606
2442,11,06,2010,1374
2443,03,29,2016,1365
2444,06,30,2008,1485
2445,04,25,2008,1406
2446,08,01,2013,1307
2447,06,29,2013,1382
2448,10,13,2015,1483
2449,04,18,2015,1355
2450,01,29,2007,1333
2451,12,31,2006,951
2452,02,18,2006,1235
2453,07,16,2010,1546
2454,02,22,2010,1285
2455,08,05,2010,1517
2456,03,11,2010,1515
2457,10,20,2009,1484
2458,09,19,2009,1392
2459,07,16,2011,1391
2460,02,22,2011,1335
2461,12,28,2010,826
2462,02,18,2007,1110
2463,09,30,2006,1443
2464,09,23,2013,1431
2465,10,17,2012,1532
2466,11,06,2011,1120
2467,05,12,2006,1524
2468,03,07,2006,1522
2469,10,13,2016,1397
2470,06,30,2009,1499
2471,04,25,2009,1250
2472,11,02,2015,1429
2473,07,12,2015,1297
2474,05,07,2015,1426
2475,12,24,2014,851
2476,01,29,2008,1485
2477,12,31,2007,1200
2478,08,01,2014,1482
2479,06,29,2014,1235
2480,04,18,2016,1442
2481,12,24,2015,1046
2482,08,01,2015,1341
2483,06,29,2015,1383
2484,07,12,2016,1332
2485,05,07,2016,1209
2486,02,18,2008,1193
2487,09,30,2007,1314
2488,10,17,2013,1579
2489,11,06,2012,970
2490,05,12,2007,1438
2491,03,07,2007,1411
2492,10,24,2006,1574
2493,08,05,2011,1474
2494,03,11,2011,1366
2495,09,27,2010,1438
2496,07,16,2012,1427
2497,02,22,2012,1448
2498,12,28,2011,1372
2499,01,29,2009,1404
2500,12,31,2008,1038
2501,06,01,2006,1656
2502,04,29,2006,1332
2503,11,02,2016,1506
2504,09,23,2014,1492
2505,10,17,2014,1615
2506,11,06,2013,1458
2507,07,16,2013,1477
2508,02,22,2013,1383
2509,12,28,2012,1314
2510,08,01,2016,1328
2511,06,29,2016,1527
2512,05,12,2008,1388
2513,03,07,2008,1467
2514,10,24,2007,1627
2515,06,01,2007,1580
2516,04,29,2007,1311
2517,11,13,2006,1540
2518,01,04,2010,1271
2519,12,31,2009,1094
2520,09,27,2011,1548
2521,02,18,2009,1333
2522,09,30,2008,1540
2523,09,23,2015,1489
2524,08,05,2012,1310
2525,03,11,2012,1097
2526,07,23,2006,1292
2527,12,24,2016,1008
2528,10,17,2015,1202
2529,11,06,2014,1349
2530,02,26,2010,788
2531,09,30,2009,1522
2532,07,23,2007,1412
2533,01,04,2011,1496
2534,07,16,2014,1547
2535,02,22,2014,1423
2536,12,28,2013,1294
2537,08,05,2013,1360
2538,03,11,2013,1273
2539,06,01,2008,1244
2540,04,29,2008,1460
2541,11,13,2007,1599
2542,05,12,2009,1672
2543,03,07,2009,1457
2544,10,24,2008,1609
2545,09,27,2012,1469
2546,08,12,2006,1433
2547,09,23,2016,1481
2548,11,06,2015,1412
2549,07,16,2015,1558
2550,02,22,2015,945
2551,12,28,2014,939
2552,05,16,2006,1566
2553,10,17,2016,1399
2554,08,12,2007,1347
2555,08,09,2010,1462
2556,05,20,2010,1625
2557,03,15,2010,1326
2558,10,24,2009,1262
2559,06,01,2009,1446
2560,04,29,2009,1650
2561,11,13,2008,1372
2562,01,04,2012,1276
2563,07,23,2008,1725
2564,09,27,2013,1519
2565,08,05,2014,1476
2566,03,11,2014,1400
2567,02,26,2011,1284
2568,09,27,2014,1414
2569,05,16,2007,1646
2570,10,28,2006,1288
2571,08,09,2011,1414
2572,05,20,2011,1559
2573,03,15,2011,1529
2574,06,05,2006,1598
2575,01,11,2006,1593
2576,11,06,2016,1098
2577,07,16,2016,1276
2578,02,22,2016,1347
2579,01,04,2013,1418
2580,02,26,2012,1131
2581,11,13,2009,1491
2582,12,28,2015,1267
2583,08,05,2015,1617
2584,03,11,2015,1329
2585,08,12,2008,1619
2586,07,23,2009,1438
2587,02,26,2013,1352
2588,01,04,2014,1021
2589,07,31,2010,1323
2590,01,08,2010,1444
2591,08,09,2012,1608
2592,05,20,2012,1321
2593,03,15,2012,1461
2594,05,16,2008,1418
2595,10,28,2007,1360
2596,07,27,2006,1595
2597,12,28,2016,1236
2598,09,27,2015,1189
2599,08,05,2016,1459
2600,03,11,2016,1442
2601,06,05,2007,1829
2602,01,11,2007,1574
2603,11,17,2006,1585
2604,11,21,2010,1177
2605,08,12,2009,1616
2606,07,31,2011,1257
2607,01,08,2011,1081
2608,01,04,2015,878
2609,04,02,2010,1358
2610,08,09,2013,1484
2611,05,20,2013,1385
2612,03,15,2013,1349
2613,02,26,2014,1250
2614,05,16,2009,1375
2615,10,28,2008,1292
2616,06,05,2008,1612
2617,01,11,2008,1572
2618,11,17,2007,1377
2619,08,16,2006,1733
2620,09,27,2016,1338
2621,07,27,2007,1618
2622,11,21,2011,1446
2623,08,16,2007,1624
2624,07,27,2008,1322
2625,05,24,2010,1510
2626,10,28,2009,1441
2627,07,31,2012,1540
2628,01,08,2012,1124
2629,04,02,2011,1395
2630,01,04,2016,1202
2631,11,21,2012,1341
2632,02,26,2015,1243
2633,06,05,2009,1321
2634,01,11,2009,1002
2635,11,17,2008,1423
2636,08,09,2014,1340
2637,05,20,2014,1476
2638,03,15,2014,1505
2639,11,21,2013,1453
2640,07,27,2009,1463
2641,08,16,2008,1426
2642,05,24,2011,1637
2643,10,03,2010,1246
2644,07,31,2013,1555
2645,01,08,2013,1425
2646,06,09,2006,1629
2647,03,20,2006,1531
2648,01,15,2006,1018
2649,12,04,2006,1461
2650,08,09,2015,1280
2651,05,20,2015,1515
2652,03,15,2015,1130
2653,02,26,2016,1311
2654,04,02,2012,1453
2655,06,13,2010,1227
2656,11,17,2009,1646
2657,09,03,2006,1211
2658,05,24,2012,1440
2659,10,03,2011,1292
2660,12,04,2007,1457
2661,11,21,2014,1299
2662,07,31,2014,1532
2663,01,08,2014,1297
2664,08,09,2016,1453
2665,05,20,2016,1444
2666,03,15,2016,1412
2667,06,09,2007,1314
2668,03,20,2007,1551
2669,01,15,2007,1372
2670,06,13,2011,1471
2671,11,25,2010,796
2672,04,02,2013,1228
2673,08,16,2009,1295
2674,04,02,2014,1440
2675,05,31,2006,1631
2676,06,09,2008,1420
2677,03,20,2008,1553
2678,01,15,2008,1603
2679,12,04,2008,1406
2680,10,03,2012,1553
2681,06,13,2012,1526
2682,11,25,2011,1420
2683,11,21,2015,1232
2684,07,31,2015,1418
2685,01,08,2015,1035
2686,04,06,2010,1475
2687,09,03,2007,1160
2688,05,24,2013,1433
2689,07,31,2016,1139
2690,01,08,2016,1414
2691,05,28,2010,1545
2692,12,04,2009,1484
2693,04,02,2015,1438
2694,06,09,2009,1482
2695,03,20,2009,1505
2696,01,15,2009,1284
2697,09,03,2008,1649
2698,05,31,2007,1622
2699,06,20,2006,1820
2700,02,02,2006,1604
2701,11,21,2016,1219
2702,04,06,2011,1496
2703,05,24,2014,1312
2704,10,03,2013,1610
2705,06,13,2013,1406
2706,11,25,2012,997
2707,03,24,2006,1507
2708,01,19,2006,1638
2709,06,20,2007,1697
2710,02,02,2007,1462
2711,12,08,2006,1377
2712,08,22,2010,1195
2713,06,17,2010,1591
2714,04,06,2012,1374
2715,05,24,2015,1191
2716,10,03,2014,1391
2717,06,13,2014,1421
2718,11,25,2013,1338
2719,05,31,2008,1283
2720,04,02,2016,1243
2721,05,28,2011,1342
2722,12,12,2010,999
2723,09,03,2009,1511
2724,09,11,2010,1395
2725,06,20,2008,1619
2726,02,02,2008,1403
2727,12,08,2007,1383
2728,05,31,2009,1210
2729,11,25,2014,1351
2730,09,07,2006,1623
2731,04,13,2006,1604
2732,08,22,2011,1458
2733,06,17,2011,1445
2734,03,24,2007,1299
2735,01,19,2007,1554
2736,05,28,2012,1090
2737,12,12,2011,1338
2738,10,03,2015,1124
2739,06,13,2015,1271
2740,04,06,2013,1238
2741,05,24,2016,1437
2742,09,11,2011,1142
2743,06,20,2009,1353
2744,02,02,2009,1397
2745,12,08,2008,1322
2746,03,24,2008,1399
2747,01,19,2008,1401
2748,09,07,2007,1622
2749,01,21,2010,1581
2750,04,13,2007,1500
2751,11,30,2006,1655
2752,06,13,2016,1457
2753,05,28,2013,1449
2754,12,12,2012,1411
2755,08,22,2012,1525
2756,06,17,2012,1162
2757,05,02,2006,1660
2758,10,03,2016,1249
2759,04,06,2014,1131
2760,11,25,2015,1258
2761,04,06,2015,1231
2762,01,21,2011,1420
2763,05,28,2014,1549
2764,12,12,2013,1290
2765,05,02,2007,1718
2766,08,22,2013,1417
2767,06,17,2013,1499
2768,09,11,2012,1456
2769,03,24,2009,1453
2770,01,19,2009,1018
2771,09,07,2008,1345
2772,07,04,2010,1149
2773,02,10,2010,740
2774,12,08,2009,1493
2775,06,24,2006,1292
2776,02,06,2006,1528
2777,11,25,2016,1270
2778,04,13,2008,1351
2779,11,30,2007,1484
2780,05,28,2015,1438
2781,12,12,2014,1276
2782,09,11,2013,1492
2783,04,06,2016,1354
2784,01,21,2012,1108
2785,08,22,2014,1312
2786,06,17,2014,1504
2787,04,13,2009,1324
2788,11,30,2008,1085
2789,07,04,2011,1145
2790,02,10,2011,1470
2791,12,16,2010,1294
2792,08,26,2010,1484
2793,09,07,2009,1196
2794,03,28,2006,1563
2795,06,24,2007,1395
2796,02,06,2007,1328
2797,05,02,2008,1526
2798,05,02,2009,1428
2799,09,11,2014,1528
2800,09,15,2010,1579
2801,04,21,2010,1659
2802,11,30,2009,1377
2803,06,24,2008,1737
2804,02,06,2008,1642
2805,01,21,2013,1115
2806,04,17,2006,1499
2807,07,04,2012,1291
2808,02,10,2012,1528
2809,12,16,2011,1481
2810,08,26,2011,1351
2811,03,28,2007,1624
2812,10,12,2006,1722
2813,12,12,2015,1360
2814,08,22,2015,1424
2815,06,17,2015,1501
2816,05,28,2016,1239
2817,08,22,2016,1416
2818,06,17,2016,1396
2819,08,26,2012,1323
2820,03,28,2008,1526
2821,10,12,2007,1604
2822,07,11,2006,1643
2823,05,06,2006,1380
2824,12,12,2016,1231
2825,09,15,2011,1382
2826,04,21,2011,1453
2827,10,09,2010,1464
2828,01,21,2014,930
2829,07,04,2013,1200
2830,02,10,2013,969
2831,12,16,2012,1117
2832,06,24,2009,1520
2833,02,06,2009,1355
2834,09,11,2015,1435
2835,04,17,2007,1613
2836,11,01,2006,1889
2837,01,25,2010,1241
2838,08,26,2013,1427
2839,09,15,2012,1410
2840,01,25,2011,1362
2841,06,28,2006,1729
2842,09,11,2016,1245
2843,04,21,2012,1401
2844,10,09,2011,1209
2845,07,08,2010,1544
2846,02,14,2010,941
2847,07,04,2014,1304
2848,02,10,2014,1219
2849,12,16,2013,1310
2850,04,17,2008,1519
2851,11,01,2007,1700
2852,03,28,2009,1364
2853,10,12,2008,1222
2854,01,21,2015,1333
2855,07,11,2007,1640
2856,05,06,2007,1270
2857,12,23,2006,1286
2858,08,26,2014,1480
2859,07,04,2015,1208
2860,02,10,2015,1197
2861,12,16,2014,1315
2862,07,08,2011,1475
2863,02,14,2011,1208
2864,03,03,2010,1489
2865,10,12,2009,1242
2866,10,09,2012,1489
2867,01,25,2012,1506
2868,09,15,2013,1324
2869,04,21,2013,1196
2870,04,17,2009,1426
2871,11,01,2008,1452
2872,06,28,2007,1467
2873,09,22,2006,1577
2874,07,11,2008,1620
2875,05,06,2008,1676
2876,12,23,2007,1230
2877,01,21,2016,1362
2878,09,15,2014,1491
2879,04,21,2014,1277
2880,10,16,2006,1552
2881,06,28,2008,1370
2882,09,22,2007,1483
2883,07,08,2012,1245
2884,02,14,2012,1273
2885,06,30,2010,1600
2886,04,25,2010,1099
2887,11,01,2009,1405
2888,03,03,2011,1313
2889,10,20,2010,1639
2890,09,19,2010,1329
2891,07,11,2009,1348
2892,05,06,2009,1596
2893,12,23,2008,1335
2894,07,04,2016,1116
2895,02,10,2016,1376
2896,12,16,2015,1296
2897,08,26,2015,1562
2898,10,09,2013,1540
2899,01,25,2013,1259
2900,09,15,2015,1432
2901,04,21,2015,1486
2902,01,29,2010,1320
2903,12,23,2009,1249
2904,11,05,2006,1200
2905,08,26,2016,1392
2906,09,19,2011,1308
2907,06,30,2011,1556
2908,04,25,2011,1281
2909,10,16,2007,1711
2910,06,28,2009,1281
2911,09,22,2008,1549
2912,07,15,2006,1380
2913,02,21,2006,1504
2914,12,16,2016,1125
2915,03,03,2012,1278
2916,10,20,2011,1563
2917,07,08,2013,1410
2918,02,14,2013,1345
2919,10,09,2014,1498
2920,01,25,2014,1205
2921,07,15,2007,1271
2922,02,21,2007,1518
2923,12,27,2006,1481
2924,10,16,2008,1646
2925,04,21,2016,1473
2926,02,18,2010,1384
2927,09,22,2009,1634
2928,03,03,2013,1086
2929,10,20,2012,1483
2930,07,08,2014,1479
2931,02,14,2014,1057
2932,08,04,2006,1567
2933,03,10,2006,1587
2934,09,15,2016,1471
2935,09,19,2012,1518
2936,06,30,2012,1324
2937,04,25,2012,1631
2938,10,09,2015,1406
2939,01,25,2015,1081
2940,11,05,2007,1582
2941,01,29,2011,1220
2942,12,31,2010,1017
2943,11,05,2008,1451
2944,07,15,2008,1582
2945,02,21,2008,1450
2946,12,27,2007,1392
2947,02,18,2011,1533
2948,09,30,2010,1555
2949,01,29,2012,1159
2950,12,31,2011,1118
2951,10,09,2016,1116
2952,05,12,2010,1493
2953,03,07,2010,1209
2954,10,16,2009,1388
2955,07,08,2015,1484
2956,02,14,2015,1109
2957,01,25,2016,1067
2958,10,20,2013,1241
2959,09,19,2013,1525
2960,06,30,2013,1311
2961,04,25,2013,1488
2962,08,04,2007,1367
2963,03,10,2007,1377
2964,09,26,2006,1749
2965,03,03,2014,1188
2966,01,03,2006,1395
2967,01,29,2013,1360
2968,12,31,2012,1099
2969,08,04,2008,1555
2970,03,10,2008,1466
2971,09,26,2007,1653
2972,09,30,2011,1408
2973,05,12,2011,1651
2974,03,07,2011,1257
2975,10,24,2010,1278
2976,03,03,2015,1144
2977,07,08,2016,1214
2978,02,14,2016,815
2979,07,15,2009,1628
2980,02,21,2009,1318
2981,12,27,2008,1275
2982,06,01,2010,1575
2983,04,29,2010,1550
2984,11,05,2009,1538
2985,02,18,2012,1338
2986,10,20,2014,1457
2987,09,19,2014,1531
2988,06,30,2014,1393
2989,04,25,2014,1439
2990,07,23,2010,1463
2991,12,27,2009,1132
2992,01,29,2014,1279
2993,12,31,2013,1079
2994,10,20,2015,1412
2995,09,19,2015,1433
2996,06,30,2015,1412
2997,04,25,2015,1241
2998,01,03,2007,1667
2999,11,09,2006,1688
3000,02,18,2013,1102
3001,07,19,2006,1714
3002,02,25,2006,1230
3003,03,03,2016,1350
3004,06,01,2011,1616
3005,04,29,2011,1543
3006,11,13,2010,1457
3007,09,30,2012,1218
3008,05,12,2012,1395
3009,03,07,2012,1491
3010,10,24,2011,1359
3011,08,04,2009,1604
3012,03,10,2009,1521
3013,09,26,2008,1472
3014,01,29,2015,1159
3015,12,31,2014,875
3016,06,01,2012,1535
3017,04,29,2012,1270
3018,11,13,2011,1209
3019,06,30,2016,1440
3020,04,25,2016,1354
3021,07,19,2007,1520
3022,02,25,2007,1153
3023,08,12,2010,1506
3024,09,26,2009,1373
3025,09,30,2013,1554
3026,05,12,2013,1181
3027,03,07,2013,1236
3028,10,24,2012,1463
3029,08,08,2006,1762
3030,03,14,2006,1601
3031,10,20,2016,1477
3032,09,19,2016,1162
3033,02,18,2014,1271
3034,01,03,2008,1336
3035,11,09,2007,1535
3036,07,23,2011,1340
3037,10,24,2013,1402
3038,06,01,2013,1242
3039,04,29,2013,1339
3040,11,13,2012,1273
3041,05,16,2010,1199
3042,08,12,2011,1469
3043,09,30,2014,1484
3044,05,12,2014,1439
3045,03,07,2014,1390
3046,12,31,2015,1086
3047,02,18,2015,1232
3048,07,23,2012,1406
3049,01,29,2016,1261
3050,01,03,2009,1281
3051,11,09,2008,1257
3052,07,19,2008,1387
3053,02,25,2008,1361
3054,08,08,2007,1565
3055,03,14,2007,1680
3056,10,31,2006,1597
3057,02,18,2016,1251
3058,05,16,2011,1379
3059,10,28,2010,1636
3060,08,12,2012,1428
3061,10,24,2014,1511
3062,04,29,2014,1365
3063,06,01,2014,1212
3064,11,13,2013,1455
3065,06,05,2010,1418
3066,01,11,2010,1329
3067,11,09,2009,1411
3068,09,30,2015,1446
3069,05,12,2015,1464
3070,03,07,2015,1185
3071,07,23,2013,1473
3072,11,20,2006,1537
3073,08,08,2008,1504
3074,03,14,2008,1526
3075,10,31,2007,1530
3076,07,30,2006,1303
3077,01,07,2006,1316
3078,12,31,2016,1029
3079,07,19,2009,1356
3080,02,25,2009,1533
3081,08,08,2009,1422
3082,03,14,2009,1359
3083,10,31,2008,1473
3084,05,12,2016,1562
3085,03,07,2016,1255
3086,11,20,2007,1449
3087,07,30,2007,1632
3088,08,12,2013,1416
3089,07,27,2010,1526
3090,06,05,2011,1167
3091,01,11,2011,1376
3092,11,17,2010,1545
3093,10,24,2015,1216
3094,06,01,2015,1276
3095,04,29,2015,1419
3096,11,13,2014,1269
3097,07,23,2014,1513
3098,01,07,2007,1252
3099,05,16,2012,1612
3100,10,28,2011,1352
3101,04,01,2006,1359
3102,09,30,2016,1224
3103,04,01,2007,1158
3104,11,13,2015,1353
3105,07,23,2015,1696
3106,07,27,2011,1611
3107,05,16,2013,1532
3108,10,28,2012,1128
3109,07,30,2008,1699
3110,01,07,2008,1564
3111,06,05,2012,1559
3112,01,11,2012,1468
3113,11,17,2011,1440
3114,08,12,2014,1517
3115,05,23,2006,1739
3116,10,24,2016,1331
3117,11,20,2008,1525
3118,08,16,2010,1421
3119,10,31,2009,1363
3120,06,01,2016,1537
3121,04,29,2016,1356
3122,08,16,2011,1548
3123,05,23,2007,1717
3124,10,02,2006,1631
3125,05,16,2014,1438
3126,11,20,2009,1637
3127,07,30,2009,1580
3128,01,07,2009,1400
3129,07,27,2012,1494
3130,06,12,2006,1701
3131,11,13,2016,1183
3132,08,12,2015,1594
3133,07,23,2016,1349
3134,10,28,2013,1363
3135,06,05,2013,1561
3136,01,11,2013,1384
3137,11,17,2012,1182
3138,04,01,2008,1583
3139,02,29,2008,1378
3140,08,12,2016,1391
3141,06,09,2010,1386
3142,03,20,2010,1395
3143,01,15,2010,1661
3144,05,23,2008,1631
3145,10,02,2007,1683
3146,12,04,2010,1298
3147,06,12,2007,1659
3148,11,24,2006,1319
3149,10,28,2014,1574
3150,06,05,2014,1410
3151,01,11,2014,1251
3152,11,17,2013,1283
3153,05,16,2015,1268
3154,04,01,2009,1563
3155,08,16,2012,1558
3156,07,27,2013,1416
3157,12,04,2011,1135
3158,06,12,2008,1624
3159,11,24,2007,1256
3160,11,17,2014,1151
3161,07,27,2014,1427
3162,09,03,2010,1549
3163,05,16,2016,1418
3164,06,09,2011,1347
3165,03,20,2011,1176
3166,01,15,2011,1296
3167,05,23,2009,1400
3168,10,02,2008,1554
3169,04,05,2006,1614
3170,10,28,2015,1135
3171,06,05,2015,1448
3172,01,11,2015,1007
3173,08,16,2013,1541
3174,08,16,2014,1457
3175,06,05,2016,1170
3176,01,11,2016,1340
3177,06,12,2009,1518
3178,11,24,2008,1408
3179,05,27,2006,1336
3180,10,28,2016,1343
3181,06,09,2012,1370
3182,03,20,2012,1541
3183,01,15,2012,957
3184,11,17,2015,1407
3185,07,27,2015,1485
3186,09,03,2011,1363
3187,05,31,2010,1184
3188,10,02,2009,1539
3189,12,04,2012,1406
3190,04,05,2007,1365
3191,12,04,2013,1431
3192,06,09,2013,1305
3193,03,20,2013,1393
3194,01,15,2013,1379
3195,04,05,2008,1343
3196,05,27,2007,1173
3197,12,11,2006,1582
3198,08,16,2015,1341
3199,07,27,2016,1492
3200,09,03,2012,1326
3201,05,31,2011,1560
3202,08,21,2006,1677
3203,06,16,2006,1618
3204,11,17,2016,1398
3205,06,20,2010,1170
3206,02,02,2010,1453
3207,11,24,2009,1561
3208,05,31,2012,1516
3209,06,09,2014,1360
3210,03,20,2014,1488
3211,01,15,2014,1490
3212,12,04,2014,1202
3213,04,05,2009,1163
3214,08,16,2016,1503
3215,08,21,2007,1377
3216,06,16,2007,1320
3217,03,24,2010,1555
3218,01,19,2010,1568
3219,09,10,2006,1299
3220,09,03,2013,1581
3221,05,27,2008,1778
3222,12,11,2007,1585
3223,06,20,2011,1447
3224,02,02,2011,1174
3225,12,08,2010,1416
3226,03,24,2011,1479
3227,01,19,2011,1524
3228,09,07,2010,1529
3229,08,21,2008,1592
3230,06,16,2008,1604
3231,09,10,2007,1616
3232,04,09,2006,1238
3233,05,31,2013,1335
3234,05,27,2009,1533
3235,12,11,2008,1362
3236,12,04,2015,1392
3237,06,09,2015,1433
3238,03,20,2015,1154
3239,01,15,2015,1331
3240,06,20,2012,1500
3241,02,02,2012,1535
3242,12,08,2011,1361
3243,04,13,2010,1522
3244,09,03,2014,1612
3245,06,09,2016,1477
3246,03,20,2016,1065
3247,01,15,2016,1417
3248,03,24,2012,1355
3249,01,19,2012,1347
3250,08,21,2009,1467
3251,06,16,2009,1620
3252,09,10,2008,1639
3253,09,07,2011,1249
3254,04,13,2011,1433
3255,11,30,2010,1435
3256,05,31,2014,1358
3257,09,03,2015,1444
3258,06,20,2013,1436
3259,02,02,2013,1272
3260,12,08,2012,1253
3261,04,09,2007,1329
3262,05,02,2010,1283
3263,12,11,2009,1323
3264,07,03,2006,1430
3265,12,04,2016,1078
3266,08,25,2006,1507
3267,03,31,2006,1460
3268,09,03,2016,1261
3269,09,07,2012,1486
3270,04,13,2012,1434
3271,11,30,2011,1482
3272,05,02,2011,1362
3273,06,24,2010,1522
3274,02,06,2010,1251
3275,09,10,2009,1456
3276,05,31,2015,1196
3277,06,20,2014,1513
3278,02,02,2014,1237
3279,12,08,2013,1139
3280,04,09,2008,1565
3281,03,24,2013,1122
3282,01,19,2013,1262
3283,07,03,2007,1565
3284,12,15,2006,1550
3285,08,25,2007,1421
3286,03,31,2007,1299
3287,09,14,2006,1553
3288,05,31,2016,1590
3289,04,09,2009,1482
3290,04,20,2006,1583
3291,09,07,2013,1426
3292,04,13,2013,1278
3293,11,30,2012,1438
3294,03,24,2014,1290
3295,01,19,2014,1181
3296,05,02,2012,1556
3297,06,20,2015,1289
3298,02,02,2015,893
3299,12,08,2014,1163
3300,06,24,2011,1456
3301,02,06,2011,978
3302,07,03,2008,1490
3303,12,15,2007,1390
3304,03,28,2010,1140
3305,04,17,2010,1333
3306,12,08,2015,1345
3307,03,24,2015,1285
3308,01,19,2015,1118
3309,07,03,2009,1516
3310,12,15,2008,1374
3311,06,20,2016,1397
3312,02,02,2016,1446
3313,08,25,2008,1519
3314,03,31,2008,1378
3315,09,14,2007,1597
3316,03,28,2011,1327
3317,10,12,2010,1611
3318,01,24,2006,1632
3319,05,02,2013,1458
3320,09,07,2014,1330
3321,04,13,2014,1230
3322,11,30,2013,1176
3323,06,24,2012,1350
3324,02,06,2012,1345
3325,04,20,2007,1576
3326,10,08,2006,1290
3327,03,28,2012,1529
3328,10,12,2011,1443
3329,07,11,2010,1188
3330,05,06,2010,1639
3331,12,15,2009,1515
3332,01,24,2007,1612
3333,07,07,2006,1603
3334,02,13,2006,1093
3335,12,08,2016,1403
3336,08,25,2009,1630
3337,03,31,2009,1592
3338,09,14,2008,1349
3339,06,24,2013,1411
3340,02,06,2013,1428
3341,04,20,2008,1160
3342,10,08,2007,1365
3343,03,24,2016,1343
3344,01,19,2016,1244
3345,05,02,2014,1526
3346,09,07,2015,1182
3347,04,13,2015,1333
3348,11,30,2014,1134
3349,04,17,2011,1119
3350,11,01,2010,1415
3351,04,20,2009,1206
3352,10,08,2008,1551
3353,07,07,2007,1357
3354,02,13,2007,1478
3355,12,19,2006,1519
3356,08,29,2006,1430
3357,03,02,2006,1333
3358,09,07,2016,1378
3359,06,24,2014,1471
3360,02,06,2014,1259
3361,10,12,2012,1503
3362,04,17,2012,1592
3363,11,01,2011,1540
3364,03,28,2013,1366
3365,11,30,2015,1284
3366,05,02,2015,1181
3367,01,24,2008,1498
3368,06,28,2010,1541
3369,09,14,2009,1395
3370,07,11,2011,1422
3371,05,06,2011,1517
3372,12,23,2010,1291
3373,04,13,2016,1480
3374,06,28,2011,1640
3375,09,22,2010,1517
3376,07,07,2008,1402
3377,02,13,2008,1266
3378,12,19,2007,1461
3379,07,11,2012,1559
3380,05,06,2012,1253
3381,12,23,2011,1332
3382,05,02,2016,1252
3383,10,08,2009,1615
3384,04,24,2006,1494
3385,11,30,2016,1304
3386,10,12,2013,1467
3387,04,17,2013,1472
3388,11,01,2012,994
3389,06,24,2015,1437
3390,02,06,2015,1198
3391,03,28,2014,1435
3392,01,24,2009,1329
3393,08,29,2007,1613
3394,03,02,2007,1420
3395,09,18,2006,1550
3396,10,12,2014,1262
3397,04,17,2014,1323
3398,06,28,2012,1481
3399,09,22,2011,1546
3400,06,24,2016,1400
3401,02,06,2016,1214
3402,04,24,2007,1672
3403,01,28,2006,1299
3404,07,07,2009,1516
3405,02,13,2009,1493
3406,12,19,2008,1118
3407,08,29,2008,1543
3408,10,16,2010,1388
3409,03,02,2008,1191
3410,09,18,2007,1594
3411,11,01,2013,1581
3412,07,11,2013,1559
3413,05,06,2013,1325
3414,12,23,2012,1181
3415,03,28,2015,1171
3416,07,15,2010,1578
3417,02,21,2010,1179
3418,12,19,2009,1079
3419,06,28,2013,1473
3420,08,29,2009,1311
3421,03,02,2009,863
3422,09,18,2008,1619
3423,03,28,2016,1233
3424,11,05,2010,1531
3425,09,22,2012,1475
3426,10,16,2011,1191
3427,10,12,2015,1299
3428,04,17,2015,1444
3429,04,24,2008,1498
3430,01,28,2007,1290
3431,12,30,2006,1151
3432,11,01,2014,1207
3433,07,11,2014,1421
3434,05,06,2014,1568
3435,12,23,2013,1280
3436,02,17,2006,1609
3437,04,17,2016,1183
3438,06,28,2014,1339
3439,11,05,2011,1374
3440,07,15,2011,1562
3441,02,21,2011,1090
3442,12,27,2010,334
3443,11,01,2015,1375
3444,07,11,2015,1283
3445,05,06,2015,1462
3446,12,23,2014,1140
3447,09,22,2013,1294
3448,10,16,2012,1484
3449,01,28,2008,1391
3450,12,30,2007,1199
3451,05,11,2006,1648
3452,03,06,2006,1535
3453,10,12,2016,1433
3454,02,17,2007,1163
3455,04,24,2009,1579
3456,08,04,2010,1455
3457,03,10,2010,1591
3458,09,18,2009,1588
3459,08,04,2011,1478
3460,03,10,2011,1313
3461,09,26,2010,1344
3462,04,28,2006,1645
3463,11,01,2016,1533
3464,10,16,2013,1410
3465,11,05,2012,1083
3466,05,11,2007,1516
3467,03,06,2007,1297
3468,10,23,2006,1601
3469,07,11,2016,1325
3470,05,06,2016,1400
3471,01,28,2009,1182
3472,12,30,2008,1367
3473,09,22,2014,1465
3474,02,17,2008,1114
3475,07,15,2012,1323
3476,02,21,2012,1298
3477,12,27,2011,1294
3478,12,23,2015,1210
3479,06,28,2015,1089
3480,06,28,2016,1415
3481,07,22,2006,1371
3482,12,23,2016,1264
3483,04,28,2007,1395
3484,11,12,2006,1251
3485,02,17,2009,1351
3486,09,26,2011,1559
3487,09,22,2015,1527
3488,08,04,2012,1384
3489,03,10,2012,1215
3490,11,05,2013,1314
3491,07,15,2013,1401
3492,02,21,2013,1403
3493,12,27,2012,1200
3494,01,03,2010,994
3495,12,30,2009,1466
3496,05,11,2008,1140
3497,03,06,2008,1568
3498,10,23,2007,1854
3499,10,16,2014,1519
3500,01,03,2011,1214
3501,11,09,2010,1463
3502,05,11,2009,1445
3503,03,06,2009,1528
3504,10,23,2008,1489
3505,10,16,2015,1522
3506,11,05,2014,1489
3507,07,15,2014,1333
3508,02,21,2014,1366
3509,12,27,2013,1348
3510,04,28,2008,1244
3511,11,12,2007,1283
3512,07,19,2010,1458
3513,02,25,2010,1109
3514,08,04,2013,1299
3515,03,10,2013,1091
3516,09,26,2012,1523
3517,07,22,2007,1423
3518,08,11,2006,1611
3519,09,22,2016,1497
3520,01,03,2012,1318
3521,11,09,2011,1586
3522,05,15,2006,1524
3523,10,16,2016,1232
3524,08,11,2007,1396
3525,11,05,2015,1453
3526,07,15,2015,1565
3527,02,21,2015,1086
3528,12,27,2014,925
3529,08,04,2014,1478
3530,03,10,2014,1333
3531,09,26,2013,1514
3532,04,28,2009,1541
3533,11,12,2008,1473
3534,07,22,2008,1636
3535,08,08,2010,1323
3536,03,14,2010,996
3537,10,23,2009,1623
3538,07,19,2011,1549
3539,02,25,2011,1276
3540,09,26,2014,1388
3541,12,27,2015,1161
3542,08,04,2015,1476
3543,03,10,2015,1397
3544,07,19,2012,1558
3545,02,25,2012,1253
3546,07,15,2016,1372
3547,02,21,2016,1131
3548,06,04,2006,1323
3549,01,10,2006,1733
3550,11,05,2016,1300
3551,07,22,2009,1628
3552,08,11,2008,1501
3553,08,08,2011,1382
3554,03,14,2011,1381
3555,10,31,2010,1195
3556,01,03,2013,1369
3557,11,09,2012,1306
3558,11,12,2009,1421
3559,05,15,2007,1747
3560,10,27,2006,1523
3561,01,03,2014,836
3562,11,09,2013,1416
3563,07,30,2010,1562
3564,01,07,2010,1581
3565,09,26,2015,1320
3566,05,15,2008,1528
3567,10,27,2007,1285
3568,08,04,2016,1363
3569,03,10,2016,1461
3570,07,26,2006,1735
3571,12,27,2016,1347
3572,08,08,2012,1661
3573,03,14,2012,1562
3574,10,31,2011,1321
3575,06,04,2007,1421
3576,01,10,2007,1586
3577,11,16,2006,1552
3578,07,19,2013,1452
3579,02,25,2013,1262
3580,08,11,2009,1574
3581,11,20,2010,1425
3582,07,26,2007,1615
3583,08,15,2006,1670
3584,01,03,2015,931
3585,06,04,2008,1631
3586,01,10,2008,1699
3587,11,16,2007,1511
3588,04,01,2010,1455
3589,08,08,2013,1458
3590,03,14,2013,1390
3591,10,31,2012,1027
3592,11,09,2014,1241
3593,07,19,2014,1389
3594,02,25,2014,1385
3595,05,15,2009,1574
3596,10,27,2008,1539
3597,11,20,2011,1176
3598,09,26,2016,1295
3599,07,30,2011,1339
3600,01,07,2011,1299
3601,11,09,2015,1381
3602,07,19,2015,1212
3603,02,25,2015,1273
3604,07,30,2012,1517
3605,01,07,2012,1376
3606,05,19,2006,1440
3607,04,01,2011,1308
3608,08,08,2014,1518
3609,03,14,2014,1378
3610,10,31,2013,1513
3611,11,20,2012,1368
3612,05,23,2010,1274
3613,10,27,2009,1456
3614,07,26,2008,1439
3615,08,15,2007,1717
3616,01,03,2016,1068
3617,06,04,2009,1333
3618,01,10,2009,1136
3619,11,16,2008,1140
3620,06,12,2010,1317
3621,11,16,2009,1500
3622,04,01,2012,1093
3623,02,29,2012,1365
3624,08,15,2008,1559
3625,05,19,2007,1280
3626,12,03,2006,1271
3627,07,19,2016,1484
3628,02,25,2016,1301
3629,10,31,2014,1385
3630,11,20,2013,1407
3631,05,23,2011,1476
3632,10,02,2010,1508
3633,08,08,2015,1408
3634,03,14,2015,1215
3635,06,08,2006,1516
3636,01,14,2006,1306
3637,11,09,2016,1295
3638,07,30,2013,1496
3639,01,07,2013,1289
3640,07,26,2009,1224
3641,10,31,2015,1262
3642,11,20,2014,1360
3643,04,01,2013,1161
3644,07,30,2014,1573
3645,01,07,2014,1091
3646,05,19,2008,1463
3647,12,03,2007,1388
3648,10,02,2011,1139
3649,06,12,2011,1201
3650,11,24,2010,1440
3651,08,15,2009,1476
3652,05,23,2012,1638
3653,09,02,2006,1109
3654,06,08,2007,1542
3655,01,14,2007,1243
3656,08,08,2016,1491
3657,03,14,2016,1146
3658,05,23,2013,1442
3659,04,01,2014,1435
3660,09,02,2007,1281
3661,04,05,2010,1343
3662,05,19,2009,1510
3663,12,03,2008,1525
3664,11,20,2015,1434
3665,07,30,2015,1439
3666,01,07,2015,1027
3667,06,08,2008,1273
3668,01,14,2008,1482
3669,08,19,2006,1401
3670,05,30,2006,1785
3671,10,31,2016,1409
3672,10,02,2012,1419
3673,06,12,2012,1466
3674,11,24,2011,751
3675,04,01,2015,1406
3676,07,30,2016,1224
3677,01,07,2016,1393
3678,04,05,2011,1459
3679,05,27,2010,1512
3680,12,03,2009,1504
3681,05,23,2014,1432
3682,10,02,2013,1598
3683,08,19,2007,1291
3684,02,01,2006,1562
3685,11,20,2016,1023
3686,06,12,2013,1565
3687,11,24,2012,1205
3688,06,08,2009,1513
3689,01,14,2009,1475
3690,09,02,2008,1583
3691,05,30,2007,1698
3692,02,01,2007,1484
3693,12,07,2006,1528
3694,03,23,2006,1631
3695,01,18,2006,1522
3696,09,02,2009,1535
3697,10,02,2014,1516
3698,06,12,2014,1602
3699,11,24,2013,1058
3700,05,27,2011,1523
3701,12,11,2010,1325
3702,04,05,2012,1441
3703,08,19,2008,1689
3704,05,30,2008,1577
3705,05,23,2015,1246
3706,08,21,2010,1326
3707,06,16,2010,1568
3708,04,01,2016,1406
3709,02,29,2016,1260
3710,10,02,2015,1142
3711,06,12,2015,1467
3712,11,24,2014,1355
3713,08,19,2009,1635
3714,05,30,2009,1333
3715,08,21,2011,1289
3716,06,16,2011,1589
3717,09,10,2010,1484
3718,03,23,2007,1591
3719,01,18,2007,1578
3720,05,23,2016,1389
3721,04,05,2013,1375
3722,05,27,2012,1123
3723,12,11,2011,1055
3724,02,01,2008,1340
3725,12,07,2007,1507
3726,09,06,2006,1581
3727,04,12,2006,1719
3728,09,06,2007,1656
3729,04,12,2007,1330
3730,06,12,2016,1195
3731,04,05,2014,1342
3732,08,21,2012,1575
3733,06,16,2012,1343
3734,02,01,2009,1109
3735,12,07,2008,1082
3736,09,10,2011,1301
3737,05,01,2006,1637
3738,10,02,2016,1111
3739,03,23,2008,1088
3740,01,18,2008,1620
3741,05,27,2013,1189
3742,12,11,2012,1501
3743,11,24,2015,1321
3744,04,09,2010,1543
3745,05,27,2014,1540
3746,12,11,2013,1360
3747,04,05,2015,892
3748,04,09,2011,1365
3749,09,10,2012,1396
3750,07,03,2010,1265
3751,12,07,2009,1407
3752,03,23,2009,1337
3753,01,18,2009,1051
3754,09,06,2008,1217
3755,06,23,2006,1683
3756,02,05,2006,1139
3757,11,24,2016,759
3758,05,01,2007,1652
3759,04,12,2008,1441
3760,08,21,2013,1479
3761,06,16,2013,1197
3762,07,03,2011,1171
3763,12,15,2010,1243
3764,08,25,2010,1456
3765,03,31,2010,1394
3766,09,06,2009,1276
3767,04,05,2016,1212
3768,06,23,2007,1504
3769,02,05,2007,1234
3770,09,10,2013,1403
3771,05,27,2015,1498
3772,12,11,2014,1299
3773,03,27,2006,1628
3774,04,09,2012,1295
3775,04,12,2009,937
3776,08,21,2014,1513
3777,06,16,2014,1462
3778,05,01,2008,1538
3779,04,09,2013,1508
3780,03,27,2007,1596
3781,10,11,2006,1469
3782,07,03,2012,1547
3783,12,15,2011,1573
3784,09,14,2010,1435
3785,04,20,2010,1648
3786,09,10,2014,1510
3787,08,25,2011,1513
3788,03,31,2011,1387
3789,05,01,2009,1518
3790,05,27,2016,1395
3791,06,23,2008,1530
3792,02,05,2008,1507
3793,12,11,2015,1461
3794,08,21,2015,1547
3795,06,16,2015,1518
3796,04,16,2006,1116
3797,07,10,2006,1647
3798,05,05,2006,1639
3799,12,11,2016,1068
3800,08,21,2016,1269
3801,03,27,2008,1630
3802,10,11,2007,1588
3803,04,16,2007,1400
3804,09,14,2011,1540
3805,04,20,2011,1478
3806,10,08,2010,1489
3807,06,16,2016,1527
3808,01,24,2010,1180
3809,08,25,2012,1394
3810,03,31,2012,1225
3811,06,23,2009,1709
3812,02,05,2009,1285
3813,09,10,2015,1313
3814,07,03,2013,1465
3815,12,15,2012,1303
3816,04,09,2014,1449
3817,01,24,2011,1096
3818,07,03,2014,1484
3819,12,15,2013,1013
3820,04,09,2015,1284
3821,09,14,2012,1569
3822,04,20,2012,1565
3823,10,08,2011,1319
3824,04,16,2008,1570
3825,07,10,2007,1522
3826,05,05,2007,1369
3827,12,22,2006,1439
3828,03,27,2009,1540
3829,10,11,2008,1404
3830,08,25,2013,1296
3831,03,31,2013,964
3832,06,27,2006,1640
3833,02,09,2006,1495
3834,09,10,2016,1238
3835,07,07,2010,1518
3836,02,13,2010,1258
3837,08,25,2014,1372
3838,03,31,2014,1261
3839,07,03,2015,1431
3840,12,15,2014,1234
3841,08,29,2010,1344
3842,03,02,2010,1492
3843,10,11,2009,1220
3844,07,07,2011,1503
3845,02,13,2011,1146
3846,12,19,2010,1158
3847,04,16,2009,1340
3848,06,27,2007,1608
3849,02,09,2007,1406
3850,09,21,2006,1630
3851,09,14,2013,1341
3852,04,20,2013,1294
3853,10,08,2012,1226
3854,01,24,2012,1608
3855,07,10,2008,1499
3856,05,05,2008,1471
3857,12,22,2007,1283
3858,04,09,2016,1302
3859,07,07,2012,1314
3860,02,13,2012,1354
3861,12,19,2011,1192
3862,07,10,2009,1445
3863,05,05,2009,1501
3864,12,22,2008,1245
3865,07,03,2016,1232
3866,10,08,2013,1511
3867,01,24,2013,1207
3868,04,24,2010,1389
3869,12,15,2015,1457
3870,08,25,2015,1485
3871,03,31,2015,1257
3872,06,27,2008,1556
3873,02,09,2008,1387
3874,09,21,2007,1662
3875,01,31,2006,1417
3876,10,15,2006,1284
3877,08,29,2011,1328
3878,03,02,2011,1517
3879,09,18,2010,1438
3880,09,14,2014,1236
3881,04,20,2014,1008
3882,09,14,2015,1326
3883,04,20,2015,1221
3884,09,18,2011,1161
3885,04,24,2011,1050
3886,06,27,2009,1357
3887,02,09,2009,1331
3888,09,21,2008,1280
3889,01,28,2010,1353
3890,12,22,2009,1344
3891,01,31,2007,1419
3892,11,04,2006,1287
3893,10,08,2014,1508
3894,01,24,2014,1273
3895,10,15,2007,1501
3896,07,07,2013,1325
3897,02,13,2013,1432
3898,12,19,2012,1416
3899,08,25,2016,1456
3900,03,31,2016,1418
3901,08,29,2012,1544
3902,03,02,2012,1440
3903,07,14,2006,1585
3904,05,09,2006,1624
3905,02,20,2006,1259
3906,12,15,2016,1181
3907,07,07,2014,1426
3908,02,13,2014,898
3909,12,19,2013,1394
3910,08,29,2013,1459
3911,03,02,2013,1254
3912,10,15,2008,1736
3913,02,17,2010,1279
3914,09,21,2009,1502
3915,04,20,2016,1476
3916,08,03,2006,1587
3917,09,14,2016,1407
3918,01,31,2008,1518
3919,11,04,2007,1327
3920,01,28,2011,1207
3921,12,30,2010,1123
3922,10,08,2015,1429
3923,01,24,2015,1059
3924,09,18,2012,1328
3925,04,24,2012,1409
3926,07,14,2007,1378
3927,05,09,2007,1635
3928,02,20,2007,1572
3929,12,26,2006,1342
3930,07,07,2015,1531
3931,02,13,2015,1107
3932,12,19,2014,1267
3933,01,28,2012,1441
3934,12,30,2011,1394
3935,07,14,2008,1497
3936,05,09,2008,1360
3937,02,20,2008,1485
3938,12,26,2007,1412
3939,08,03,2007,1633
3940,01,24,2016,635
3941,02,17,2011,1570
3942,05,11,2010,1470
3943,03,06,2010,1398
3944,10,15,2009,1270
3945,08,29,2014,1481
3946,03,02,2014,1110
3947,09,18,2013,1501
3948,04,24,2013,1555
3949,01,31,2009,1243
3950,11,04,2008,1297
3951,09,25,2006,1759
3952,10,08,2016,1249
3953,10,19,2006,1656
3954,07,07,2016,1435
3955,02,13,2016,1050
3956,12,19,2015,1262
3957,08,29,2015,1349
3958,03,02,2015,1160
3959,02,17,2012,1526
3960,09,18,2014,1558
3961,04,24,2014,1415
3962,08,03,2008,1392
3963,09,25,2007,1753
3964,05,11,2011,1602
3965,03,06,2011,1005
3966,10,23,2010,1428
3967,07,14,2009,1566
3968,05,09,2009,1436
3969,02,20,2009,1398
3970,12,26,2008,1295
3971,01,28,2013,1174
3972,12,30,2012,1031
3973,01,02,2006,1326
3974,04,28,2010,1552
3975,11,04,2009,1497
3976,01,28,2014,1325
3977,12,30,2013,1308
3978,09,18,2015,1599
3979,04,24,2015,1359
3980,04,28,2011,1428
3981,11,12,2010,1546
3982,10,19,2007,1608
3983,08,29,2016,1416
3984,03,02,2016,1334
3985,07,22,2010,1622
3986,12,26,2009,938
3987,08,03,2009,1478
3988,09,25,2008,1484
3989,05,11,2012,1510
3990,03,06,2012,1487
3991,10,23,2011,1248
3992,01,02,2007,1630
3993,11,08,2006,1353
3994,07,18,2006,1639
3995,02,24,2006,1299
3996,12,19,2016,1273
3997,02,17,2013,1071
3998,08,07,2006,1632
3999,03,13,2006,1536
4000,09,18,2016,1225
4001,08,11,2010,1649
4002,09,25,2009,1565
4003,01,02,2008,1409
4004,11,08,2007,1565
4005,07,22,2011,1404
4006,07,18,2007,1447
4007,02,24,2007,1292
4008,05,11,2013,1357
4009,03,06,2013,1277
4010,10,23,2012,1491
4011,04,24,2016,1139
4012,01,28,2015,1153
4013,12,30,2014,1085
4014,04,28,2012,1309
4015,11,12,2011,1305
4016,10,19,2008,1218
4017,02,17,2014,1060
